instance,rows,cols,ints,status,objective,best_bound,gap,nodes,wall_s,ref_published,ref_highs,highs_status,abs_err,rel_err,max_violation,verdict,reason
p0033,16,33,33,optimal,3089,3089,0,894,0.018,3089,3088.999999999999,Optimal,9.094947017729282e-13,2.9443013977757476e-16,0.0,solved,
p0201,133,201,201,optimal,7615,7615,0,1411,1.458,7615,7614.999999997075,Optimal,2.9249349609017372e-09,3.8410176768258184e-13,0.0,solved,
p0282,241,282,282,optimal,258411,258411,0,4899,2.08,258411,258411.0,Optimal,0.0,0.0,0.0,solved,
p0548,176,548,548,time_limit,,8297.899317567571,,404451,300.248,8691,8691.0,Optimal,,,,limit,not solved within 300s (no incumbent)
egout,98,141,55,optimal,568.1007000000001,568.1002872180451,7.265999760115936e-07,68482,7.098,568.101,568.1007000000001,Optimal,0.0,0.0,7.105427357601002e-15,solved,
flugpl,18,18,11,optimal,1201500,1201500,0,7705,0.132,1201500,1201500.0,Optimal,0.0,0.0,0.0,solved,
lseu,28,89,89,optimal,1120,1120,0,30489,2.18,1120,1120.0000000000002,Optimal,2.2737367544323206e-13,2.0301221021717145e-16,0.0,solved,
mod008,6,319,319,optimal,307,306.99970733556927,9.533043346281365e-07,20005,1.969,307,306.99999999999767,Optimal,2.3305801732931286e-12,7.591466362518391e-15,0.0,solved,
stein27,118,27,27,optimal,18,17.999999999999996,1.9737298215558337e-16,9408,1.802,18,17.999999999999982,Optimal,1.7763568394002505e-14,9.86864910777918e-16,0.0,solved,
stein45,331,45,45,optimal,30,29.999999999999986,4.736951571734001e-16,101660,78.851,30,29.999999999999996,Optimal,3.552713678800501e-15,1.1842378929335005e-16,0.0,solved,
bell5,91,104,58,time_limit,,8954158.030424997,,867217,300.853,8966406.49,8966406.491520004,Optimal,,,,limit,not solved within 300s (no incumbent)
bell3a,123,133,71,optimal,878430.3159999999,878429.602577778,8.121557382932067e-07,60086,19.864,878430.32,878430.3159999981,Optimal,1.7462298274040222e-09,1.987897953426309e-15,0.0,solved,
misc03,96,160,159,optimal,3360,3359.9999999999995,1.3534147347811433e-16,1255,1.194,3360,3359.9999999999955,Optimal,4.547473508864641e-12,1.3534147347811451e-15,0.0,solved,
misc07,212,260,259,optimal,2810,2809.9999999999995,1.6183179746849258e-16,31939,111.567,2810,2809.999999999964,Optimal,3.5925040720030665e-11,1.2784712000011076e-14,0.0,solved,
enigma,21,100,100,optimal,0,0,0,12880,1.279,0.0,0.0,Optimal,0.0,0.0,0.0,solved,
gt2,29,188,188,optimal,21166,21166,0,12264,0.733,21166.0,21166.0,Optimal,0.0,0.0,0.0,solved,
khb05250,101,1350,24,optimal,106940226,106940226,0,2338,1.271,106940226,106940226.0,Optimal,0.0,0.0,0.0,solved,
vpm1,234,378,168,time_limit,20,18.72222222222222,0.06388888888888893,475160,300.516,20,20.0,Optimal,0.0,0.0,0.0,limit,not solved within 300s (incumbent)
vpm2,234,378,168,time_limit,14.25,12.825687185443282,0.09995177646012053,371852,300.492,13.75,13.75,Optimal,0.5,0.03636363636363636,2.220446049250313e-16,limit,not solved within 300s (incumbent)
dcmulti,290,548,75,optimal,188182,188181.9425101215,3.055014746257229e-07,3870,3.436,188182,188182.0,Optimal,0.0,0.0,0.0,solved,
rgn,24,180,100,optimal,82.19999923999998,82.19999913999997,1.2165451240706986e-09,4997,0.841,82.1999,82.19999923999991,Optimal,7.105427357601002e-14,8.644072291114305e-16,0.0,solved,
pk1,45,86,55,optimal,11,11,0,316069,132.931,11.0,10.999999999999973,Optimal,2.6645352591003757e-14,2.4223047810003473e-15,0.0,solved,
pp08a,136,240,64,time_limit,8100,5416.607142857142,0.33128306878306885,600000,300.826,7350.0,7350.000000000002,Optimal,749.9999999999982,0.10204081632653034,0.0,limit,not solved within 300s (incumbent)
noswot,182,128,100,time_limit,-41,-42.99999999999999,0.04878048780487788,507288,300.251,-43,-41.0,Optimal,0.0,0.0,0.0,limit,HiGHS -41.0 differs from published -43; not solved within 300s (incumbent)
fixnet6,478,878,378,time_limit,,2376.835999999999,,242685,300.392,3983,3982.999999999776,Optimal,,,,limit,not solved within 300s (no incumbent)
blend2,274,353,264,optimal,7.598985,7.598985,0,15427,8.536,7.598985,7.598985,Optimal,0.0,0.0,0.0,solved,
