case,in_denominator,verdict,passed,strict,engine_status,objective,reference_status,reference_objective,checker_objective,rel_objective_error,row_violation_rel,bound_violation,wall_s
25fv47,True,pass,True,True,optimal,5501.845888286754,Optimal,5501.845888286748,5501.845888286747,1.1571503531141233e-15,1.0444978215673473e-12,4.838509878028028e-14,0.327
80bau3b,True,pass,True,True,optimal,987224.1924090907,Optimal,987224.1924090902,987224.19240909,4.716874757408462e-16,1.8189894035458565e-12,0.0,0.317
adlittle,True,pass,True,True,optimal,225494.9631623803,Optimal,225494.9631623803,225494.96316238033,0.0,5.684341886080802e-14,0.0,0.004
afiro,True,pass,True,True,optimal,-464.75314285714285,Optimal,-464.75314285714285,-464.7531428571429,0.0,1.4210854715202004e-14,0.0,0.002
agg,True,pass,True,True,optimal,-35991767.286576495,Optimal,-35991767.28657651,-35991767.2865765,4.140158240966732e-16,1.1641532182693481e-10,0.0,0.01
agg2,True,pass,True,True,optimal,-20239252.35597711,Optimal,-20239252.35597711,-20239252.35597711,0.0,2.9103830456733704e-11,0.0,0.012
agg3,True,pass,True,True,optimal,10312115.93508922,Optimal,10312115.935089217,10312115.93508922,1.8062686270747807e-16,2.9103830456733704e-11,0.0,0.012
bandm,True,pass,True,True,optimal,-158.62801845012078,Optimal,-158.62801845012,-158.62801845012072,4.837645720590085e-15,3.6637359812630166e-13,9.39464979851439e-16,0.024
beaconfd,True,pass,True,True,optimal,33592.4858072,Optimal,33592.4858072,33592.4858072,0.0,2.1827872842550278e-11,0.0,0.006
blend,True,pass,True,True,optimal,-30.812149845828223,Optimal,-30.812149845828195,-30.81214984582823,9.224189020439987e-16,3.552713678800501e-15,0.0,0.004
bnl1,True,pass,True,True,optimal,1977.6295615228873,Optimal,1977.6295615228842,1977.6295615228867,1.6096196770814775e-15,1.7763568394002505e-13,0.0,0.068
bnl2,True,pass,True,True,optimal,1811.2365403585493,Optimal,1811.2365403585482,1811.2365403585452,6.276752659766396e-16,2.5579538487363607e-13,0.0,0.22
boeing1,True,pass,True,True,optimal,-335.21356750712687,Optimal,-335.2135675071266,-335.21356750712664,8.478687077544905e-16,1.7053025658242404e-13,2.842170943040401e-14,0.019
boeing2,True,pass,True,True,optimal,-315.0187280152028,Optimal,-315.01872801520284,-315.0187280152028,1.8044456981638483e-16,1.9984014443252818e-15,0.0,0.006
bore3d,True,pass,True,True,optimal,1373.0803942084929,Optimal,1373.0803942084926,1373.0803942084929,1.6559385481161197e-16,4.547473508864641e-13,0.0,0.006
brandy,True,pass,True,True,optimal,1518.509896488128,Optimal,1518.5098964881283,1518.509896488128,1.4973473401067798e-16,4.547473508864641e-13,0.0,0.009
capri,True,pass,True,True,optimal,2690.0129137681597,Optimal,2690.0129137681597,2690.0129137681597,0.0,6.039613253960852e-14,3.3306690738754696e-15,0.009
cycle,True,pass,True,True,optimal,-5.226393024894103,Optimal,-5.226393024894103,-5.226393024894103,0.0,2.842170943040401e-14,0.0,0.134
czprob,True,pass,True,True,optimal,2185196.698856577,Optimal,2185196.6988565777,2185196.6988565773,4.261962207350948e-16,1.8189894035458565e-12,0.0,0.087
d2q06c,True,pass,True,True,optimal,122784.21081418941,Optimal,122784.21081418931,122784.21081418946,8.296132371019509e-16,1.4836132322670892e-11,9.74458609042423e-14,1.91
d6cube,True,pass,True,True,optimal,315.4916666666665,Optimal,315.4916666666669,315.4916666666667,1.2612185172106684e-15,1.3399293087649427e-13,2.467915901784102e-13,0.125
degen2,True,pass,True,True,optimal,-1435.178,Optimal,-1435.1779999999999,-1435.1779999999999,1.5842890250772523e-16,3.3306690738754696e-16,2.7755575615628914e-16,0.032
degen3,True,pass,True,True,optimal,-987.2940000000002,Optimal,-987.2940000000007,-987.2940000000001,4.60599731069432e-16,3.552713678800501e-15,1.7763568394002505e-15,0.448
dfl001,True,pass,True,True,optimal,11266396.046671387,Optimal,11266396.046671394,11266396.046671396,6.613100201750025e-16,8.885114866075128e-13,3.2839730934597355e-11,21.356
e226,True,pass,True,True,optimal,-11.638929066370526,Optimal,-11.638929066370547,-11.638929066370547,1.831464213867764e-15,3.552713678800501e-15,4.972864251841355e-16,0.019
etamacro,True,pass,True,True,optimal,-755.7152333749132,Optimal,-755.715233300528,-755.7152333749134,9.843017707813576e-11,2.913225216616411e-13,5.329070518200751e-16,0.039
fffff800,True,pass,True,True,optimal,555679.5648174963,Optimal,555679.5648174963,555679.5648174963,0.0,1.3855583347321954e-13,0.0,0.046
finnis,True,pass,True,True,optimal,172791.0655956116,Optimal,172791.06559561158,172791.06559561158,1.6843365342075223e-16,4.796163466380676e-13,0.0,0.012
fit1d,True,pass,True,True,optimal,-9146.378092420928,Optimal,-9146.378092420928,-9146.378092420926,0.0,7.275957614183426e-12,0.0,0.011
fit1p,True,pass,True,True,optimal,9146.378092420935,Optimal,9146.378092420937,9146.378092420926,1.9887537833726177e-16,2.0301221021717147e-15,0.0,0.097
fit2d,True,pass,True,True,optimal,-68464.2932938321,Optimal,-68464.29329383207,-68464.29329383207,4.2509502481574083e-16,4.405364961712621e-13,0.0,0.151
fit2p,True,pass,True,True,optimal,68464.29329383216,Optimal,68464.2932938321,68464.29329383207,8.501900496314813e-16,1.9539925233402755e-14,0.0,3.447
forplan,True,pass,True,True,optimal,-664.218961272204,Optimal,-664.2189612722053,-664.218961272204,2.0539041072335612e-15,2.0463630789890885e-12,0.0,0.016
ganges,True,pass,True,True,optimal,-109585.73612927816,Optimal,-109585.73612927877,-109585.73612927817,5.577189707156737e-15,1.1652900866465643e-11,0.0,0.087
gfrd-pnc,True,pass,True,True,optimal,6902235.999548812,Optimal,6902235.999548813,6902235.999548809,1.3493056086119881e-16,3.637978807091713e-12,3.637978807091713e-12,0.021
greenbea,True,pass,True,False,optimal,-72555248.12984599,Optimal,-72555248.129846,-72555248.12984598,2.0537675189505665e-16,6.137793207017239e-08,1.3300799979745719e-13,1.311
greenbeb,True,pass,True,True,optimal,-4302260.261206586,Optimal,-4302260.261206587,-4302260.261206588,2.1647285800285016e-16,6.0254023992456496e-12,1.0591941402635034e-11,2.044
grow15,True,pass,True,True,optimal,-106870941.29357535,Optimal,-106870941.29357538,-106870941.29357535,2.788627294469886e-16,7.011067282292061e-10,0.0,0.109
grow22,True,pass,True,True,optimal,-160834336.48256296,Optimal,-160834336.48256284,-160834336.48256296,7.411930322708518e-16,7.358949005720206e-10,0.0,0.233
grow7,True,pass,True,True,optimal,-47787811.8147115,Optimal,-47787811.81471151,-47787811.8147115,1.5590964126610548e-16,4.239382178639062e-10,0.0,0.014
israel,True,pass,True,True,optimal,-896644.8218630459,Optimal,-896644.821863046,-896644.8218630457,1.2983437698892567e-16,1.4196773837816515e-12,0.0,0.012
kb2,True,pass,True,True,optimal,-1749.9001299062058,Optimal,-1749.9001299062056,-1749.9001299062058,1.2993522976389474e-16,9.094947017729282e-13,0.0,0.003
lotfi,True,pass,True,True,optimal,-25.264706061880002,Optimal,-25.264706061880002,-25.264706061880002,0.0,1.8189894035458565e-12,0.0,0.006
maros,True,pass,True,True,optimal,-58063.74370112589,Optimal,-58063.7437011259,-58063.74370112592,2.5061965179631845e-16,5.820766091346741e-11,6.80183182504896e-13,0.18
maros-r7,True,pass,True,True,optimal,1497185.1664796425,Optimal,1497185.1664796446,1497185.166479644,1.3996103085979354e-15,1.604724747163964e-13,0.0,5.732
modszk1,True,pass,True,True,optimal,320.619729063883,Optimal,320.6197290643459,320.61972906388297,1.443691444485826e-12,3.581135388230905e-11,3.637978807091713e-12,0.035
nesm,True,pass,True,True,optimal,14076036.487562723,Optimal,14076036.487562738,14076036.487562725,1.0586191082279433e-15,4.5989878572072485e-12,0.0,0.167
perold,True,pass,True,True,optimal,-9380.755278234587,Optimal,-9380.755278235167,-9380.755278234585,6.185617282623473e-14,7.329270523825926e-11,8.55750233617364e-11,0.139
pilot,True,pass,True,True,optimal,-557.4897292840712,Optimal,-557.489729285366,-557.4897292840712,2.3225170380649603e-12,2.4698576517323545e-12,0.0,2.433
pilot.ja,True,pass,True,True,optimal,-6113.136465581629,Optimal,-6113.136465581323,-6113.136465581629,4.9989104859062565e-14,2.3283064365386963e-10,2.1826451757078758e-10,56.825
pilot.we,True,pass,True,True,optimal,-2720107.532844961,Optimal,-2720107.5328449532,-2720107.532844961,2.9102679907481417e-15,8.683400665177032e-10,0.0,0.309
pilot4,True,pass,True,True,optimal,-2581.1392588841486,Optimal,-2581.1392588838917,-2581.1392588841486,9.954218950664137e-14,5.367326514765081e-11,0.0,0.064
pilot87,True,pass,True,True,optimal,301.7103473331112,Optimal,301.71034733307295,301.71034733311114,1.2679585314683133e-13,7.074785202121348e-11,0.0,10.424
pilotnov,True,pass,True,True,optimal,-4497.276188218869,Optimal,-4497.2761882188715,-4497.27618821887,6.066970297413266e-16,1.6007106751203537e-10,6.436369955527728e-12,0.163
recipe,True,pass,True,True,optimal,-266.61600000000027,Optimal,-266.616,-266.616,1.0660166468030429e-15,0.0,0.0,0.003
sc105,True,pass,True,True,optimal,-52.202061211707225,Optimal,-52.202061211707225,-52.202061211707225,0.0,1.1368683772161603e-13,0.0,0.004
sc205,True,pass,True,True,optimal,-52.20206121170722,Optimal,-52.20206121170721,-52.20206121170722,1.361139233331171e-16,2.2737367544323206e-13,0.0,0.006
sc50a,True,pass,True,True,optimal,-64.57507705856449,Optimal,-64.5750770585645,-64.57507705856449,2.2006717393947326e-16,2.842170943040401e-14,0.0,0.003
sc50b,True,pass,True,True,optimal,-69.99999999999999,Optimal,-70.0,-69.99999999999999,2.0301221021717148e-16,1.4210854715202004e-14,0.0,0.003
scagr25,True,pass,True,True,optimal,-14753433.060768528,Optimal,-14753433.060768535,-14753433.060768524,5.050065680465908e-16,3.410605131648481e-12,0.0,0.019
scagr7,True,pass,True,True,optimal,-2331389.824330984,Optimal,-2331389.824330983,-2331389.824330984,3.9947097859652507e-16,9.094947017729282e-13,0.0,0.005
scfxm1,True,pass,True,True,optimal,18416.759028348944,Optimal,18416.759028348944,18416.759028348944,0.0,1.8189894035458565e-12,9.849107228357825e-16,0.016
scfxm2,True,pass,True,True,optimal,36660.261564998815,Optimal,36660.26156499881,36660.261564998815,1.9846987728887641e-16,1.8189894035458565e-12,9.849107228357825e-16,0.046
scfxm3,True,pass,True,True,optimal,54901.25454975146,Optimal,54901.25454975144,54901.25454975145,3.9758422683710975e-16,2.7284841053187847e-12,9.849107228357825e-16,0.092
scorpion,True,pass,True,True,optimal,1878.1248227381068,Optimal,1878.1248227381075,1878.124822738107,3.631925940551895e-16,6.38378239159465e-16,0.0,0.009
scrs8,True,pass,True,True,optimal,904.2969538007922,Optimal,904.2969538007917,904.2969538007915,5.02873916554894e-16,1.4210854715202004e-14,1.1102230246251566e-17,0.023
scsd1,True,pass,True,True,optimal,8.666666674333365,Optimal,8.666666674333364,8.666666674333365,2.0496425051871364e-16,1.1102230246251565e-16,2.4825341550701767e-17,0.006
scsd6,True,pass,True,True,optimal,50.50000007714436,Optimal,50.500000078262296,50.50000007714435,2.2137416178276956e-11,1.3877787807814457e-16,1.3877787807814457e-17,0.015
scsd8,True,pass,True,True,optimal,904.9999999254646,Optimal,904.9999999254643,904.9999999254644,3.768624455170583e-16,1.7763568394002505e-15,0.0,0.089
sctap1,True,pass,True,True,optimal,1412.2499999999998,Optimal,1412.2500000000002,1412.25,3.220020186839894e-16,1.7763568394002505e-15,2.220446049250313e-15,0.012
sctap2,True,pass,True,True,optimal,1724.807142857143,Optimal,1724.807142857143,1724.8071428571427,0.0,1.1102230246251565e-16,0.0,0.033
sctap3,True,pass,True,True,optimal,1424,Optimal,1424.0,1424.0,0.0,8.881784197001252e-16,5.551115123125783e-16,0.058
seba,True,pass,True,True,optimal,15711.599999999999,Optimal,15711.599999999999,15711.599999999999,0.0,0.0,0.0,0.014
share1b,True,pass,True,True,optimal,-76589.31857918571,Optimal,-76589.31857918571,-76589.31857918568,0.0,1.698562519894565e-10,0.0,0.006
share2b,True,pass,True,True,optimal,-415.7322407414196,Optimal,-415.73224074141945,-415.7322407414196,4.101925226638649e-16,2.2737367544323206e-13,0.0,0.005
shell,True,pass,True,True,optimal,1208825346,Optimal,1208825346.0,1208825346.0,0.0,0.0,0.0,0.017
ship04l,True,pass,True,True,optimal,1793324.537970356,Optimal,1793324.5379703562,1793324.537970356,1.298318506907746e-16,9.805817973828602e-15,1.7763568394002505e-15,0.014
ship04s,True,pass,True,True,optimal,1798714.7004453917,Optimal,1798714.7004453915,1798714.7004453924,1.294427868945625e-16,2.930988785010413e-14,8.881784197001252e-16,0.01
ship08l,True,pass,True,True,optimal,1909055.2113891311,Optimal,1909055.2113891311,1909055.2113891316,0.0,8.014369574718879e-15,3.1086244689504383e-15,0.033
ship08s,True,pass,True,True,optimal,1920098.2105346196,Optimal,1920098.2105346168,1920098.2105346196,1.455117091676527e-15,1.2926948437005211e-14,2.6645352591003757e-15,0.017
ship12l,True,pass,True,True,optimal,1470187.9193292654,Optimal,1470187.9193292642,1470187.9193292647,7.918397389637533e-16,1.0741418826909781e-14,2.0816681711721685e-15,0.049
ship12s,True,pass,True,True,optimal,1489236.134406131,Optimal,1489236.1344061298,1489236.1344061287,7.817116381839495e-16,1.8628249007871104e-14,4.524158825347513e-15,0.022
sierra,True,pass,True,True,optimal,15394362.183631929,Optimal,15394362.18363193,15394362.18363193,1.2099527911662466e-16,2.2737367544323206e-13,2.2737367544323206e-13,0.033
stair,True,pass,True,True,optimal,-251.2669511929631,Optimal,-251.26695119296272,-251.2669511929631,1.4704768010318432e-15,4.156675004196586e-13,0.0,0.029
standata,True,pass,True,True,optimal,1257.6995,Optimal,1257.6995,1257.6995,0.0,2.6645352591003757e-14,0.0,0.006
standgub,True,pass,True,True,optimal,1257.6995,Optimal,1257.6995,1257.6995,0.0,2.6645352591003757e-14,0.0,0.006
standmps,True,pass,True,True,optimal,1406.0174999999997,Optimal,1406.0175,1406.0174999999997,1.617146838095771e-16,3.2462921240039577e-13,0.0,0.009
stocfor1,True,pass,True,True,optimal,-41131.97621943643,Optimal,-41131.9762194364,-41131.97621943643,7.075718973838425e-16,4.547473508864641e-13,0.0,0.004
stocfor2,True,pass,True,True,optimal,-39024.40853788211,Optimal,-39024.408537882104,-39024.40853788204,1.8644632646053936e-16,4.547473508864641e-13,1.3322676295501878e-15,0.199
tuff,True,pass,True,True,optimal,0.2921477650936128,Optimal,0.2921477650936128,0.2921477650936128,0.0,4.547473508864641e-13,0.0,0.012
vtp.base,True,pass,True,True,optimal,129831.46246136136,Optimal,129831.46246136137,129831.46246136136,1.1208311877945293e-16,2.2737367544323206e-12,4.263256414560601e-14,0.006
wood1p,True,pass,True,True,optimal,1.4429024115734088,Optimal,1.4429024115734148,1.4429024115734088,4.154961752706731e-15,9.086785143774812e-14,0.0,0.161
woodw,True,pass,True,True,optimal,1.30447633308423,Optimal,1.3044763330842297,1.3044763330842297,1.7021742694253537e-16,5.684341886080802e-14,1.4802973661668755e-18,0.612
