group,instance,rows,cols,engine_status,objective,highs_status,highs_objective,harness_verdict,chk_row_viol,chk_bound_viol,clarabel_status,clarabel_objective,rel_diff_vs_clarabel,clarabel_row_viol,final_class,s0_engine_status,s0_objective,note
mm_le5000,AUG3D,1000,3873,optimal,554.0677260772761,Optimal,554.0677257925397,pass,1.5118857277229836e-09,0.0,,,,,pass_vs_highs,optimal,554.0677260772761,
mm_le5000,AUG3DC,1000,3873,optimal,771.2624386889743,Optimal,771.2624386889654,pass,3.885780586188048e-15,0.0,,,,,pass_vs_highs,optimal,771.2624386889743,
mm_le5000,AUG3DCQP,1000,3873,optimal,993.3621479110739,Optimal,993.3621465250958,pass,1.1861622795095172e-12,0.0,,,,,pass_vs_highs,optimal,993.3621479110739,
mm_le5000,AUG3DQP,1000,3873,optimal,675.2376724991086,Optimal,675.237671274926,pass,8.881784197001252e-16,0.0,,,,,pass_vs_highs,optimal,675.2376724991086,
mm_le5000,CONT-050,2401,2597,optimal,-4.563850904303263,Optimal,-4.563850868314486,pass,8.804410022914032e-15,0.0,,,,,pass_vs_highs,optimal,-4.563850904303263,
mm_le5000,CVXQP1_M,500,1000,optimal,1087511.572065475,Optimal,1087511.567321501,pass,2.402199074578805e-10,0.0,,,,,pass_vs_highs,optimal,1087511.572065475,
mm_le5000,CVXQP1_S,50,100,optimal,11590.718134411449,Optimal,11590.718119426765,pass,3.855455637286858e-12,0.0,,,,,pass_vs_highs,optimal,11590.718134411449,
mm_le5000,CVXQP2_M,250,1000,optimal,820155.432173013,Optimal,820155.4310157005,pass,2.19859686012569e-11,0.0,,,,,pass_vs_highs,optimal,820155.432173013,
mm_le5000,CVXQP2_S,25,100,optimal,8120.940479792418,Optimal,8120.940477250686,pass,3.0947942621293936e-12,0.0,,,,,pass_vs_highs,optimal,8120.940479792418,
mm_le5000,CVXQP3_M,750,1000,optimal,1362828.7418265096,Optimal,1362828.741602146,pass,1.0340274668253966e-10,0.0,,,,,pass_vs_highs,optimal,1362828.7418265096,
mm_le5000,CVXQP3_S,75,100,optimal,11943.432269280167,Optimal,11943.432202309958,pass,3.853285944290162e-11,0.0,,,,,pass_vs_highs,optimal,11943.432269280167,
mm_le5000,DPKLO1,77,133,optimal,0.37009621711427015,Optimal,0.7125222100437303,FAIL,36.533826499999996,0.0,,,,,reader_artifact_on_reference_side,optimal,0.37009621711427015,HiGHS drops RHS on this all-numeric-name file; matches HiGHS on RHS-renamed copy (0.3700962171143152 vs 0.37009621711427015)
mm_le5000,DUAL1,1,85,optimal,0.035012966218946895,Optimal,0.03501296573347797,pass,2.220446049250313e-16,0.0,,,,,pass_vs_highs,optimal,0.035012966218946895,
mm_le5000,DUAL2,1,96,optimal,0.03373367643333851,Optimal,0.03373367612271829,pass,1.6653345369377348e-16,0.0,,,,,pass_vs_highs,optimal,0.03373367643333851,
mm_le5000,DUAL3,1,111,optimal,0.13575583819973483,Optimal,0.13575583686602166,pass,4.440892098500626e-16,0.0,,,,,pass_vs_highs,optimal,0.13575583819973483,
mm_le5000,DUAL4,1,75,optimal,0.7460908422118107,Optimal,0.7460908418021004,pass,0.0,0.0,,,,,pass_vs_highs,optimal,0.7460908422118107,
mm_le5000,DUALC1,215,9,optimal,6155.250829960942,Optimal,6155.250829462688,pass,1.1102230246251565e-16,0.0,,,,,pass_vs_highs,optimal,6155.250829960942,
mm_le5000,DUALC2,229,7,optimal,3551.30769271408,Optimal,3551.3076926706444,pass,0.0,0.0,,,,,pass_vs_highs,optimal,3551.30769271408,
mm_le5000,DUALC5,278,8,optimal,427.2323271160742,Optimal,427.23232677638873,pass,5.551115123125783e-17,0.0,,,,,pass_vs_highs,optimal,427.2323271160742,
mm_le5000,DUALC8,503,8,optimal,18309.358832915023,Optimal,18309.358832734157,pass,0.0,0.0,,,,,pass_vs_highs,optimal,18309.358832915023,
mm_le5000,GENHS28,8,10,optimal,0.9271736938128765,Optimal,0.9271736937663909,pass,6.045537404020251e-10,0.0,,,,,pass_vs_highs,optimal,0.9271736938128765,
mm_le5000,GOULDQP2,349,699,optimal,0.0001842776209349715,Optimal,0.00018820251727912074,FAIL,1.5154544286133387e-14,0.0,Solved,0.00018427493993780782,2.680997163666656e-09,6.661338147750939e-15,matched_clarabel_second_reference,optimal,0.0001842776209349715,
mm_le5000,GOULDQP3,349,699,optimal,2.0627839714070433,Optimal,2.062783971803583,pass,3.552713678800501e-15,0.0,,,,,pass_vs_highs,optimal,2.0627839714070433,
mm_le5000,HS118,17,15,optimal,664.8204500679674,Optimal,664.8204499999999,pass,0.0,0.0,,,,,pass_vs_highs,optimal,664.8204500679674,
mm_le5000,HS21,1,2,optimal,-99.95999999865774,Optimal,-99.96,pass,0.0,0.0,,,,,pass_vs_highs,optimal,-99.95999999865774,
mm_le5000,HS268,5,5,optimal,4.070898285135627e-09,Optimal,3.637978807091713e-12,pass,0.0,0.0,,,,,pass_vs_highs,optimal,4.070898285135627e-09,
mm_le5000,HS35,1,3,optimal,0.11111111112676753,Optimal,0.11111111111111605,pass,0.0,0.0,,,,,pass_vs_highs,optimal,0.11111111112676753,
mm_le5000,HS35MOD,1,3,optimal,0.2500000019283686,Optimal,0.25000000000000266,pass,0.0,0.0,,,,,pass_vs_highs,optimal,0.2500000019283686,
mm_le5000,HS51,3,5,optimal,0,Optimal,0.0,pass,7.865781359583934e-10,0.0,,,,,pass_vs_highs,optimal,0,
mm_le5000,HS52,3,5,optimal,5.326647569047901,Optimal,5.326647564469916,pass,1.0817529233486667e-09,0.0,,,,,pass_vs_highs,optimal,5.326647569047901,
mm_le5000,HS53,3,5,optimal,4.093023255813954,Optimal,4.093023255813954,pass,1.1102230246251565e-16,0.0,,,,,pass_vs_highs,optimal,4.093023255813954,
mm_le5000,HS76,3,4,optimal,-4.681818171963492,Optimal,-4.68181818181818,pass,0.0,0.0,,,,,pass_vs_highs,optimal,-4.681818171963492,
mm_le5000,KSIP,1001,20,optimal,0.5757979412744383,Not Set,,FAIL,0.0,0.0,Solved,0.57579794124014,3.429811989974496e-11,8.764728233407773e-13,matched_clarabel_second_reference,optimal,0.5757979412744383,
mm_le5000,LASER,1000,1002,optimal,2409601.3483212125,Not Set,,FAIL,0.0,0.0,Solved,2409601.346229001,8.682815694212916e-10,0.0,matched_clarabel_second_reference,optimal,2409601.3483212125,
mm_le5000,LOTSCHD,7,12,optimal,2398.4158958685175,Optimal,2398.4158914488967,pass,2.3367974222310295e-12,0.0,,,,,pass_vs_highs,optimal,2398.4158958685175,
mm_le5000,MOSARQP1,700,2500,optimal,-952.8754429137092,Solve error,,FAIL,0.0,0.0,Solved,-952.8754406278962,-2.39885052302179e-09,0.0,matched_clarabel_second_reference,optimal,-952.8754429137092,
mm_le5000,MOSARQP2,600,900,optimal,-1597.4821166505353,Time limit reached,,FAIL,0.0,0.0,Solved,-1597.4821171691879,3.2466890437054793e-10,0.0,matched_clarabel_second_reference,optimal,-1597.4821166505353,
mm_le5000,PRIMAL1,85,325,optimal,-0.03501296568949411,Optimal,-0.035012965733477314,pass,0.0,0.0,,,,,pass_vs_highs,optimal,-0.03501296568949411,
mm_le5000,PRIMAL2,96,649,optimal,-0.03373367606103322,Optimal,-0.03373367612271849,pass,0.0,0.0,,,,,pass_vs_highs,optimal,-0.03373367606103322,
mm_le5000,PRIMAL3,111,745,optimal,-0.13575583044141426,Optimal,-0.135755836866021,pass,0.0,0.0,,,,,pass_vs_highs,optimal,-0.13575583044141426,
mm_le5000,PRIMAL4,75,1489,optimal,-0.7460908306950607,Optimal,-0.7460908418020976,pass,0.0,0.0,,,,,pass_vs_highs,optimal,-0.7460908306950607,
mm_le5000,PRIMALC1,9,230,optimal,-6155.250820345614,Optimal,-6155.247234107041,pass,0.0,0.0,,,,,pass_vs_highs,optimal,-6155.250820345614,
mm_le5000,PRIMALC2,7,231,optimal,-3551.307691059936,Optimal,-3551.307579670494,pass,0.0,0.0,,,,,pass_vs_highs,optimal,-3551.307691059936,
mm_le5000,PRIMALC5,8,287,optimal,-427.2323267320665,Optimal,-427.23232674029487,pass,0.0,0.0,,,,,pass_vs_highs,optimal,-427.2323267320665,
mm_le5000,PRIMALC8,8,520,optimal,-18309.42978824249,Optimal,-18309.266838114247,FAIL,0.0,0.0,Solved,-18309.429646980163,-7.715277348300018e-09,0.0,matched_clarabel_second_reference,optimal,-18309.42978824249,
mm_le5000,Q25FV47,820,1571,optimal,13744447.898387171,Time limit reached,,FAIL,5.719906427304146e-10,0.0,Solved,13744447.988424297,-6.550798504685427e-09,3.1071851343419176e-08,matched_clarabel_second_reference,optimal,13744447.898387171,
mm_le5000,QADLITTL,56,97,optimal,480318.85857669666,Optimal,480318.85854477616,pass,2.1342458679246324e-13,0.0,,,,,pass_vs_highs,optimal,480318.85857669666,
mm_le5000,QAFIRO,27,32,optimal,-1.5907817936380106,Optimal,-1.5907817938917632,pass,1.4210854715202004e-14,0.0,,,,,pass_vs_highs,optimal,-1.5907817936380106,
mm_le5000,QBANDM,305,472,optimal,16352.342058461389,Optimal,16352.34203674664,pass,1.5691873063640548e-10,0.0,,,,,pass_vs_highs,optimal,16352.342058461389,
mm_le5000,QBEACONF,173,262,optimal,164712.06065917845,Optimal,164712.0601497,pass,8.141996848582531e-09,0.0,,,,,pass_vs_highs,optimal,164712.06065917845,
mm_le5000,QBORE3D,233,315,optimal,3100.2008018784873,Optimal,3102.1387967591113,FAIL,3.155946615152061e-10,0.0,Solved,3100.2043006492745,-1.1285613614573044e-06,3.104464450886532e-12,unresolved,optimal,3100.2008018784873,taral objective lower and feasible; Clarabel disagrees beyond tolerance; not called a match or a fault
mm_le5000,QBRANDY,220,249,optimal,28375.114856802527,Optimal,28375.11485714028,pass,1.0383044181959566e-10,0.0,,,,,pass_vs_highs,optimal,28375.114856802527,
mm_le5000,QCAPRI,271,353,optimal,66793293.266459495,Solve error,,FAIL,2.2436097424360923e-10,0.0,Solved,66793291.65499168,2.412619300246006e-08,5.146537134237406e-07,matched_clarabel_second_reference,optimal,66793293.266459495,
mm_le5000,QE226,223,282,optimal,212.65343330737977,Not Set,,FAIL,1.3242225288100383e-11,0.0,Solved,212.65343446954824,-5.465082077584905e-09,1.2698674774498987e-11,matched_clarabel_second_reference,optimal,212.65343330737977,
mm_le5000,QETAMACR,400,688,optimal,86760.36988531673,Optimal,86760.36962614699,pass,3.9462949385158673e-10,0.0,,,,,pass_vs_highs,optimal,86760.36988531673,
mm_le5000,QFFFFF80,524,854,optimal,873147.4605725456,Optimal,873149.2770688732,FAIL,2.9103830456733704e-11,0.0,Solved,873147.466201968,-6.447275491737922e-09,5.9316531635868646e-08,matched_clarabel_second_reference,optimal,873147.4605725456,
mm_le5000,QFORPLAN,161,421,optimal,7456631460.811376,Optimal,7456631475.8003435,pass,1.208356005601663e-09,0.0,,,,,pass_vs_highs,optimal,7456631460.811376,
mm_le5000,QGFRDXPN,616,1092,optimal,100790584870.94348,Optimal,100790584870.42386,pass,1.5280629212553528e-09,0.0,,,,,pass_vs_highs,optimal,100790584870.94348,
mm_le5000,QGROW15,300,645,optimal,-101693640.46750398,Solve error,,FAIL,1.0208874195995088e-09,0.0,Solved,-101693640.45479792,-1.2494474563717594e-10,8.410083717675813e-09,matched_clarabel_second_reference,optimal,-101693640.46750398,
mm_le5000,QGROW22,440,946,optimal,-149628953.46695262,Time limit reached,,FAIL,1.3813214445677874e-09,0.0,Solved,-149628953.4352708,-2.1173599710502024e-10,6.419227744761371e-09,matched_clarabel_second_reference,optimal,-149628953.46695262,
mm_le5000,QGROW7,140,301,optimal,-42798713.87064556,Time limit reached,,FAIL,9.742788019357967e-10,0.0,Solved,-42798713.85293761,-4.1374961471385345e-10,7.17066130751774e-09,matched_clarabel_second_reference,optimal,-42798713.87064556,
mm_le5000,QISRAEL,174,142,optimal,25347837.79526809,Optimal,25347837.78993466,pass,0.0,0.0,,,,,pass_vs_highs,optimal,25347837.79526809,
mm_le5000,QPCBLEND,74,83,optimal,-0.007842540273835887,Optimal,-0.007842543074204738,pass,1.9901575701488853e-12,0.0,,,,,pass_vs_highs,optimal,-0.007842540273835887,
mm_le5000,QPCBOEI1,351,384,optimal,11503914.014854532,Optimal,11503914.009767529,pass,2.0780437133809396e-10,0.0,,,,,pass_vs_highs,optimal,11503914.014854532,
mm_le5000,QPCBOEI2,166,143,optimal,8171962.244753781,Optimal,8171962.244330588,pass,5.942638270362011e-09,0.0,,,,,pass_vs_highs,optimal,8171962.244753781,
mm_le5000,QPCSTAIR,356,467,optimal,6204387.477812482,Not Set,,FAIL,3.3480625547591673e-10,0.0,Solved,6204387.494477379,-2.6859854115418615e-09,9.29263298547484e-08,matched_clarabel_second_reference,optimal,6204387.477812482,
mm_le5000,QPILOTNO,975,2172,optimal,4728586.90055435,Not Set,,FAIL,3.0132858799998378e-09,0.0,Solved,4728586.906028856,-1.1577469096280834e-09,1.0325634509231628e-06,matched_clarabel_second_reference,optimal,4728586.90055435,
mm_le5000,QPTEST,2,2,optimal,4.371875000235914,Optimal,4.371875,pass,0.0,0.0,,,,,pass_vs_highs,optimal,4.371875000235914,
mm_le5000,QRECIPE,91,180,optimal,-266.61599923987734,Optimal,-266.61600000000027,pass,8.0482193499246e-10,0.0,,,,,pass_vs_highs,optimal,-266.61599923987734,
mm_le5000,QSC205,205,203,optimal,-0.005813951866183399,Optimal,-0.005813953482223395,pass,1.5869890091051047e-13,0.0,,,,,pass_vs_highs,optimal,-0.005813951866183399,
mm_le5000,QSCAGR25,471,500,optimal,201737938.3902755,Optimal,201737938.37071,pass,3.637978807091713e-12,0.0,,,,,pass_vs_highs,optimal,201737938.3902755,
mm_le5000,QSCAGR7,129,140,optimal,26865948.594982866,Optimal,26865948.58902269,pass,1.3932283281415145e-11,0.0,,,,,pass_vs_highs,optimal,26865948.594982866,
mm_le5000,QSCFXM1,330,457,optimal,16882691.642501593,Optimal,16882691.639317475,pass,1.0224634821399977e-09,0.0,,,,,pass_vs_highs,optimal,16882691.642501593,
mm_le5000,QSCFXM2,660,914,optimal,27776161.635444354,Optimal,27776161.578617923,pass,3.603398974525903e-09,0.0,,,,,pass_vs_highs,optimal,27776161.635444354,
mm_le5000,QSCFXM3,990,1371,optimal,30816354.529189367,Optimal,30816354.47796901,pass,6.071786629036069e-09,0.0,,,,,pass_vs_highs,optimal,30816354.529189367,
mm_le5000,QSCORPIO,388,358,optimal,1880.5095530224155,Optimal,1880.5095529819666,pass,4.3209880118411093e-13,0.0,,,,,pass_vs_highs,optimal,1880.5095530224155,
mm_le5000,QSCRS8,490,1169,optimal,904.5600162872603,Optimal,904.5600138571947,pass,2.8421709430404007e-13,0.0,,,,,pass_vs_highs,optimal,904.5600162872603,
mm_le5000,QSCSD1,77,760,optimal,8.666666732284524,Optimal,8.666666674333348,pass,1.72875937190771e-14,0.0,,,,,pass_vs_highs,optimal,8.666666732284524,
mm_le5000,QSCSD6,147,1350,optimal,50.808213913038294,Optimal,50.80821387965111,pass,1.5615834525392044e-13,0.0,,,,,pass_vs_highs,optimal,50.808213913038294,
mm_le5000,QSCSD8,397,2750,optimal,940.763574599288,Time limit reached,,FAIL,8.972080915902297e-14,0.0,Solved,940.7635764065967,-1.921110284672919e-09,1.0907077032873298e-12,matched_clarabel_second_reference,optimal,940.763574599288,
mm_le5000,QSCTAP1,300,480,optimal,1415.861111712083,Optimal,1415.8611111115304,pass,1.4988010832439613e-14,0.0,,,,,pass_vs_highs,optimal,1415.861111712083,
mm_le5000,QSCTAP2,1090,1880,optimal,1735.0264989626298,Not Set,,FAIL,5.218048215738236e-15,0.0,Solved,1735.0264978051027,6.671539740563163e-10,2.6457503194526013e-09,matched_clarabel_second_reference,optimal,1735.0264989626298,
mm_le5000,QSCTAP3,1480,2480,optimal,1438.7546821419487,Not Set,,FAIL,5.10702591327572e-15,0.0,Solved,1438.754680987383,8.024746702909289e-10,4.5074014933087235e-09,matched_clarabel_second_reference,optimal,1438.7546821419487,
mm_le5000,QSEBA,515,1028,optimal,81481800.36046578,Optimal,81481800.35682765,pass,1.3100122504651166e-09,0.0,,,,,pass_vs_highs,optimal,81481800.36046578,
mm_le5000,QSHARE1B,117,225,optimal,720078.3190174592,Solve error,,FAIL,1.1945778939188225e-10,0.0,Solved,720081.9736864223,-5.075351274876573e-06,2.151111624272654e-10,unresolved,optimal,720078.3190174592,taral objective lower and feasible; Clarabel disagrees beyond tolerance; not called a match or a fault
mm_le5000,QSHARE2B,96,79,optimal,11703.691723212478,Optimal,11703.691721516367,pass,1.1368683772161603e-13,0.0,,,,,pass_vs_highs,optimal,11703.691723212478,
mm_le5000,QSHELL,536,1775,optimal,1572636848418.1143,Optimal,1572636842999.024,pass,1.4551915228366852e-11,0.0,,,,,pass_vs_highs,optimal,1572636848418.1143,
mm_le5000,QSHIP04L,402,2118,optimal,2420015.5344088115,Optimal,2420015.534110433,pass,3.591019390894988e-12,0.0,,,,,pass_vs_highs,optimal,2420015.5344088115,
mm_le5000,QSHIP04S,402,1458,optimal,2424993.675822067,Optimal,2424993.6730046105,pass,6.231004269485035e-11,0.0,,,,,pass_vs_highs,optimal,2424993.675822067,
mm_le5000,QSHIP08S,778,2387,optimal,2385728.8609707044,Optimal,2385728.8513905657,pass,6.513752662981266e-11,0.0,,,,,pass_vs_highs,optimal,2385728.8609707044,
mm_le5000,QSHIP12S,1151,2763,optimal,3056962.253371382,Optimal,3056962.249278291,pass,9.387963185371578e-11,0.0,,,,,pass_vs_highs,optimal,3056962.253371382,
mm_le5000,QSIERRA,1227,2036,optimal,23750458.182490777,Solve error,,FAIL,4.547473508864641e-13,0.0,Solved,23750458.178745683,1.5768261432510797e-10,4.547473508864641e-13,matched_clarabel_second_reference,optimal,23750458.182490777,
mm_le5000,QSTAIR,356,467,optimal,7985452.756392923,Time limit reached,,FAIL,7.909076060741427e-09,0.0,Solved,7985452.753515008,3.603948703012374e-10,4.152458332740139e-08,matched_clarabel_second_reference,optimal,7985452.756392923,
mm_le5000,QSTANDAT,359,1075,optimal,6411.838442670117,Optimal,6411.838388888912,pass,1.9896569420667645e-13,0.0,,,,,pass_vs_highs,optimal,6411.838442670117,
mm_le5000,S268,5,5,optimal,4.070898285135627e-09,Optimal,3.637978807091713e-12,pass,0.0,0.0,,,,,pass_vs_highs,optimal,4.070898285135627e-09,
mm_le5000,TAME,1,2,optimal,0,Optimal,0.0,pass,1.1657341758564144e-15,0.0,,,,,pass_vs_highs,optimal,0,
mm_le5000,VALUES,1,202,nonconvex,,Optimal,-1.396621144713958,FAIL,,,,,,,out_of_class_nonconvex,nonconvex,,
mm_le5000,YAO,2000,2002,numerical_failure,,Optimal,197.7042559403107,FAIL,,,,,,,numerical_failure,numerical_failure,,status numerical_failure: no progress in 30 iterations
mm_le5000,ZECEVIC2,2,2,optimal,-4.1249999999336655,Optimal,-4.124999999999997,pass,0.0,0.0,,,,,pass_vs_highs,optimal,-4.1249999999336655,
mm_gt5000,AUG2DC,10000,20200,optimal,1818368.0652006306,Solve error,,FAIL,8.445000254653223e-11,0.0,Solved,1818368.0655702017,-2.032461296593887e-10,7.105427357601002e-15,matched_clarabel_second_reference,,,
mm_gt5000,BOYD2,186531,93263,time_limit,,Time limit reached,,FAIL,,,,,,,time_limit_current_implementation_times_out,,,
mm_gt5000,CONT-201,40198,40397,optimal,0.19248337302616403,Time limit reached,,FAIL,3.869666149285534e-13,0.0,Solved,0.19248337010314975,2.923010722355457e-09,6.1886051838655476e-12,matched_clarabel_second_reference,,,
mm_gt5000,CVXQP1_L,5000,10000,time_limit,,Optimal,108704799.91529542,FAIL,,,,,,,time_limit_current_implementation_times_out,,,
mm_gt5000,HUES-MOD,2,10000,optimal,34824463.90401255,Solve error,,FAIL,1.1825551829430248e-08,0.0,Solved,34824463.898813486,1.4929139480504086e-10,1.8723128742031626e-15,matched_clarabel_second_reference,,,
mm_gt5000,LISWET1,10000,10002,numerical_failure,,Optimal,36.122402084963596,FAIL,,,,,,,numerical_failure,,,status numerical_failure: no progress in 30 iterations
mm_gt5000,LISWET12,10000,10002,numerical_failure,,Optimal,1736.927426114591,FAIL,,,,,,,numerical_failure,,,status numerical_failure: no progress in 30 iterations
mm_gt5000,LISWET4,10000,10002,numerical_failure,,Optimal,25.000112086713557,FAIL,,,,,,,numerical_failure,,,status numerical_failure: converged on the scaled problem but not on the original model
mm_gt5000,LISWET7,10000,10002,numerical_failure,,Optimal,498.84089078614306,FAIL,,,,,,,numerical_failure,,,status numerical_failure: no progress in 30 iterations
mm_gt5000,POWELL20,10000,10000,optimal,52089582793.96343,Optimal,52089582812.5007,pass,5.70253178011626e-10,0.0,,,,,pass_vs_highs,,,
mm_gt5000,STADAT1,3999,2001,optimal,-28526864.044583067,Optimal,-28526863.760378115,pass,3.725290298461914e-09,0.0,,,,,pass_vs_highs,,,
mm_gt5000,STCQP1,2052,4097,optimal,155143.55497061386,Optimal,155143.55470395752,pass,8.266720641358916e-13,0.0,,,,,pass_vs_highs,,,
mm_gt5000,UBH1,12000,18009,optimal,1.116000815694812,Time limit reached,,FAIL,4.315992008230296e-13,0.0,Solved,1.116628082846223,-0.0005617511873863574,3.279413719747826e-11,unresolved,,,taral objective lower and feasible; Clarabel disagrees beyond tolerance; not called a match or a fault
mm_gt5000,AUG2DCQP,10000,20200,optimal,6498134.7395150075,Time limit reached,,FAIL,1.1902034913191528e-09,0.0,Solved,6498134.743930632,-6.795194492747247e-10,1.0658141036401503e-14,matched_clarabel_second_reference,,,
mm_gt5000,CONT-100,9801,10197,optimal,-4.644397868747347,Optimal,-4.64439737595804,pass,4.0108122522908873e-14,0.0,,,,,pass_vs_highs,,,
mm_gt5000,CONT-200,39601,40397,optimal,-4.684875920368352,Time limit reached,,FAIL,3.134769291833251e-14,0.0,Solved,-4.6848759203620745,-1.3344831330743119e-12,3.970943285169848e-13,matched_clarabel_second_reference,,,
mm_gt5000,CONT-300,90298,90597,optimal,0.1915122861131876,Time limit reached,,FAIL,2.1094237467877974e-14,0.0,Solved,0.19151228608021686,3.297551121050901e-11,1.220135104063047e-12,matched_clarabel_second_reference,,,
mm_gt5000,CVXQP2_L,2500,10000,optimal,81842458.32214884,Optimal,81842458.2628411,pass,4.355271698841534e-11,0.0,,,,,pass_vs_highs,,,
mm_gt5000,DTOC3,9998,14999,optimal,235.2624810470384,Solve error,,FAIL,1.794120407794253e-13,0.0,Solved,235.2624810352321,5.018518330776861e-11,1.7763568394002505e-15,matched_clarabel_second_reference,,,
mm_gt5000,HUESTIS,2,10000,optimal,348244639044.20044,Solve error,,FAIL,1.1825556822264579e-08,0.0,Solved,348244638831.12915,6.11841949458581e-10,3.714851466777563e-15,matched_clarabel_second_reference,,,
mm_gt5000,LISWET10,10000,10002,numerical_failure,,Optimal,49.485784679759035,FAIL,,,,,,,numerical_failure,,,status numerical_failure: no progress in 30 iterations
mm_gt5000,LISWET2,10000,10002,numerical_failure,,Optimal,24.99807610289986,FAIL,,,,,,,numerical_failure,,,status numerical_failure: converged on the scaled problem but not on the original model
mm_gt5000,LISWET5,10000,10002,optimal,25.034253590556546,Optimal,25.03425340173635,pass,0.0,0.0,,,,,pass_vs_highs,,,
mm_gt5000,LISWET8,10000,10002,numerical_failure,,Optimal,714.4700590543218,FAIL,,,,,,,numerical_failure,,,status numerical_failure: no progress in 30 iterations
mm_gt5000,STADAT2,3999,2001,optimal,-32.62666486861097,Optimal,-32.62666457851882,pass,0.0,0.0,,,,,pass_vs_highs,,,
mm_gt5000,STCQP2,2052,4097,optimal,22327.313303373357,Optimal,22327.31327241655,pass,1.8659359771585772e-12,0.0,,,,,pass_vs_highs,,,
mm_gt5000,AUG2D,10000,20200,optimal,1687411.754238968,Solve error,,FAIL,5.199979336012461e-09,0.0,Solved,1687411.752896737,7.954395046700811e-10,7.105427357601002e-15,matched_clarabel_second_reference,,,
mm_gt5000,AUG2DQP,10000,20200,optimal,6237012.042709759,Time limit reached,,FAIL,4.0185560434835566e-10,0.0,Solved,6237012.03294919,1.5649466683598618e-09,1.0658141036401503e-14,matched_clarabel_second_reference,,,
mm_gt5000,BOYD1,18,93261,time_limit,,Time limit reached,,FAIL,,,,,,,time_limit_current_implementation_times_out,,,
mm_gt5000,CONT-101,10098,10197,optimal,0.19552732475298262,Time limit reached,,FAIL,1.0001366144247159e-13,0.0,Solved,0.19552732462281253,1.301704299905282e-10,4.2588155224621005e-13,matched_clarabel_second_reference,,,
mm_gt5000,CVXQP3_L,7500,10000,optimal,115711104.93867965,Optimal,115711104.26843122,pass,1.454047041501586e-10,0.0,,,,,pass_vs_highs,,,
mm_gt5000,EXDATA,3001,3000,optimal,-141.8434311281917,Optimal,-141.84343216504675,pass,1.3660659724898935e-13,0.0,,,,,pass_vs_highs,,,
mm_gt5000,LISWET11,10000,10002,numerical_failure,,Optimal,49.52395713799842,FAIL,,,,,,,numerical_failure,,,status numerical_failure: no progress in 30 iterations
mm_gt5000,LISWET3,10000,10002,optimal,25.00121997954045,Optimal,25.001220000209514,pass,3.0046276577877506e-10,0.0,,,,,pass_vs_highs,,,
mm_gt5000,LISWET6,10000,10002,numerical_failure,,Optimal,24.99574755706135,FAIL,,,,,,,numerical_failure,,,status numerical_failure: converged on the scaled problem but not on the original model
mm_gt5000,LISWET9,10000,10002,numerical_failure,,Optimal,1963.2512608931788,FAIL,,,,,,,numerical_failure,,,status numerical_failure: no progress in 30 iterations
mm_gt5000,QSHIP08L,778,4283,optimal,2376040.6305649644,Optimal,2376040.616579164,pass,1.806758087811127e-10,0.0,,,,,pass_vs_highs,,,
mm_gt5000,QSHIP12L,1151,5427,optimal,3018876.5837215562,Optimal,3018876.5771803395,pass,4.7245095100814586e-11,0.0,,,,,pass_vs_highs,,,
mm_gt5000,STADAT3,7999,4001,optimal,-35.779452949319825,Solve error,,FAIL,1.8189894035458565e-11,0.0,Solved,-35.77945324262727,8.197655620051901e-09,1.3812950783176348e-08,matched_clarabel_second_reference,,,
