seed,stage,n_vars,n_rows,n_int,n_cont,taral_status,taral_obj,ref_obj,ref_kkt_verified,agree,nodes
0,A,4,3,3,1,optimal,-1.3326699999919547,-1.3326699997546956,True,True,3
1,A,4,3,2,2,optimal,-7.200562498461086,-7.200562498664901,True,True,7
2,A,3,1,2,1,optimal,-3.845280550428491,-3.845280550923494,True,True,5
3,A,5,3,2,3,optimal,-17.090262161314392,-17.09026216251406,True,True,1
4,A,4,1,1,3,optimal,-12.709133945603496,-12.709133924198657,True,True,3
5,A,3,3,1,2,optimal,-0.5136646379072282,-0.5136646378800732,True,True,1
6,A,4,3,2,2,optimal,-9.585858630900544,-9.585858630669092,True,True,3
7,A,5,3,1,4,optimal,-8.406311318976678,-8.406311315289727,True,True,3
8,A,3,2,2,1,optimal,-14.717863765940564,-14.717863723639255,True,True,5
9,A,3,1,3,0,optimal,-14.737318,-14.737317999999998,True,True,11
10,A,3,2,2,1,optimal,-10.015137060567351,-10.015137054234414,True,True,3
11,A,4,2,4,0,optimal,-8.293552000000002,-8.293552,True,True,11
12,A,3,1,1,2,optimal,-11.368952154300167,-11.368952087624791,True,True,3
13,A,3,2,2,1,optimal,-16.46817995405837,-16.468179955330154,True,True,3
14,A,4,2,3,1,optimal,-3.8383623755485607,-3.8383623755485607,True,True,3
15,A,4,3,2,2,optimal,-21.331146999270278,-21.331146998189595,True,True,1
16,A,4,3,3,1,optimal,-14.638339999989357,-14.638339999411418,True,True,3
17,A,3,1,2,1,optimal,-14.53390136282583,-14.533901358186306,True,True,3
18,A,4,2,1,3,optimal,-8.746808517742782,-8.74680856377038,True,True,3
19,A,4,1,3,1,optimal,-41.6688989997904,-41.668898955997065,True,True,5
20,A,5,3,2,3,optimal,-9.854738293883187,-9.854738259667695,True,True,3
21,A,5,3,1,4,optimal,-16.327159989284656,-16.32715999105391,True,True,1
22,A,4,1,2,2,optimal,-11.943341380458136,-11.943341379042188,True,True,3
23,A,3,1,1,2,optimal,-9.636205307129668,-9.636205211617266,True,True,1
24,A,5,3,3,2,optimal,-14.505429094889532,-14.505429095345661,True,True,7
25,A,4,2,4,0,optimal,-6.927688499999999,-6.927688499999999,True,True,3
26,A,4,1,3,1,optimal,-12.28476077365668,-12.284760773656684,True,True,3
27,A,3,3,1,2,optimal,-5.6843526044361425,-5.684352604445289,True,True,1
28,A,5,3,3,2,optimal,-9.147574164572207,-9.147574164410997,True,True,5
29,A,3,1,2,1,optimal,-7.132960999786625,-7.132960977791874,True,True,3
30,A,3,1,1,2,optimal,-2.6669149689372675,-2.6669149689372675,True,True,3
31,A,5,3,1,4,optimal,-6.677676670176586,-6.677676635035549,True,True,1
32,A,4,2,1,3,optimal,-7.970196152755627,-7.970196152582233,True,True,1
33,A,4,3,3,1,optimal,-9.773625999597794,-9.773625995935152,True,True,3
34,A,5,3,4,1,optimal,-14.67192199993833,-14.671921998058357,True,True,3
35,A,5,3,2,3,optimal,-9.650242154271819,-9.650242155446804,True,True,1
36,A,5,2,3,2,optimal,-11.368764636143217,-11.368764640262897,True,True,3
37,A,3,3,1,2,optimal,-2.102356649329787,-2.102356649172641,True,True,1
38,A,3,3,2,1,optimal,-4.014436858246966,-4.014436858172208,True,True,3
39,A,4,3,1,3,optimal,-11.064569433002076,-11.064569428497274,True,True,3
40,A,3,3,3,0,optimal,-5.7961275,-5.7961275,True,True,3
41,A,4,3,2,2,optimal,-14.92163256613406,-14.921632559579361,True,True,5
42,A,3,3,1,2,optimal,-3.5598104686737044,-3.559810467793998,True,True,3
43,A,5,2,3,2,optimal,-11.746497864251165,-11.74649793277767,True,True,7
44,A,5,3,1,4,optimal,-6.194867167095589,-6.194867167311874,True,True,1
45,A,5,3,5,0,optimal,-20.192130499999998,-20.192130499999998,True,True,9
46,A,4,3,3,1,optimal,-15.629347715134982,-15.629347711070327,True,True,3
47,A,3,3,2,1,optimal,-5.618554679339806,-5.618554679089499,True,True,5
48,A,4,3,2,2,optimal,-5.1286367845898555,-5.128636784192702,True,True,7
49,A,5,3,2,3,optimal,-8.50698821466805,-8.506988213109928,True,True,3
50,A,5,1,4,1,optimal,-15.269704978755804,-15.26970497987719,True,True,5
51,A,4,2,3,1,optimal,-5.732462785101781,-5.732462785101615,True,True,3
52,A,5,2,3,2,optimal,-6.844920224778411,-6.844920221951272,True,True,3
53,A,4,1,2,2,optimal,-10.411149777812852,-10.411149777787998,True,True,3
54,A,5,3,3,2,optimal,-10.871062554174618,-10.871062554143792,True,True,5
55,A,4,3,3,1,optimal,-16.041180850753904,-16.041180877985404,True,True,5
56,A,5,1,3,2,optimal,-16.409125134206796,-16.40912513339382,True,True,1
57,A,4,3,4,0,optimal,-5.338678,-5.338678,True,True,13
58,A,4,2,1,3,optimal,-12.143036803016154,-12.143036802934784,True,True,1
59,A,4,2,2,2,optimal,-8.081717116935549,-8.081717116030559,True,True,3
60,A,3,3,2,1,optimal,-16.63147999925547,-16.631479985964546,True,True,1
61,A,4,1,1,3,optimal,-8.177163105436957,-8.177163083041243,True,True,3
62,A,5,2,3,2,optimal,-23.305990901543808,-23.305990896307115,True,True,3
63,A,3,3,3,0,optimal,-4.178691,-4.178691,True,True,5
64,A,5,3,4,1,optimal,-10.407569975748357,-10.407569975178944,True,True,7
65,A,5,3,4,1,optimal,-8.834579097460148,-8.834579097460141,True,True,7
66,A,5,3,2,3,optimal,-11.731906499949789,-11.731906489957433,True,True,5
67,A,4,1,3,1,optimal,-7.811696860147483,-7.811696860147484,True,True,3
68,A,5,2,4,1,optimal,-15.651803999892016,-15.651803998613609,True,True,9
69,A,3,3,1,2,optimal,-7.642541054503326,-7.642541054563417,True,True,1
70,A,3,2,3,0,optimal,-3.575342,-3.575342,True,True,3
71,A,3,1,1,2,optimal,-6.104361238836536,-6.1043612387017765,True,True,1
72,A,3,1,2,1,optimal,-3.635333999752383,-3.635333999219713,True,True,1
73,A,4,3,3,1,optimal,-10.754174352087942,-10.75417434930111,True,True,1
74,A,4,1,2,2,optimal,-9.611627725994504,-9.61162772522543,True,True,5
75,A,3,2,3,0,optimal,-31.4801745,-31.480174499999997,True,True,1
76,A,5,3,3,2,optimal,-12.72403151734187,-12.724031515898108,True,True,5
77,A,4,2,1,3,optimal,-4.651377647260442,-4.651377639647491,True,True,3
78,A,3,1,2,1,optimal,-11.17464226493884,-11.174642264938837,True,True,3
79,A,4,2,2,2,optimal,-13.734527941608288,-13.734527941186975,True,True,3
80,A,3,3,3,0,optimal,-10.499866500000001,-10.499866500000001,True,True,3
81,A,5,2,3,2,optimal,-1.764166499960448,-1.764166496795165,True,True,3
82,A,5,3,3,2,optimal,-9.132166223005289,-9.13216624495869,True,True,9
83,A,4,2,3,1,optimal,-5.850175999997479,-5.850176000000001,True,True,3
84,A,5,1,3,2,optimal,-18.843344258987276,-18.843344256973438,True,True,3
85,A,4,1,2,2,optimal,-3.8598662330834537,-3.8598662276281517,True,True,3
86,A,4,3,2,2,optimal,-4.319029775822176,-4.319029773642017,True,True,3
87,A,4,2,3,1,optimal,-4.401487095128402,-4.401487094732256,True,True,7
88,A,5,3,4,1,optimal,-6.102538372613612,-6.102538371244653,True,True,7
89,A,3,3,3,0,optimal,-14.226685499999999,-14.226685499999999,True,True,3
90,A,4,1,4,0,optimal,-15.343548499999997,-15.343548499999997,True,True,13
91,A,4,2,2,2,optimal,-13.864355023653978,-13.864355023187205,True,True,5
92,A,4,2,3,1,optimal,-16.966780781163518,-16.9667807805411,True,True,3
93,A,3,3,2,1,optimal,-4.867970998905709,-4.867971000000001,True,True,5
94,A,5,1,1,4,optimal,-14.337946522059708,-14.337946522054137,True,True,1
95,A,3,1,1,2,optimal,-7.461211110909397,-7.461211077910161,True,True,3
96,A,5,3,4,1,optimal,-17.392574997481745,-17.39257499955327,True,True,11
97,A,4,1,2,2,optimal,-26.394900802584885,-26.39490079927832,True,True,3
98,A,5,2,3,2,optimal,-15.744562166408203,-15.744562166425439,True,True,7
99,A,5,3,2,3,optimal,-8.306869975248587,-8.306869973565032,True,True,5
100,A,3,3,2,1,optimal,-6.078888588849049,-6.0788885888490505,True,True,3
101,A,5,1,2,3,optimal,-19.69332025587391,-19.693320253843677,True,True,1
102,A,5,2,4,1,optimal,-12.392816518139659,-12.392816518139657,True,True,9
103,A,5,2,4,1,optimal,-7.428705368942331,-7.428705368948474,True,True,5
104,A,4,1,1,3,optimal,-35.09170799960811,-35.091707937358095,True,True,3
105,A,4,3,3,1,optimal,-3.428828499932484,-3.42882849990725,True,True,5
106,A,5,1,2,3,optimal,-24.16273269020629,-24.162732660134484,True,True,1
107,A,5,3,3,2,optimal,-15.157930262465118,-15.157930261008133,True,True,3
108,A,4,2,2,2,optimal,-17.379769947338275,-17.379769948222602,True,True,5
109,A,3,3,2,1,optimal,-7.8513229999884295,-7.851322985619255,True,True,3
110,A,3,2,2,1,optimal,-4.450980539638714,-4.45098053509385,True,True,5
111,A,5,3,4,1,optimal,-9.350423121482502,-9.350423123519722,True,True,9
112,A,3,2,3,0,optimal,-9.171467999999999,-9.171467999999999,True,True,3
113,A,5,3,1,4,optimal,-4.793219504392172,-4.793219504392173,True,True,3
114,A,3,3,2,1,optimal,-2.6058219999809484,-2.605822,True,True,3
115,A,4,3,2,2,optimal,-11.917414752401932,-11.917414751515938,True,True,3
116,A,4,3,2,2,optimal,-8.24603468146507,-8.246034645227425,True,True,5
117,A,5,1,3,2,optimal,-18.134803987268835,-18.134803994493417,True,True,3
118,A,5,2,2,3,optimal,-10.832828280336509,-10.832828280401182,True,True,5
119,A,4,2,4,0,optimal,-17.318289500000002,-17.3182895,True,True,15
120,A,4,1,3,1,optimal,-2.573644121719745,-2.573644121719745,True,True,3
121,A,3,2,3,0,optimal,-10.00151,-10.00151,True,True,3
122,A,5,2,4,1,optimal,-18.73187369551607,-18.73187370055432,True,True,5
123,A,3,1,3,0,optimal,-17.777707499999998,-17.7777075,True,True,1
124,A,5,3,3,2,optimal,-6.571675595941469,-6.571675595792289,True,True,5
125,A,4,1,2,2,optimal,-12.65298091833765,-12.65298091833765,True,True,5
126,A,4,2,2,2,optimal,-12.420190927101682,-12.420190887222809,True,True,3
127,A,5,3,3,2,optimal,-2.4266666428163797,-2.4266666428074504,True,True,3
128,A,3,3,2,1,optimal,-7.808534999883785,-7.808534999996748,True,True,9
129,A,4,3,4,0,optimal,-2.7889979999999994,-2.788998,True,True,21
130,A,5,2,1,4,optimal,-11.669572729032756,-11.66957271044038,True,True,1
131,A,4,2,1,3,optimal,-7.8680521119445785,-7.868052111934571,True,True,3
132,A,4,3,3,1,optimal,-10.494556115867297,-10.494556105540527,True,True,1
133,A,3,2,3,0,optimal,-3.580604,-3.580604,True,True,5
134,A,4,2,2,2,optimal,-17.724228153924805,-17.72422814380863,True,True,3
135,A,3,3,1,2,optimal,-3.7539339998339174,-3.753933966783446,True,True,3
136,A,5,3,1,4,optimal,-16.83371962213712,-16.833719610095002,True,True,1
137,A,3,1,2,1,optimal,-7.92312399950619,-7.9231239779739395,True,True,5
138,A,4,2,3,1,optimal,-14.227281999999498,-14.22728199868394,True,True,3
139,A,3,1,2,1,optimal,-26.0226634978779,-26.0226635,True,True,3
140,A,3,1,1,2,optimal,-5.306623499058564,-5.306623479242841,True,True,1
141,A,4,3,3,1,optimal,-8.195818660564557,-8.195818645702547,True,True,5
142,A,4,3,2,2,optimal,-7.471791763846417,-7.471791764141677,True,True,5
143,A,5,1,3,2,optimal,-8.837531778074396,-8.837531777729804,True,True,3
144,A,4,1,3,1,optimal,-5.995393115971765,-5.995393111677538,True,True,3
145,A,4,1,1,3,optimal,-20.09221978196317,-20.09221977770038,True,True,1
146,A,3,3,2,1,optimal,-14.977883024929417,-14.977883024929415,True,True,3
147,A,3,3,2,1,optimal,-7.512634376489628,-7.512634376489628,True,True,7
148,A,3,1,1,2,optimal,-12.937707999258848,-12.937707957087916,True,True,3
149,A,3,3,2,1,optimal,-5.8358581022501586,-5.835858103029576,True,True,5
150,A,5,1,4,1,optimal,-11.04939117759895,-11.049391170777653,True,True,5
151,A,4,3,2,2,optimal,-11.574236992625957,-11.574236992513189,True,True,1
152,A,3,2,3,0,optimal,-0.6357324999999999,-0.6357324999999999,True,True,5
153,A,5,1,2,3,optimal,-7.788477982094799,-7.788477957928092,True,True,7
154,A,5,2,2,3,optimal,-9.998633073931874,-9.998633072052726,True,True,5
155,A,4,1,2,2,optimal,-18.718599206470216,-18.718599117459682,True,True,5
156,A,3,3,2,1,optimal,-14.174335999648749,-14.174335999243077,True,True,1
157,A,3,2,3,0,optimal,-0.2510620000000001,-0.2510620000000001,True,True,5
158,A,5,3,2,3,optimal,-25.581144479609975,-25.581144478201637,True,True,3
159,A,4,3,2,2,optimal,-12.959561878672037,-12.959561864718786,True,True,3
160,A,3,3,2,1,optimal,-9.862704728419525,-9.862704734166245,True,True,5
161,A,5,1,1,4,optimal,-6.774030910769217,-6.774030868695955,True,True,1
162,A,4,2,3,1,optimal,-22.48963058984846,-22.489630589848456,True,True,5
163,A,5,3,3,2,optimal,-18.184436615434027,-18.184436595159767,True,True,7
164,A,5,3,4,1,optimal,-15.230233943150072,-15.230233941149491,True,True,3
165,A,4,2,4,0,optimal,-6.851786000000001,-6.851786000000001,True,True,7
166,A,4,3,2,2,optimal,-3.151354905741904,-3.151354905931137,True,True,5
167,A,3,1,2,1,optimal,-0.8621506118824144,-0.8621506118824143,True,True,1
168,A,5,1,2,3,optimal,-12.515884478646717,-12.515884478366457,True,True,5
169,A,4,3,2,2,optimal,-4.846731882554765,-4.846731882554765,True,True,3
170,A,5,2,3,2,optimal,-3.9407000170044313,-3.9407000151543388,True,True,9
171,A,5,2,5,0,optimal,-5.42405,-5.42405,True,True,3
172,A,5,2,3,2,optimal,-6.206541527673638,-6.206541527007261,True,True,5
173,A,4,2,4,0,optimal,-7.197685499999999,-7.1976855,True,True,3
174,A,3,3,2,1,optimal,-1.4160224998709832,-1.4160224998549555,True,True,5
175,A,4,2,1,3,optimal,-15.014523802892557,-15.01452359917955,True,True,1
176,A,3,2,1,2,optimal,-9.635040227229917,-9.635040227229918,True,True,3
177,A,3,1,2,1,optimal,-6.537031707573004,-6.53703170059601,True,True,1
178,A,5,2,3,2,optimal,-19.782138951070653,-19.78213895110641,True,True,3
179,A,4,1,3,1,optimal,-16.262190499970558,-16.26219049881903,True,True,5
180,A,5,1,3,2,optimal,-8.002947999877932,-8.002947973403886,True,True,5
181,A,3,2,2,1,optimal,-8.367966275681937,-8.367966275681951,True,True,5
182,A,4,2,2,2,optimal,-2.2871699999687642,-2.287169992914717,True,True,3
183,A,5,2,4,1,optimal,-6.2484406237092145,-6.248440624108475,True,True,3
184,A,5,1,4,1,optimal,-15.050270999902244,-15.050270992232804,True,True,9
185,A,3,1,3,0,optimal,-11.790510500000002,-11.790510500000002,True,True,9
186,A,5,2,3,2,optimal,-25.66253664626604,-25.66253663685743,True,True,5
187,A,5,1,2,3,optimal,-21.526861091834004,-21.526861075519022,True,True,3
188,A,3,3,1,2,optimal,-15.57413099272562,-15.574130318901275,True,True,3
189,A,3,2,2,1,optimal,-5.925062058573625,-5.925062039378492,True,True,3
190,A,4,1,3,1,optimal,-8.483517997616635,-8.48351799956886,True,True,7
191,A,3,2,1,2,optimal,3.177773547927731e-12,9.760972208855165e-10,True,True,1
192,A,5,1,3,2,optimal,-8.211727936516853,-8.211727920669064,True,True,5
193,A,4,3,1,3,optimal,-8.619074647616227,-8.61907464636857,True,True,3
194,A,4,3,3,1,optimal,-16.793045452377626,-16.79304544659954,True,True,3
195,A,3,1,2,1,optimal,-7.610001237385032,-7.6100012367841,True,True,1
196,A,4,3,3,1,optimal,-20.837231264028144,-20.837231259703373,True,True,5
197,A,5,2,4,1,optimal,-7.0519624698827,-7.051962469261123,True,True,7
198,A,5,3,3,2,optimal,-7.733673126307991,-7.733673123031345,True,True,3
199,A,3,3,2,1,optimal,-2.6237187771159607,-2.6237187768945107,True,True,5
200,A,4,1,2,2,optimal,2.376684878933314e-10,2.3766848789333136e-10,True,True,5
201,A,4,1,2,2,optimal,-12.893516127737193,-12.893516123964499,True,True,3
202,A,5,1,1,4,optimal,-9.896926988525474,-9.896926966111609,True,True,1
203,A,3,1,2,1,optimal,-10.705188780451893,-10.70518878045189,True,True,3
204,A,3,3,1,2,optimal,-14.618144998788953,-14.618144935462293,True,True,1
205,A,4,2,1,3,optimal,-8.090075455664715,-8.090075455632622,True,True,1
206,A,5,3,1,4,optimal,-10.244825217593416,-10.244825217657734,True,True,3
207,A,3,1,2,1,optimal,-8.516839263895335,-8.516839263895335,True,True,1
208,A,5,2,4,1,optimal,-12.202148498688027,-12.202148499867993,True,True,5
209,A,3,3,2,1,optimal,-8.43363099881421,-8.433630998814209,True,True,1
210,A,4,2,3,1,optimal,-16.244019495856985,-16.24401934534499,True,True,3
211,A,4,2,3,1,optimal,-5.540037999968596,-5.540037999766115,True,True,9
212,A,4,3,3,1,optimal,-11.392571876091532,-11.39257187206978,True,True,7
213,A,5,3,3,2,optimal,-4.983720365141705,-4.9837203665310374,True,True,1
214,A,5,1,3,2,optimal,-5.487141694539899,-5.487141688235543,True,True,7
215,A,5,2,2,3,optimal,-8.242289688329162,-8.242289781756728,True,True,5
216,A,4,3,3,1,optimal,-8.559886412444936,-8.559886413116184,True,True,3
217,A,3,3,3,0,optimal,-6.414098,-6.414098,True,True,3
218,A,3,3,2,1,optimal,-14.688391548110763,-14.688391544674422,True,True,3
219,A,3,2,3,0,optimal,-5.3856485,-5.3856485,True,True,9
220,A,4,2,1,3,optimal,-5.510478749562685,-5.510478748290746,True,True,1
221,A,3,2,1,2,optimal,-5.290209999642955,-5.29020999978872,True,True,1
222,A,3,2,2,1,optimal,-6.15149153612745,-6.151491536127449,True,True,5
223,A,3,1,2,1,optimal,-16.068850247039016,-16.068850116468216,True,True,7
224,A,5,3,2,3,optimal,-10.004362221646357,-10.004362222415914,True,True,1
225,A,5,1,1,4,optimal,-25.00455136569688,-25.00455136882079,True,True,3
226,A,5,3,2,3,optimal,-1.6134368916885111,-1.6134368913643682,True,True,3
227,A,3,1,2,1,optimal,-10.111304362224315,-10.111304333374804,True,True,3
228,A,3,3,3,0,optimal,-3.3036204999999996,-3.303620499999999,True,True,7
229,A,4,2,3,1,optimal,-16.335282999175945,-16.335282999784006,True,True,17
230,A,4,2,3,1,optimal,-10.269125386486063,-10.269125333663531,True,True,5
231,A,5,1,1,4,optimal,-14.6057556727549,-14.605755672767774,True,True,1
232,A,5,1,3,2,optimal,-10.136874499972249,-10.136874499660735,True,True,5
233,A,3,3,3,0,optimal,-10.017105499999998,-10.0171055,True,True,7
234,A,3,2,3,0,optimal,-7.505770499999998,-7.505770499999999,True,True,9
235,A,4,3,4,0,optimal,-17.1371525,-17.1371525,True,True,13
236,A,3,3,3,0,optimal,-9.939122,-9.939122,True,True,7
237,A,3,2,2,1,optimal,-9.008310463655974,-9.008310433456163,True,True,3
238,A,5,3,2,3,optimal,-7.372353629202424,-7.37235362790488,True,True,3
239,A,4,2,1,3,optimal,-12.848899041777404,-12.848899014529573,True,True,1
240,A,5,2,1,4,optimal,-4.5791780001949585,-4.579178000443383,True,True,1
241,A,5,3,4,1,optimal,-12.78898360978892,-12.78898359799171,True,True,5
242,A,4,3,4,0,optimal,-19.2828715,-19.2828715,True,True,9
243,A,5,3,2,3,optimal,-14.425109525485935,-14.425109526861265,True,True,5
244,A,3,2,2,1,optimal,-11.175755999189311,-11.175755998471407,True,True,3
245,A,5,1,4,1,optimal,-18.355568499886992,-18.355568499118586,True,True,13
246,A,5,1,2,3,optimal,-23.2105827936935,-23.21058275658969,True,True,3
247,A,4,3,4,0,optimal,-18.763102500000002,-18.763102500000002,True,True,5
248,A,3,3,3,0,optimal,-9.548259999999999,-9.548259999999999,True,True,3
249,A,4,1,2,2,optimal,-11.652239864135112,-11.652239804369355,True,True,5
250,A,4,2,2,2,optimal,-12.785252577330727,-12.785252573954265,True,True,7
251,A,5,2,5,0,optimal,-12.231235499999999,-12.231235499999999,True,True,9
252,A,5,2,3,2,optimal,-19.312335395335246,-19.312335147256555,True,True,5
253,A,5,2,3,2,optimal,-8.522937778298068,-8.52293777711232,True,True,3
254,A,4,1,2,2,optimal,-13.581182446757323,-13.581182445671866,True,True,1
255,A,3,1,3,0,optimal,-19.230758,-19.230757999999998,True,True,15
256,A,3,3,2,1,optimal,-8.14814545229033,-8.148145440163717,True,True,3
257,A,5,3,2,3,optimal,-12.525019927014329,-12.52501991658429,True,True,3
258,A,3,1,3,0,optimal,-5.836029,-5.836029,True,True,9
259,A,3,2,2,1,optimal,-8.664794655575733,-8.664794655575733,True,True,1
260,A,3,3,2,1,optimal,-7.175629233675601,-7.175629233321992,True,True,3
261,A,5,2,3,2,optimal,-10.387051667758183,-10.38705163318135,True,True,5
262,A,3,1,3,0,optimal,-24.7337985,-24.7337985,True,True,1
263,A,4,1,2,2,optimal,-5.127076801366262,-5.127076801307798,True,True,5
264,A,4,1,3,1,optimal,-14.27531999927765,-14.275319999277652,True,True,7
265,A,3,1,3,0,optimal,-26.681953999999998,-26.681953999999998,True,True,1
266,A,3,1,2,1,optimal,-12.654887999772019,-12.654887999832436,True,True,3
267,A,5,3,3,2,optimal,-11.870938542848053,-11.87093833889439,True,True,5
268,A,5,2,3,2,optimal,-8.311729715085253,-8.311729708432365,True,True,3
269,A,4,1,1,3,optimal,-4.458238251206624,-4.458238251192477,True,True,3
270,A,4,1,3,1,optimal,-8.917757997787952,-8.917757994656045,True,True,7
271,A,5,2,2,3,optimal,-15.888148240996573,-15.88814824234948,True,True,5
272,A,3,2,2,1,optimal,-4.208224499955411,-4.208224499762985,True,True,7
273,A,3,1,2,1,optimal,-15.731791355284301,-15.731791343468593,True,True,5
274,A,3,1,1,2,optimal,-12.108471010028895,-12.108471008718022,True,True,1
275,A,5,1,3,2,optimal,-27.115997237667422,-27.115997237068527,True,True,3
276,A,4,2,2,2,optimal,-32.80594599624003,-32.80594598532727,True,True,1
277,A,5,2,4,1,optimal,-9.394898499355136,-9.394898450917816,True,True,7
278,A,5,1,3,2,optimal,-20.45857213413613,-20.458572137135565,True,True,1
279,A,5,3,5,0,optimal,-9.492335500000001,-9.492335500000001,True,True,9
280,A,5,3,4,1,optimal,-7.011294904507372,-7.011294904925743,True,True,13
281,A,4,1,2,2,optimal,-11.565974279559626,-11.565974235910154,True,True,3
282,A,5,2,2,3,optimal,-6.1322857214493975,-6.132285617117862,True,True,5
283,A,3,1,1,2,optimal,-6.044830130867393,-6.044830130401303,True,True,1
284,A,5,2,3,2,optimal,-11.580486999993045,-11.580486994293786,True,True,5
285,A,3,3,1,2,optimal,-11.852668499877016,-11.852668490841483,True,True,3
286,A,3,1,1,2,optimal,-21.796438499584234,-21.7964383691044,True,True,1
287,A,3,2,1,2,optimal,-17.04104060324096,-17.04104060324096,True,True,3
288,A,5,3,4,1,optimal,-10.861826499952452,-10.861826499396177,True,True,7
289,A,5,3,1,4,optimal,-11.012640423829122,-11.01264041657324,True,True,1
290,A,4,3,3,1,optimal,-0.005764422238252144,-0.00576442223825217,True,True,3
291,A,3,3,1,2,optimal,-15.36616648455987,-15.366166461566113,True,True,1
292,A,5,2,1,4,optimal,-9.291419164753792,-9.291419166081162,True,True,3
293,A,5,1,4,1,optimal,-11.077157999987143,-11.077157939307387,True,True,5
294,A,4,1,4,0,optimal,-9.64367,-9.64367,True,True,5
295,A,3,3,2,1,optimal,-12.081529498802348,-12.081529478888056,True,True,7
296,A,3,3,2,1,optimal,-2.841665999995514,-2.841666,True,True,5
297,A,4,2,1,3,optimal,-3.434658952344101,-3.4346589523441007,True,True,3
298,A,4,3,3,1,optimal,-9.188821499943526,-9.188821499225956,True,True,5
299,A,3,3,1,2,optimal,-6.663950509664431,-6.663950509449349,True,True,1
300,A,3,2,1,2,optimal,-8.850312525854338,-8.8503125242907,True,True,1
301,A,5,1,3,2,optimal,-9.686326318619736,-9.686326313651131,True,True,3
302,A,3,2,2,1,optimal,-9.609033649176013,-9.609033648623084,True,True,5
303,A,3,1,2,1,optimal,-15.282369769919478,-15.282369766968639,True,True,1
304,A,4,2,1,3,optimal,-10.521854955147203,-10.521854955915089,True,True,1
305,A,4,1,2,2,optimal,-15.217930781582096,-15.217930777884956,True,True,5
306,A,4,3,1,3,optimal,-11.030394728359491,-11.030394728568034,True,True,1
307,A,5,3,3,2,optimal,-16.591618558356622,-16.591618559169895,True,True,5
308,A,4,2,1,3,optimal,-6.5258939979527995,-6.525893994550387,True,True,1
309,A,3,1,2,1,optimal,-4.224407999801095,-4.224407991751949,True,True,3
310,A,3,3,2,1,optimal,-10.973707878614576,-10.973707834434958,True,True,5
311,A,4,3,3,1,optimal,-10.358324499940656,-10.358324499546953,True,True,7
312,A,5,1,5,0,optimal,-12.139656500000001,-12.139656500000001,True,True,9
313,A,4,3,3,1,optimal,-2.219173999972118,-2.219174,True,True,11
314,A,5,2,3,2,optimal,-23.70272804028848,-23.702728040221018,True,True,3
315,A,3,3,3,0,optimal,-4.4342255,-4.4342255,True,True,7
316,A,5,3,5,0,optimal,-7.931837999999999,-7.931837999999999,True,True,13
317,A,3,2,3,0,optimal,-17.0133555,-17.0133555,True,True,5
318,A,5,2,2,3,optimal,-2.7302875871833354,-2.730287588509901,True,True,5
319,A,3,1,1,2,optimal,-0.684677746197562,-0.684677746197562,True,True,1
320,A,3,1,1,2,optimal,-7.702013999951145,-7.702013990228554,True,True,3
321,A,5,1,3,2,optimal,-9.4133730008643,-9.413373002065613,True,True,3
322,A,4,1,3,1,optimal,-2.3341869999869362,-2.3341869998333515,True,True,5
323,A,5,3,2,3,optimal,-11.965076349887957,-11.965076334866554,True,True,7
324,A,3,2,2,1,optimal,-12.881548388245282,-12.881548382689061,True,True,3
325,A,5,3,2,3,optimal,-8.479700324284343,-8.479700321477502,True,True,5
326,A,4,2,4,0,optimal,-4.786144499999999,-4.786144500000001,True,True,3
327,A,5,2,2,3,optimal,-12.34275595872155,-12.342755958721554,True,True,5
328,A,3,3,3,0,optimal,-24.981460000000002,-24.98146,True,True,5
329,A,5,3,2,3,optimal,-11.247960770546293,-11.24796077040685,True,True,7
330,A,4,3,2,2,optimal,-18.06798749157207,-18.06798749036917,True,True,3
331,A,3,1,3,0,optimal,-7.026711999999999,-7.026711999999999,True,True,1
332,A,5,3,2,3,optimal,-10.732740285874012,-10.732740274199742,True,True,3
333,A,4,3,3,1,optimal,-9.220554499994622,-9.220554499914536,True,True,9
334,A,4,3,2,2,optimal,-8.4968422381055,-8.496842227523688,True,True,1
335,A,4,3,4,0,optimal,-1.6926459999999999,-1.6926459999999997,True,True,5
336,A,3,2,1,2,optimal,-20.824509076918222,-20.824509072714104,True,True,3
337,A,5,3,5,0,optimal,-4.290146,-4.290146000000004,True,True,7
338,A,3,3,3,0,optimal,-4.333670000000001,-4.333670000000001,True,True,3
339,A,4,3,2,2,optimal,-17.8741196968505,-17.87411969692895,True,True,3
340,A,5,2,1,4,optimal,-6.764873327826746,-6.76487332760674,True,True,3
341,A,5,1,2,3,optimal,-22.21550167531624,-22.215501674410575,True,True,1
342,A,5,2,3,2,optimal,-5.575049999810945,-5.575049999096207,True,True,1
343,A,5,2,5,0,optimal,-5.7238775,-5.7238775,True,True,7
344,A,5,2,5,0,optimal,-3.3335360000000005,-3.333536,True,True,9
345,A,4,2,4,0,optimal,-4.389299500000002,-4.389299500000001,True,True,3
346,A,4,3,3,1,optimal,-7.438836517762734,-7.438836517346559,True,True,3
347,A,3,1,2,1,optimal,-8.930274725998006,-8.930274700098117,True,True,7
348,A,3,3,1,2,optimal,-10.887536752096262,-10.88753675320051,True,True,1
349,A,3,1,2,1,optimal,7.205761317568267e-12,1.488824528565612e-10,True,True,1
350,A,4,2,3,1,optimal,-11.777892469622325,-11.777892466662077,True,True,5
351,A,3,3,2,1,optimal,-6.167843999986178,-6.167843999350724,True,True,3
352,A,4,3,3,1,optimal,-8.877534999990022,-8.877534997574385,True,True,3
353,A,4,1,2,2,optimal,-7.437757624780803,-7.43775762472273,True,True,5
354,A,3,2,2,1,optimal,-12.19045649975002,-12.190456496068695,True,True,1
355,A,4,2,4,0,optimal,-3.8213165,-3.8213164999999996,True,True,7
356,A,3,2,2,1,optimal,-12.03796811480882,-12.03796805197504,True,True,3
357,A,5,2,3,2,optimal,-17.00206321830261,-17.00206318465465,True,True,3
358,A,4,1,2,2,optimal,-7.985659212037977,-7.985659211304325,True,True,1
359,A,3,2,2,1,optimal,-2.7376816326134343,-2.7376816300034035,True,True,1
360,A,4,1,3,1,optimal,-6.7493429999788574,-6.749342999518103,True,True,5
361,A,4,3,2,2,optimal,-14.101201525068348,-14.101201495318932,True,True,5
362,A,5,1,3,2,optimal,-0.5277079260156579,-0.5277079259881534,True,True,1
363,A,3,3,3,0,optimal,-9.256892,-9.256892,True,True,7
364,A,4,2,3,1,optimal,-9.567798499980942,-9.56779849799498,True,True,5
365,A,3,1,2,1,optimal,-10.049583999937385,-10.049583976467027,True,True,5
366,A,5,1,2,3,optimal,-13.521241185078111,-13.521241183533148,True,True,3
367,A,4,3,2,2,optimal,-10.763330426632034,-10.763330426111786,True,True,3
368,A,5,1,3,2,optimal,-11.398556241347606,-11.398556242917703,True,True,3
369,A,4,2,2,2,optimal,-5.627291912248601,-5.627291911582692,True,True,3
370,A,4,3,1,3,optimal,-7.28267203737719,-7.282672036826218,True,True,3
371,A,5,2,2,3,optimal,-7.190330646151562,-7.190330627764883,True,True,5
372,A,3,3,2,1,optimal,-16.875295712630262,-16.875295837202938,True,True,3
373,A,5,1,1,4,optimal,-11.153672301227628,-11.15367229985857,True,True,3
374,A,3,2,1,2,optimal,-20.167257024664966,-20.16725701815149,True,True,1
375,A,3,1,2,1,optimal,-14.242266499998316,-14.242266474758685,True,True,3
376,A,3,3,2,1,optimal,-8.048261998211126,-8.048261997799894,True,True,3
377,A,5,1,1,4,optimal,-10.736222299251594,-10.736222297496958,True,True,1
378,A,4,1,2,2,optimal,-9.043320573419873,-9.043320572725879,True,True,3
379,A,4,1,2,2,optimal,-11.773032506879364,-11.77303247488669,True,True,3
380,A,3,1,2,1,optimal,-0.20417999998459674,-0.20417999983966084,True,True,3
381,A,3,3,1,2,optimal,-12.07991545729056,-12.079915432409386,True,True,3
382,A,5,2,4,1,optimal,-11.97826699999661,-11.978266999598063,True,True,1
383,A,3,1,3,0,optimal,-9.388743999999999,-9.388743999999999,True,True,3
384,A,5,3,3,2,optimal,-12.128146874199526,-12.128146866192498,True,True,3
385,A,4,2,3,1,optimal,-7.6269979999977595,-7.626997999999999,True,True,5
386,A,5,1,2,3,optimal,-29.229183998124967,-29.2291839751019,True,True,3
387,A,3,3,2,1,optimal,-7.096171998876438,-7.096171993586093,True,True,1
388,A,3,2,2,1,optimal,-6.063453507578847,-6.063453467826698,True,True,3
389,A,4,2,1,3,optimal,-11.085742653322393,-11.08574265344075,True,True,1
390,A,4,3,1,3,optimal,-10.832447215569069,-10.832447210016799,True,True,1
391,A,3,2,3,0,optimal,-2.3709589999999996,-2.3709589999999996,True,True,11
392,A,3,3,1,2,optimal,-11.564223375636855,-11.564223376704568,True,True,3
393,A,5,2,5,0,optimal,-13.5046565,-13.5046565,True,True,9
394,A,4,2,3,1,optimal,-8.011909499997172,-8.011909456013447,True,True,5
395,A,5,3,3,2,optimal,-2.766859393446558,-2.766859393446447,True,True,7
396,A,4,2,2,2,optimal,-10.112969999923365,-10.112969992213808,True,True,3
397,A,4,2,3,1,optimal,-13.987074499996252,-13.987074499201988,True,True,7
398,A,3,2,1,2,optimal,5.983198109059707e-13,3.902805923223595e-09,True,True,1
399,A,5,3,3,2,optimal,-10.769085444791687,-10.769085443429535,True,True,11
400,A,3,1,2,1,optimal,-7.758639568952736,-7.758639568952736,True,True,5
401,A,3,2,1,2,optimal,-10.623609256166347,-10.62360919332719,True,True,3
402,A,5,3,3,2,optimal,-6.731676119804183,-6.731676118759051,True,True,7
403,A,5,1,1,4,optimal,-17.467079960020826,-17.46707996002082,True,True,3
404,A,5,3,3,2,optimal,-11.334485549798329,-11.334485549703128,True,True,7
405,A,3,1,3,0,optimal,-17.931363499999996,-17.9313635,True,True,5
406,A,4,2,3,1,optimal,-0.6154094999603433,-0.6154094981642224,True,True,3
407,A,3,1,1,2,optimal,-11.062455462046293,-11.062455461546788,True,True,3
408,A,5,2,4,1,optimal,-18.75410008088354,-18.75410008088354,True,True,7
409,A,5,2,4,1,optimal,-5.4252216256669294,-5.42522162566693,True,True,3
410,A,3,3,3,0,optimal,-18.555559499999994,-18.5555595,True,True,1
411,A,3,1,2,1,optimal,-14.915235996732058,-14.915235940146095,True,True,3
412,A,5,2,2,3,optimal,-5.692988743937632,-5.692988743720314,True,True,3
413,A,3,3,1,2,optimal,-2.4801080043946295,-2.480108003670605,True,True,3
414,A,5,2,4,1,optimal,-10.382143999394327,-10.382143999750166,True,True,11
415,A,3,2,2,1,optimal,-5.194960999961063,-5.194960999675858,True,True,3
416,A,4,2,3,1,optimal,-7.53954038383368,-7.539540381452472,True,True,11
417,A,5,2,4,1,optimal,-14.877670464443229,-14.87767044551811,True,True,9
418,A,5,2,4,1,optimal,-6.131395998767361,-6.131395996373044,True,True,5
419,A,3,2,3,0,optimal,-10.283907500000002,-10.2839075,True,True,7
420,A,3,1,3,0,optimal,-4.168622000000001,-4.168622,True,True,5
421,A,3,3,2,1,optimal,-4.381026955827579,-4.381026955011659,True,True,3
422,A,4,1,2,2,optimal,-9.202820707681415,-9.202820707681411,True,True,5
423,A,5,1,3,2,optimal,-7.8978394999333545,-7.897839455219541,True,True,7
424,A,5,3,2,3,optimal,-9.898468022337997,-9.89846801322851,True,True,7
425,A,5,1,1,4,optimal,-11.044519766874354,-11.044519760036053,True,True,1
426,A,5,1,3,2,optimal,-6.0971831425972605,-6.097183143876558,True,True,5
427,A,5,2,4,1,optimal,-18.69247475842052,-18.692474744922592,True,True,5
428,A,4,3,4,0,optimal,-18.253479499999997,-18.2534795,True,True,5
429,A,4,1,2,2,optimal,-4.924701154199602,-4.924701153945268,True,True,5
430,A,4,1,3,1,optimal,-7.377767498960381,-7.377767499325996,True,True,5
431,A,5,1,2,3,optimal,-3.49561661431445,-3.49561661431445,True,True,7
432,A,3,3,1,2,optimal,-14.119490064821285,-14.119490052163728,True,True,1
433,A,5,2,2,3,optimal,-13.595790148993231,-13.59579012982896,True,True,1
434,A,4,2,4,0,optimal,-10.685207499999999,-10.685207499999999,True,True,15
435,A,5,1,2,3,optimal,-10.387089630406567,-10.387089631272717,True,True,1
436,A,5,2,4,1,optimal,-18.098766499998014,-18.098766468339434,True,True,3
437,A,3,1,2,1,optimal,-4.65637537663504,-4.656375368317526,True,True,5
438,A,5,1,3,2,optimal,-28.72079402267987,-28.720794021884615,True,True,1
439,A,4,1,2,2,optimal,-5.4762739980612976,-5.476273975888248,True,True,1
440,A,3,3,2,1,optimal,-2.740761999622615,-2.740762,True,True,1
441,A,3,2,2,1,optimal,-12.662730734350601,-12.662730734350603,True,True,5
442,A,3,2,3,0,optimal,-16.543715000000002,-16.543715000000002,True,True,3
443,A,5,1,2,3,optimal,-5.767957287512439,-5.767957287512436,True,True,5
444,A,4,3,2,2,optimal,-4.537846933032496,-4.537846928859163,True,True,3
445,A,5,3,3,2,optimal,-3.5185707664213317,-3.518570767387983,True,True,5
446,A,5,2,4,1,optimal,-10.424849999502605,-10.424849974239782,True,True,3
447,A,3,1,1,2,optimal,-9.667520552502804,-9.667520552609462,True,True,1
448,A,3,2,2,1,optimal,-12.639318404568296,-12.639318546380137,True,True,3
449,A,3,2,2,1,optimal,-8.998084201306272,-8.998084228773324,True,True,3
450,A,3,1,1,2,optimal,-9.31574199989772,-9.315741976872548,True,True,1
451,A,3,1,3,0,optimal,-9.212494,-9.212494,True,True,5
452,A,4,3,1,3,optimal,-22.290677433176327,-22.29067743295691,True,True,3
453,A,5,2,4,1,optimal,-14.727015708323057,-14.727015698914002,True,True,7
454,A,4,2,2,2,optimal,-4.897298274317739,-4.897298274316565,True,True,5
455,A,4,3,2,2,optimal,-0.8146749792063636,-0.8146749789134844,True,True,3
456,A,5,2,3,2,optimal,-7.477987999970967,-7.477987976576189,True,True,7
457,A,4,1,1,3,optimal,-4.035916393870786,-4.03591639800718,True,True,3
458,A,5,1,4,1,optimal,-17.775710642507192,-17.77571044873742,True,True,9
459,A,3,1,2,1,optimal,-14.391267697307219,-14.39126769716442,True,True,1
460,A,4,2,1,3,optimal,-8.948972247633492,-8.948972245047178,True,True,3
461,A,5,3,2,3,optimal,-11.446127483192976,-11.446127453096437,True,True,1
462,A,4,2,4,0,optimal,-5.483154,-5.483154,True,True,11
463,A,4,3,1,3,optimal,-9.775263123384155,-9.77526312352151,True,True,3
464,A,5,2,3,2,optimal,-8.615575934749941,-8.615575932385298,True,True,1
465,A,3,1,2,1,optimal,-5.49877509072278,-5.498775078742623,True,True,3
466,A,5,1,2,3,optimal,-12.231584741639047,-12.231584725295951,True,True,5
467,A,5,3,2,3,optimal,-12.51091365058313,-12.510913633650878,True,True,3
468,A,5,1,2,3,optimal,-23.61174799580001,-23.611747994503247,True,True,1
469,A,5,3,3,2,optimal,-17.30748017833878,-17.30748016846669,True,True,9
470,A,4,2,2,2,optimal,-18.732032278862533,-18.73203227938201,True,True,5
471,A,4,3,3,1,optimal,-6.3448539999871105,-6.344853993614336,True,True,5
472,A,3,1,3,0,optimal,-1.5500579999999995,-1.5500579999999995,True,True,5
473,A,4,2,2,2,optimal,-15.076216115147327,-15.07621611550497,True,True,3
474,A,3,3,1,2,optimal,-3.975243990577633,-3.975243986509441,True,True,3
475,A,3,2,1,2,optimal,-17.985688566370968,-17.985688559366622,True,True,1
476,A,4,2,2,2,optimal,-11.014733266788436,-11.014733265544347,True,True,3
477,A,5,1,2,3,optimal,-5.976584645769023,-5.976584645798281,True,True,1
478,A,5,1,1,4,optimal,-13.958178585432641,-13.958178584555137,True,True,3
479,A,4,1,2,2,optimal,-19.89466802036221,-19.894668023065186,True,True,3
480,A,3,3,2,1,optimal,-8.896454499984355,-8.896454499792743,True,True,3
481,A,3,1,3,0,optimal,-10.847847500000004,-10.8478475,True,True,3
482,A,4,1,2,2,optimal,-8.404629637706051,-8.40462963708368,True,True,5
483,A,3,2,2,1,optimal,-13.653461499966163,-13.653461499732257,True,True,5
484,A,4,3,1,3,optimal,-11.2722985891671,-11.272298589032044,True,True,3
485,A,5,1,4,1,optimal,-22.045114328358178,-22.04511432835818,True,True,15
486,A,5,1,3,2,optimal,-8.51283499988428,-8.512834998778626,True,True,9
487,A,5,2,2,3,optimal,-3.57168371253681,-3.571683706698827,True,True,3
488,A,3,3,3,0,optimal,-17.6707665,-17.6707665,True,True,7
489,A,3,1,2,1,optimal,-12.263254115705614,-12.263254109460854,True,True,5
490,A,3,3,3,0,optimal,-5.324222500000001,-5.324222500000001,True,True,5
491,A,3,1,3,0,optimal,-15.443191999999996,-15.443191999999998,True,True,3
492,A,4,3,2,2,optimal,-8.735590328298882,-8.735590324425655,True,True,7
493,A,5,3,3,2,optimal,-12.775821617940966,-12.775821613981064,True,True,5
494,A,3,2,2,1,optimal,-8.98615199889847,-8.986151999999999,True,True,3
495,A,4,3,1,3,optimal,-19.345637043373586,-19.345637043373586,True,True,3
496,A,5,1,4,1,optimal,-15.573959998275914,-15.57395999899456,True,True,11
497,A,5,2,3,2,optimal,-6.5763516109090565,-6.576351610909061,True,True,9
498,A,4,3,3,1,optimal,-8.744216499988928,-8.7442165,True,True,3
499,A,4,3,3,1,optimal,-1.5028784999990163,-1.5028784999999998,True,True,7
500,A,3,1,2,1,optimal,-10.263846499962051,-10.263846470740464,True,True,3
501,A,5,2,4,1,optimal,-6.516237669220343,-6.516237632657724,True,True,11
502,A,3,2,3,0,optimal,-13.527892000000001,-13.527892,True,True,1
503,A,5,1,3,2,optimal,-11.052726387862815,-11.05272638707775,True,True,1
504,A,4,2,2,2,optimal,-4.334156017048399,-4.3341560077075005,True,True,3
505,A,5,3,1,4,optimal,-11.109398834477796,-11.109398832407336,True,True,1
506,A,4,2,2,2,optimal,-9.571996068561488,-9.571996067768072,True,True,1
507,A,3,2,2,1,optimal,-0.04976345744112045,-0.04976345744112046,True,True,1
508,A,4,3,3,1,optimal,-8.624675274959186,-8.624675275535871,True,True,9
509,A,5,1,4,1,optimal,-4.562750716612976,-4.5627507165692105,True,True,7
510,A,5,3,4,1,optimal,-6.54310149999034,-6.543101499486018,True,True,3
511,A,5,2,4,1,optimal,-7.926724756118247,-7.926724755517464,True,True,9
512,A,5,2,2,3,optimal,-14.020422703934027,-14.020422704842881,True,True,3
513,A,5,2,1,4,optimal,-9.014116942282902,-9.01411693797849,True,True,1
514,A,5,3,3,2,optimal,-0.9236499999780231,-0.9236499998945704,True,True,3
515,A,5,2,3,2,optimal,-30.916696089036694,-30.916696076892975,True,True,7
516,A,4,3,3,1,optimal,-11.432407171309464,-11.432407171309464,True,True,1
517,A,5,2,3,2,optimal,-2.036540196324899,-2.036540195895684,True,True,3
518,A,4,2,1,3,optimal,-7.081370192731128,-7.081370191917646,True,True,1
519,A,3,3,2,1,optimal,-10.881361721577992,-10.881361718087197,True,True,3
520,A,5,2,4,1,optimal,-24.958678870977202,-24.958678855033224,True,True,3
521,A,4,2,3,1,optimal,-12.528928794115076,-12.52892875073804,True,True,3
522,A,5,1,1,4,optimal,-4.804165243573895,-4.8041652435967706,True,True,1
523,A,5,1,3,2,optimal,-28.241656999969948,-28.241656905150826,True,True,5
524,A,5,3,3,2,optimal,-9.253956660464496,-9.253956636448466,True,True,5
525,A,5,3,2,3,optimal,-4.733367517107629,-4.73336751532079,True,True,5
526,A,3,1,2,1,optimal,-27.77233179828859,-27.772331725097033,True,True,1
527,A,5,2,2,3,optimal,-12.899617996152228,-12.899617994566075,True,True,1
528,A,4,2,3,1,optimal,-9.585823653443253,-9.585823653443255,True,True,7
529,A,3,2,1,2,optimal,-14.105287608269563,-14.105287599973945,True,True,1
530,A,5,1,4,1,optimal,-8.221630124965234,-8.221630124965234,True,True,9
531,A,5,2,2,3,optimal,-2.5547179706687455,-2.554717970548333,True,True,5
532,A,4,1,2,2,optimal,-30.33411411942199,-30.334114119090522,True,True,1
533,A,4,2,2,2,optimal,-9.073602772491995,-9.073602747684022,True,True,1
534,A,4,2,2,2,optimal,-23.615953272767083,-23.615953270741752,True,True,3
535,A,4,3,4,0,optimal,-12.886661500000004,-12.886661500000002,True,True,7
536,A,5,3,2,3,optimal,-5.974659999689658,-5.974659999671765,True,True,3
537,A,5,1,4,1,optimal,-14.56303549963288,-14.563035484694984,True,True,7
538,A,3,1,1,2,optimal,-4.608881179817434,-4.608881135638564,True,True,3
539,A,3,2,1,2,optimal,-8.38582426036938,-8.385824243819911,True,True,3
540,A,3,3,2,1,optimal,-13.86846199746296,-13.868461999333519,True,True,1
541,A,4,1,2,2,optimal,-7.6040852898401585,-7.604085289840157,True,True,5
542,A,3,2,1,2,optimal,-9.628460870663567,-9.628460869325254,True,True,3
543,A,5,2,4,1,optimal,-2.4045705258670034,-2.404570525867004,True,True,13
544,A,4,3,3,1,optimal,-12.800351999223071,-12.800351984757834,True,True,7
545,A,5,1,4,1,optimal,-3.965175142765716,-3.9651751310173124,True,True,13
546,A,4,2,2,2,optimal,-11.060590997511337,-11.060590995741215,True,True,3
547,A,5,2,4,1,optimal,-6.950217107806787,-6.950217104395092,True,True,5
548,A,5,1,1,4,optimal,-28.699785895354022,-28.69978577711451,True,True,3
549,A,4,2,4,0,optimal,-4.084739,-4.084739000000001,True,True,9
550,A,3,3,2,1,optimal,-9.876939999859133,-9.876939992599688,True,True,5
551,A,5,1,3,2,optimal,-15.690298221566813,-15.690298221567843,True,True,3
552,A,4,1,3,1,optimal,-7.57734575253603,-7.577345752536031,True,True,5
553,A,3,1,1,2,optimal,-21.7525121237026,-21.752512118215883,True,True,1
554,A,5,3,3,2,optimal,-11.501516729149994,-11.501516729062029,True,True,3
555,A,3,2,1,2,optimal,-6.864198737145442,-6.864198734036496,True,True,1
556,A,3,1,2,1,optimal,-8.368255499913882,-8.368255499866894,True,True,3
557,A,4,2,3,1,optimal,-12.181184291912306,-12.181184291052928,True,True,3
558,A,4,1,3,1,optimal,-2.4154569998733564,-2.4154569785808584,True,True,5
559,A,3,2,3,0,optimal,-8.637529500000001,-8.637529500000001,True,True,15
560,A,3,1,1,2,optimal,-13.547978626007653,-13.547978625955896,True,True,3
561,A,4,3,2,2,optimal,-13.270265046179167,-13.270265038018607,True,True,3
562,A,5,1,3,2,optimal,-10.552638051946104,-10.55263805194871,True,True,3
563,A,3,2,2,1,optimal,-18.49400419849458,-18.49400419849458,True,True,3
564,A,3,2,1,2,optimal,-6.545233999787061,-6.545234000017156,True,True,1
565,A,4,2,2,2,optimal,-13.815157813930668,-13.815157817915738,True,True,1
566,A,4,2,3,1,optimal,-19.188976849752056,-19.188976829912797,True,True,11
567,A,3,2,1,2,optimal,-8.35596511653173,-8.35596511653624,True,True,1
568,A,4,1,4,0,optimal,-14.726006000000002,-14.726005999999998,True,True,13
569,A,4,1,4,0,optimal,-4.2828479999999995,-4.2828479999999995,True,True,5
570,A,4,3,1,3,optimal,-11.865033351963437,-11.865033145310834,True,True,3
571,A,5,3,4,1,optimal,-5.291197034581124,-5.291197033020628,True,True,5
572,A,4,1,4,0,optimal,-5.443366999999999,-5.443367,True,True,5
573,A,5,1,3,2,optimal,-15.959372079622527,-15.959372071742298,True,True,3
574,A,5,3,3,2,optimal,-5.494934133217867,-5.4949348816802805,True,True,3
575,A,4,3,3,1,optimal,-4.550245697656857,-4.5502456966616665,True,True,7
576,A,5,2,1,4,optimal,-4.766054057582197,-4.766054018518971,True,True,1
577,A,3,1,2,1,optimal,-17.64154749999542,-17.641547412471652,True,True,3
578,A,3,2,2,1,optimal,-16.007836499255813,-16.0078365,True,True,3
579,A,4,1,4,0,optimal,-11.649322000000002,-11.649322,True,True,11
580,A,4,1,4,0,optimal,-0.03290149999999992,-0.03290149999999992,True,True,7
581,A,5,1,3,2,optimal,-20.988701499570162,-20.988701494160757,True,True,3
582,A,5,1,4,1,optimal,-11.572621413099283,-11.572621413199952,True,True,9
583,A,4,2,3,1,optimal,-5.064221499993452,-5.064221498676188,True,True,5
584,A,4,1,2,2,optimal,-22.650340234956417,-22.650340228775,True,True,1
585,A,3,2,2,1,optimal,-10.776767499359787,-10.77676749827965,True,True,3
586,A,4,1,2,2,optimal,-8.448235999975353,-8.448235967294664,True,True,3
587,A,4,1,2,2,optimal,-7.776525616823243,-7.77652558420077,True,True,5
588,A,4,2,3,1,optimal,-7.312849999977129,-7.312849968868612,True,True,5
589,A,3,3,1,2,optimal,-0.0005779125966057095,-0.0005779125798453535,True,True,3
590,A,3,1,2,1,optimal,-1.199394999998633,-1.1993949990784318,True,True,5
591,A,4,3,4,0,optimal,-8.565710499999998,-8.5657105,True,True,11
592,A,5,1,3,2,optimal,-24.636559536250424,-24.636559440482714,True,True,3
593,A,4,3,2,2,optimal,-6.407945736206242,-6.407945735967942,True,True,3
594,A,3,2,2,1,optimal,-10.641583351805911,-10.64158335162531,True,True,3
595,A,3,3,3,0,optimal,-4.163674,-4.163674,True,True,5
596,A,3,2,1,2,optimal,-14.16246176778709,-14.16246176778709,True,True,3
597,A,4,3,2,2,optimal,-2.381523738191292,-2.3815237380091334,True,True,3
598,A,3,1,3,0,optimal,-0.7139135,-0.7139135,True,True,3
599,A,5,2,3,2,optimal,-5.425240409590903,-5.425240415886166,True,True,7
600,A,5,1,3,2,optimal,-24.32230099662175,-24.322300931351915,True,True,3
601,A,5,2,1,4,optimal,-24.358177419681965,-24.358177422424532,True,True,1
602,A,5,3,2,3,optimal,-10.1025471100617,-10.102547110443696,True,True,3
603,A,4,2,3,1,optimal,-11.157860830127678,-11.157860833661271,True,True,3
604,A,4,2,2,2,optimal,-6.126046227837717,-6.1260462199756915,True,True,3
605,A,5,1,2,3,optimal,-16.270837608108803,-16.270837463677314,True,True,5
606,A,4,1,3,1,optimal,-33.80843249771844,-33.80843249416731,True,True,1
607,A,5,3,2,3,optimal,-9.389133125951824,-9.3891331259516,True,True,5
608,A,3,2,2,1,optimal,-16.231957396746672,-16.231957385787716,True,True,1
609,A,3,2,1,2,optimal,-16.271809997347738,-16.271809997297773,True,True,1
610,A,5,3,3,2,optimal,-9.849212999832716,-9.84921295592306,True,True,11
611,A,4,2,3,1,optimal,-13.61396115440008,-13.613961157231413,True,True,3
612,A,3,2,1,2,optimal,-12.641787015414248,-12.641787015707369,True,True,1
613,A,4,2,3,1,optimal,-6.583598751629019,-6.583598739820932,True,True,5
614,A,3,3,1,2,optimal,-7.970285287735362,-7.97028528790108,True,True,1
615,A,4,3,3,1,optimal,-4.652463999998014,-4.652464,True,True,3
616,A,4,2,3,1,optimal,-1.8481554999963075,-1.8481555000000003,True,True,3
617,A,3,3,2,1,optimal,-7.186148714579117,-7.186148714579118,True,True,1
618,A,3,1,3,0,optimal,-13.586191,-13.586191,True,True,11
619,A,5,3,1,4,optimal,-17.95438132588319,-17.954381323445777,True,True,1
620,A,5,1,2,3,optimal,-8.853993748706293,-8.85399374876325,True,True,3
621,A,3,3,3,0,optimal,-1.4492865,-1.4492865,True,True,11
622,A,3,1,3,0,optimal,-8.400033999999998,-8.400033999999998,True,True,7
623,A,5,2,5,0,optimal,-14.906127999999995,-14.906127999999999,True,True,25
624,A,3,3,2,1,optimal,-9.124471498058368,-9.124471486814196,True,True,13
625,A,4,2,4,0,optimal,-1.7564920000000002,-1.7564920000000002,True,True,7
626,A,3,1,2,1,optimal,-7.588450896775828,-7.588450896767248,True,True,5
627,A,3,3,1,2,optimal,-3.951003381594516,-3.95100337679946,True,True,3
628,A,5,2,5,0,optimal,-24.448698500000003,-24.448698499999995,True,True,9
629,A,3,1,3,0,optimal,-19.783259,-19.783258999999997,True,True,3
630,A,4,3,1,3,optimal,-6.609440344364423,-6.609440344364424,True,True,3
631,A,5,2,3,2,optimal,-10.866717392237357,-10.866717392744455,True,True,3
632,A,4,3,4,0,optimal,-3.9172239999999996,-3.9172239999999996,True,True,11
633,A,3,3,2,1,optimal,-0.8326164999981924,-0.8326164999999999,True,True,3
634,A,5,3,3,2,optimal,-9.028895857354197,-9.02889585732986,True,True,3
635,A,3,3,2,1,optimal,-11.890504499938448,-11.890504499258801,True,True,1
636,A,5,2,4,1,optimal,-3.7021355692855185,-3.7021355854190903,True,True,3
637,A,3,2,2,1,optimal,-9.629992113585255,-9.629992113585251,True,True,9
638,A,4,2,4,0,optimal,-8.416676,-8.416676,True,True,17
639,A,4,2,3,1,optimal,-13.748508623250304,-13.748508626998063,True,True,1
640,A,5,1,4,1,optimal,-26.49482299988889,-26.494822935597558,True,True,7
641,A,4,2,2,2,optimal,-20.129843494324412,-20.1298434952935,True,True,7
642,A,5,2,2,3,optimal,-12.64457881304902,-12.644578807139144,True,True,5
643,A,4,2,1,3,optimal,-2.7078464197463603,-2.7078464196562897,True,True,1
644,A,4,3,4,0,optimal,-8.1785095,-8.178509499999999,True,True,5
645,A,3,3,2,1,optimal,-4.954558412442006,-4.9545584126799085,True,True,3
646,A,5,2,4,1,optimal,-10.498186510436012,-10.498186510070813,True,True,7
647,A,4,3,2,2,optimal,-10.36733126748601,-10.367331180982916,True,True,5
648,A,3,2,1,2,optimal,-15.172888564421095,-15.17288856328591,True,True,3
649,A,5,1,1,4,optimal,-33.00429665762485,-33.00429665221343,True,True,3
650,A,3,2,2,1,optimal,-7.1429379996381765,-7.142938,True,True,1
651,A,5,2,3,2,optimal,-27.19070144285825,-27.190701440012113,True,True,5
652,A,5,1,3,2,optimal,-11.76478884445149,-11.764788844257547,True,True,3
653,A,5,1,3,2,optimal,-13.050699385651695,-13.050699383808775,True,True,3
654,A,5,1,4,1,optimal,-16.908016914650492,-16.90801688767942,True,True,7
655,A,5,2,4,1,optimal,-14.325017393144444,-14.325017391805586,True,True,3
656,A,5,3,2,3,optimal,-4.055470499875886,-4.055470499890054,True,True,3
657,A,5,1,3,2,optimal,-0.29595444486036077,-0.2959544447335485,True,True,3
658,A,4,3,3,1,optimal,-17.628164512834033,-17.62816448385179,True,True,7
659,A,3,1,2,1,optimal,-24.238330499896552,-24.238330472302763,True,True,1
660,A,3,3,2,1,optimal,-3.6776369999957774,-3.6776369975247705,True,True,3
661,A,3,2,1,2,optimal,-16.59046394658109,-16.590463937137287,True,True,1
662,A,3,1,2,1,optimal,-0.9267914999941907,-0.9267914988238862,True,True,5
663,A,5,2,3,2,optimal,-12.693917001141372,-12.693917002948401,True,True,4
664,A,4,3,1,3,optimal,-0.957885341894459,-0.9578853417111522,True,True,3
665,A,3,3,2,1,optimal,-12.246894608302696,-12.246894606864863,True,True,3
666,A,4,3,3,1,optimal,-5.556374999974147,-5.556374999999999,True,True,11
667,A,5,1,3,2,optimal,-24.751721165572746,-24.751721178668372,True,True,5
668,A,5,3,3,2,optimal,-14.633947714064535,-14.633947703918455,True,True,3
669,A,5,3,4,1,optimal,-8.933492999964653,-8.933492999400228,True,True,11
670,A,5,3,2,3,optimal,-14.23295132890786,-14.23295130389629,True,True,3
671,A,3,3,2,1,optimal,-6.189041999845884,-6.1890419999565705,True,True,3
672,A,3,3,2,1,optimal,-10.011972220591279,-10.011972208074011,True,True,3
673,A,4,1,2,2,optimal,-10.287710584124477,-10.287710581970792,True,True,3
674,A,4,1,3,1,optimal,-17.862341846316006,-17.862342113003113,True,True,3
675,A,4,1,2,2,optimal,-10.663927998250209,-10.663927998250209,True,True,5
676,A,5,3,1,4,optimal,-7.823707429917703,-7.823707234042152,True,True,2
677,A,5,1,4,1,optimal,-11.068301499939007,-11.068301493937208,True,True,5
678,A,3,3,2,1,optimal,-2.114140499984467,-2.1141404991908073,True,True,7
679,A,5,3,1,4,optimal,-7.827706807991916,-7.827706809267509,True,True,3
680,A,5,1,1,4,optimal,-16.888416384314255,-16.888416384570718,True,True,1
681,A,5,1,5,0,optimal,-10.376135999999999,-10.376135999999999,True,True,5
682,A,5,2,3,2,optimal,-6.1216488361062105,-6.121648836435663,True,True,1
683,A,5,2,3,2,optimal,-12.85919361788277,-12.859193602700602,True,True,11
684,A,4,1,2,2,optimal,-2.623205058543717,-2.623205058352809,True,True,3
685,A,5,2,3,2,optimal,-10.385225221948119,-10.385225210698998,True,True,3
686,A,3,2,2,1,optimal,-8.807383927605802,-8.807383872032498,True,True,3
687,A,3,2,1,2,optimal,-0.6110896784305343,-0.6110896776596809,True,True,1
688,A,5,3,4,1,optimal,-7.863514499999999,-7.863514499009721,True,True,17
689,A,4,2,2,2,optimal,-12.118340993852867,-12.118340993276094,True,True,1
690,A,5,1,4,1,optimal,-18.312783023724954,-18.31278302199631,True,True,5
691,A,3,2,2,1,optimal,5.2051911734404315e-11,1.202748374317991e-10,True,True,1
692,A,5,3,5,0,optimal,-13.167715500000002,-13.167715500000003,True,True,25
693,A,4,1,3,1,optimal,-8.015088498706904,-8.015088460856461,True,True,3
694,A,3,1,1,2,optimal,-20.901958671105096,-20.90195882553028,True,True,3
695,A,4,2,1,3,optimal,-2.14160462657477,-2.141604624858704,True,True,1
696,A,3,2,3,0,optimal,-10.037892999999997,-10.037892999999999,True,True,3
697,A,3,1,1,2,optimal,-0.14944176891733812,-0.14944176862452016,True,True,1
698,A,3,2,1,2,optimal,-10.09295132196442,-10.09295132192366,True,True,1
699,A,5,3,3,2,optimal,-4.986179418065988,-4.986179417948929,True,True,5
1000,B,8,6,3,5,optimal,-8.902274669774057,-8.902274666842267,True,True,5
1001,B,7,4,3,4,optimal,-10.229075581123324,-10.229075581235147,True,True,7
1002,B,7,4,4,3,optimal,-7.293234965508772,-7.293234959886142,True,True,7
1003,B,8,3,4,4,optimal,-6.156961088008979,-6.156961057699013,True,True,7
1004,B,9,6,3,6,optimal,-7.340950322390166,-7.3409503023512475,True,True,5
1005,B,10,6,4,6,optimal,-16.249358711536033,-16.24935871323669,True,True,5
1006,B,7,4,3,4,optimal,-25.69891759335316,-25.698917593013924,True,True,5
1007,B,10,5,3,7,optimal,-12.366697821164523,-12.366697781638358,True,True,1
1008,B,9,4,4,5,optimal,-14.276129680868442,-14.276129678073357,True,True,1
1009,B,9,4,3,6,optimal,-7.63479648630448,-7.634796485684815,True,True,3
1010,B,9,5,3,6,optimal,-15.608475376695349,-15.608475376665703,True,True,7
1011,B,7,6,3,4,optimal,-15.95033188869224,-15.950331884518853,True,True,3
1012,B,9,5,4,5,optimal,-3.1849890523691324,-3.1849890487956656,True,True,5
1013,B,8,4,3,5,optimal,-22.46208938534657,-22.462089362080032,True,True,3
1014,B,10,4,3,7,optimal,-12.244167373111818,-12.244167373106079,True,True,1
1015,B,8,4,3,5,optimal,-12.342075864259185,-12.342075861905927,True,True,5
1016,B,8,4,4,4,optimal,-8.428197579858626,-8.428197576409747,True,True,3
1017,B,10,6,3,7,optimal,-6.645434525268624,-6.645434525271886,True,True,3
1018,B,9,3,4,5,optimal,-7.434286876686821,-7.434286877534305,True,True,7
1019,B,7,5,4,3,optimal,-5.252324568729295,-5.252324568899056,True,True,3
1020,B,7,5,4,3,optimal,-3.965020723605829,-3.965020723421406,True,True,9
1021,B,8,6,3,5,optimal,-7.703652063739777,-7.703652057340159,True,True,3
1022,B,7,5,3,4,optimal,-13.334021072412682,-13.334021071559016,True,True,3
1023,B,7,4,4,3,optimal,-7.432282015319474,-7.432282014657245,True,True,5
1024,B,10,4,4,6,optimal,-15.676970422195856,-15.676970421346642,True,True,1
1025,B,9,6,3,6,optimal,-4.154253575949,-4.1542535759815635,True,True,3
1026,B,9,3,4,5,optimal,-11.780197720975364,-11.78019771937446,True,True,3
1027,B,10,5,3,7,optimal,-7.815941813370357,-7.815941818073858,True,True,1
1028,B,7,3,3,4,optimal,-8.982949158378194,-8.982949135696115,True,True,3
1029,B,7,6,3,4,optimal,-3.97739135554254,-3.9773913557700737,True,True,5
1030,B,8,3,4,4,optimal,-12.882001055618392,-12.882001075846002,True,True,3
1031,B,9,5,3,6,optimal,-10.593039066967819,-10.593039078153598,True,True,1
1032,B,8,6,4,4,optimal,-3.6787795987080334,-3.678779597917526,True,True,9
1033,B,9,4,4,5,optimal,-10.98907745719921,-10.98907745500535,True,True,7
1034,B,10,5,3,7,optimal,-14.056786733718805,-14.056786967258928,True,True,5
1035,B,7,4,3,4,optimal,-8.817593116747055,-8.817593208307295,True,True,3
1036,B,7,6,4,3,optimal,-15.614375960387761,-15.614375958308326,True,True,1
1037,B,7,5,4,3,optimal,-9.395133647823945,-9.39513364872342,True,True,11
1038,B,10,5,3,7,optimal,-11.14484691116466,-11.144846910022329,True,True,1
1039,B,7,6,3,4,optimal,-8.266836141343855,-8.26683611609449,True,True,3
1040,B,10,4,4,6,optimal,-9.098920506257407,-9.098920516755397,True,True,5
1041,B,8,4,4,4,optimal,-20.001214760297398,-20.001214754422595,True,True,7
1042,B,9,4,4,5,optimal,-9.510148053653909,-9.510148020545552,True,True,1
1043,B,10,4,3,7,optimal,-10.92380548313015,-10.923805444633448,True,True,3
1044,B,10,5,4,6,optimal,-12.083412878047847,-12.083412876009929,True,True,5
1045,B,7,6,4,3,optimal,-5.7313823057866395,-5.731382305934044,True,True,11
1046,B,9,6,4,5,optimal,-10.039187676412798,-10.039187659774203,True,True,7
1047,B,7,4,3,4,optimal,-7.683796245075269,-7.683796245881188,True,True,5
1048,B,7,5,4,3,optimal,-2.554326665481734,-2.5543266436963834,True,True,5
1049,B,7,4,3,4,optimal,-17.52357483293238,-17.523574834542856,True,True,5
1050,B,7,6,3,4,optimal,-4.510177203934665,-4.510177199550535,True,True,5
1051,B,9,4,3,6,optimal,-15.034199188539326,-15.034199173821262,True,True,5
1052,B,10,4,4,6,optimal,-8.955622656725636,-8.955622662890969,True,True,7
1053,B,8,6,4,4,optimal,-2.5928779798092285,-2.5928779798092245,True,True,5
1054,B,9,4,4,5,optimal,-12.438406037260696,-12.438406036585281,True,True,3
1055,B,10,3,4,6,optimal,-13.315025154650446,-13.315025154605808,True,True,7
1056,B,10,5,4,6,optimal,-14.384682547193467,-14.384682547174275,True,True,3
1057,B,7,3,4,3,optimal,-20.17388924195889,-20.173889241768425,True,True,7
1058,B,8,4,4,4,optimal,-11.701996937544575,-11.701996905401174,True,True,5
1059,B,9,3,3,6,optimal,-12.019801981596224,-12.019801983176274,True,True,3
1060,B,10,3,4,6,optimal,-23.897887586404625,-23.89788758469686,True,True,7
1061,B,9,5,3,6,optimal,-10.218843606296737,-10.218843605863224,True,True,7
1062,B,8,6,3,5,optimal,-6.018661322302598,-6.0186613222618135,True,True,7
1063,B,9,3,3,6,optimal,-13.639045626603092,-13.639045618819274,True,True,5
1064,B,7,5,4,3,optimal,-6.913361992517939,-6.9133619917325015,True,True,11
1065,B,10,3,3,7,optimal,-17.572246155867916,-17.572246154371307,True,True,7
1066,B,10,4,4,6,optimal,-7.253757393330812,-7.253757387645033,True,True,1
1067,B,10,6,3,7,optimal,-11.246215847358727,-11.246215840184632,True,True,5
1068,B,10,3,3,7,optimal,-25.580454824659473,-25.580454780644608,True,True,1
1069,B,10,6,3,7,optimal,-8.027504743879312,-8.027504744126256,True,True,5
1070,B,9,3,4,5,optimal,-5.827733288484908,-5.827733288255938,True,True,7
1071,B,7,5,3,4,optimal,-22.941059772966923,-22.941059753281458,True,True,1
1072,B,9,6,3,6,optimal,-10.887760856495666,-10.887760847925538,True,True,3
1073,B,10,3,4,6,optimal,-9.008323849306258,-9.008323832939332,True,True,7
1074,B,9,3,3,6,optimal,-18.992800556803193,-18.99280056675246,True,True,5
1075,B,8,6,3,5,optimal,-16.000536701859957,-16.000536693155567,True,True,3
1076,B,9,6,3,6,optimal,-10.262439012791743,-10.262438994979625,True,True,3
1077,B,10,3,4,6,optimal,-4.475705607573894,-4.475705604814454,True,True,5
1078,B,7,6,3,4,optimal,-2.7619888802969075,-2.7619888802546777,True,True,5
1079,B,10,3,3,7,optimal,-3.476059417968326,-3.476059417932836,True,True,7
1080,B,10,3,3,7,optimal,-6.826752006108505,-6.826752007489354,True,True,3
1081,B,9,5,4,5,optimal,-7.529589442504575,-7.529589444183446,True,True,7
1082,B,7,6,3,4,optimal,-7.244615610061433,-7.244615609180519,True,True,5
1083,B,8,4,4,4,optimal,-18.99959418670344,-18.999594188055624,True,True,3
1084,B,8,6,4,4,optimal,-12.59121120867546,-12.591211207925182,True,True,9
1085,B,10,5,3,7,optimal,-3.5580115148408447,-3.5580115149478355,True,True,7
1086,B,10,5,3,7,optimal,-12.312201056155166,-12.312201042370912,True,True,3
1087,B,10,6,4,6,optimal,-7.955956357868594,-7.955956333634157,True,True,5
1088,B,10,4,3,7,optimal,-13.373951785936082,-13.373951799223228,True,True,7
1089,B,9,6,3,6,optimal,-7.931789958881407,-7.931789951247712,True,True,1
1090,B,9,5,3,6,optimal,-12.808613447937901,-12.808613407760756,True,True,3
1091,B,9,5,3,6,optimal,-7.016632314559959,-7.016632301192065,True,True,3
1092,B,10,4,3,7,optimal,-8.313403041919788,-8.313403041837043,True,True,1
1093,B,8,4,3,5,optimal,-4.907103049565999,-4.90710304873671,True,True,5
1094,B,8,5,3,5,optimal,-18.775448885439037,-18.775448878125747,True,True,3
1095,B,8,5,4,4,optimal,-9.868728423408154,-9.868728418030624,True,True,7
1096,B,10,3,4,6,optimal,-13.654685615865006,-13.654685615228672,True,True,3
1097,B,7,4,4,3,optimal,-8.725420233666192,-8.72542023618249,True,True,5
1098,B,8,5,3,5,optimal,-7.082263547925146,-7.082263547534621,True,True,5
1099,B,9,5,4,5,optimal,-4.970311159598382,-4.970311158783137,True,True,5
1100,B,7,5,3,4,optimal,-13.211731127719633,-13.211731093272345,True,True,13
1101,B,10,5,4,6,optimal,-12.684256616569552,-12.684256613417624,True,True,7
1102,B,10,3,4,6,optimal,-7.744656125769206,-7.744656134883034,True,True,3
1103,B,8,5,4,4,optimal,-9.023479312167355,-9.023479311118795,True,True,3
1104,B,7,4,4,3,optimal,-14.484052727150239,-14.484052727065894,True,True,3
1105,B,10,4,3,7,optimal,-16.30789382245517,-16.307893826416223,True,True,3
1106,B,8,4,4,4,optimal,-12.11878315813224,-12.118783154765989,True,True,5
1107,B,7,5,3,4,optimal,-4.60208868885421,-4.602088686801728,True,True,5
1108,B,9,3,4,5,optimal,-22.536275762264328,-22.536275766682884,True,True,5
1109,B,7,5,4,3,optimal,-8.98663727421214,-8.986637246255995,True,True,9
1110,B,9,5,3,6,optimal,-10.184192457178442,-10.184192389459595,True,True,5
1111,B,8,3,4,4,optimal,-14.194922582663752,-14.19492258006598,True,True,15
1112,B,8,5,3,5,optimal,-7.083223109703716,-7.083223094290782,True,True,3
1113,B,8,5,3,5,optimal,-9.478578841841959,-9.478578856003951,True,True,3
1114,B,9,4,3,6,optimal,-5.8718265168766575,-5.87182651557146,True,True,7
1115,B,8,4,4,4,optimal,-8.917541376359381,-8.91754137724812,True,True,7
1116,B,7,3,3,4,optimal,-9.186056206452085,-9.186056206430376,True,True,1
1117,B,7,5,4,3,optimal,-11.87981463820579,-11.879814651542608,True,True,7
1118,B,10,5,3,7,optimal,-5.776733250705483,-5.776733250405931,True,True,3
1119,B,9,6,4,5,optimal,-14.952501688217023,-14.952501668215945,True,True,5
1120,B,8,5,4,4,optimal,-12.363305759393729,-12.363305757359829,True,True,5
1121,B,7,6,3,4,optimal,-11.903918915566818,-11.903918914268168,True,True,3
1122,B,7,4,4,3,optimal,-12.345108144711238,-12.345108135788145,True,True,3
1123,B,8,6,4,4,optimal,-8.51852797582759,-8.518527977828324,True,True,15
1124,B,8,3,3,5,optimal,-6.023913363372937,-6.023913363349636,True,True,5
1125,B,10,5,4,6,optimal,-11.478912703354624,-11.478912595306578,True,True,11
1126,B,7,5,4,3,optimal,-7.199391792018989,-7.199391786793591,True,True,3
1127,B,8,6,4,4,optimal,-9.644462618697794,-9.644462618681171,True,True,7
1128,B,10,3,4,6,optimal,-15.633331975822413,-15.633331980881243,True,True,7
1129,B,8,5,4,4,optimal,-11.611040827227377,-11.611040825973692,True,True,5
1130,B,10,4,3,7,optimal,-10.92342289367685,-10.92342291324211,True,True,3
1131,B,9,5,4,5,optimal,-14.069785039164401,-14.069785020870464,True,True,9
1132,B,9,5,4,5,optimal,-9.631038553240886,-9.631038552955172,True,True,7
1133,B,10,5,4,6,optimal,-11.448395185176782,-11.448395184795238,True,True,3
1134,B,8,3,4,4,optimal,-14.193878927594042,-14.193878901482964,True,True,7
1135,B,7,4,3,4,optimal,-6.591751143415584,-6.591751148452167,True,True,3
1136,B,10,3,4,6,optimal,-8.659218309693223,-8.659218293675467,True,True,5
1137,B,10,5,3,7,optimal,-8.205610239940958,-8.205610215740194,True,True,3
1138,B,10,6,4,6,optimal,-14.140060001630086,-14.140060002743962,True,True,3
1139,B,10,4,4,6,optimal,-5.970970550963032,-5.9709705271155284,True,True,11
1140,B,10,3,4,6,optimal,-14.442711733606586,-14.442711733796054,True,True,5
1141,B,9,3,4,5,optimal,-5.8954311691800285,-5.895431124116326,True,True,9
1142,B,7,5,4,3,optimal,-12.360158511338232,-12.36015851400392,True,True,5
1143,B,8,6,3,5,optimal,-9.367792181401464,-9.367792133643418,True,True,2
1144,B,8,6,4,4,optimal,-5.789671710618376,-5.789671701846111,True,True,5
1145,B,8,6,4,4,optimal,-12.337737173260939,-12.337737156482149,True,True,5
1146,B,7,6,3,4,optimal,-4.861417981535688,-4.861417987926113,True,True,5
1147,B,8,5,3,5,optimal,-6.906299764009793,-6.906299761271676,True,True,1
1148,B,7,4,3,4,optimal,-1.7297352912242114,-1.7297352912085828,True,True,5
1149,B,10,6,4,6,optimal,-14.464667905433839,-14.4646679018356,True,True,5
1150,B,7,3,4,3,optimal,-22.680362213002503,-22.68036223646029,True,True,3
1151,B,9,3,3,6,optimal,-10.060881724551558,-10.060881719401316,True,True,5
1152,B,10,3,3,7,optimal,-16.19871115325998,-16.1987111497489,True,True,7
1153,B,9,5,3,6,optimal,-9.254888609036579,-9.254888608014836,True,True,1
1154,B,10,4,4,6,optimal,-6.456046922346525,-6.4560469205582915,True,True,7
1155,B,7,6,3,4,optimal,-11.602582728914662,-11.60258279225267,True,True,3
1156,B,8,6,3,5,optimal,-15.526059294751166,-15.526059296430844,True,True,15
1157,B,10,3,3,7,optimal,-11.821340343793139,-11.821340336070197,True,True,5
1158,B,7,3,3,4,optimal,-13.906658798789596,-13.906658793400851,True,True,7
1159,B,7,4,4,3,optimal,-6.1794413317772054,-6.179441330431057,True,True,7
1160,B,10,4,3,7,optimal,-7.924223439288807,-7.924223429562321,True,True,5
1161,B,10,6,3,7,optimal,-13.472792519937352,-13.472792596786103,True,True,5
1162,B,8,5,4,4,optimal,-4.119593292210285,-4.1195932907772885,True,True,7
1163,B,7,5,4,3,optimal,-6.928204476546499,-6.92820446857675,True,True,3
1164,B,7,3,4,3,optimal,-7.462514204520602,-7.46251433265674,True,True,7
1165,B,10,4,4,6,optimal,-8.05928335280215,-8.059283352020135,True,True,5
1166,B,9,3,3,6,optimal,-13.364284274401987,-13.364284273826351,True,True,1
1167,B,10,4,3,7,optimal,-12.32572654499439,-12.325726545170136,True,True,5
1168,B,9,6,4,5,optimal,-10.869402358372785,-10.869402339165312,True,True,7
1169,B,10,5,3,7,optimal,-13.129595588584914,-13.129595155035966,True,True,5
1170,B,10,4,4,6,optimal,-13.454848451768006,-13.454848432280773,True,True,5
1171,B,8,4,4,4,optimal,-18.487992881516785,-18.487992889709407,True,True,5
1172,B,8,4,4,4,optimal,-16.62292099390112,-16.62292095641989,True,True,7
1173,B,7,4,4,3,optimal,-15.322756611006774,-15.322756601051974,True,True,11
1174,B,9,3,4,5,optimal,-8.484533256299342,-8.48453325623052,True,True,7
1175,B,9,3,4,5,optimal,-12.939647865587416,-12.939647795066552,True,True,3
1176,B,8,4,3,5,optimal,-17.46211708564908,-17.462117039282585,True,True,5
1177,B,8,3,4,4,optimal,-6.054209344988021,-6.05420934616252,True,True,3
1178,B,8,3,4,4,optimal,-9.5360287560372,-9.536028751182426,True,True,5
1179,B,7,6,4,3,optimal,-17.289534180966214,-17.28953418166389,True,True,9
1180,B,10,5,3,7,optimal,-7.619269446879867,-7.619269442894435,True,True,1
1181,B,10,3,3,7,optimal,-7.570073935147918,-7.570073936619821,True,True,7
1182,B,8,3,3,5,optimal,-10.921108815774922,-10.921108815630708,True,True,5
1183,B,10,5,4,6,optimal,-10.371929408614019,-10.371929369870392,True,True,9
1184,B,8,5,3,5,optimal,-11.618313499577763,-11.618313498439518,True,True,3
1185,B,8,3,3,5,optimal,-6.77281868294345,-6.772818683070114,True,True,3
1186,B,10,3,4,6,optimal,-7.125611135051268,-7.125611134979624,True,True,3
1187,B,8,6,3,5,optimal,-11.45326006995934,-11.453260065209271,True,True,3
1188,B,10,6,4,6,optimal,-13.931070131049916,-13.931070110965354,True,True,7
1189,B,9,3,4,5,optimal,-6.440782009759587,-6.440782004336059,True,True,9
1190,B,10,6,3,7,optimal,-14.848064681296172,-14.848064681117455,True,True,1
1191,B,8,5,4,4,optimal,-15.810744277246133,-15.810744276787364,True,True,3
1192,B,7,5,4,3,optimal,-14.58987355801105,-14.589873548330285,True,True,1
1193,B,7,6,4,3,optimal,-4.646923039482075,-4.646923039110282,True,True,3
1194,B,8,6,4,4,optimal,-10.392568314397408,-10.39256831030564,True,True,7
1195,B,7,3,4,3,optimal,-7.6153480131744375,-7.6153480125495925,True,True,1
1196,B,9,3,4,5,optimal,-15.807501436074016,-15.80750143513719,True,True,5
1197,B,8,6,3,5,optimal,-8.270581371950108,-8.270581367426008,True,True,3
1198,B,10,5,3,7,optimal,-27.906718317953697,-27.906718303009775,True,True,7
1199,B,7,6,3,4,optimal,-6.8035378491269105,-6.803537851412459,True,True,9
2000,C,9,5,5,4,optimal,-16.488071803723173,-16.48807179330668,True,True,15
2001,C,8,5,5,3,optimal,-7.491755103402485,-7.491755103402483,True,True,13
2002,C,10,4,5,5,optimal,-6.118710369354579,-6.118710372679648,True,True,11
2003,C,8,5,5,3,optimal,-9.717738475716022,-9.717738482512255,True,True,5
2004,C,10,3,5,5,optimal,-16.294601646941167,-16.294601605985942,True,True,21
2005,C,8,4,5,3,optimal,-7.497332645909083,-7.4973325913708315,True,True,5
2006,C,10,5,5,5,optimal,-7.621723026399182,-7.621722998385156,True,True,7
2007,C,9,5,5,4,optimal,-8.888065344417795,-8.888065303277514,True,True,5
2008,C,8,3,5,3,optimal,-8.47889706506904,-8.478897059029006,True,True,7
2009,C,9,3,5,4,optimal,-1.3081180863713906,-1.3081180863082487,True,True,11
2010,C,8,6,5,3,optimal,-7.029261641643597,-7.029261674689476,True,True,7
2011,C,10,3,5,5,optimal,-6.173782188502349,-6.173781842859995,True,True,5
2012,C,10,3,5,5,optimal,-14.263051913775033,-14.263051941626491,True,True,7
2013,C,8,3,5,3,optimal,-14.511627332037603,-14.511627323481946,True,True,15
2014,C,10,3,5,5,optimal,-12.56963603440406,-12.56963602250942,True,True,3
2015,C,10,5,5,5,optimal,-28.526255691888192,-28.526255688010593,True,True,5
2016,C,10,4,5,5,optimal,-16.515356144601434,-16.515356142035685,True,True,7
2017,C,9,4,5,4,optimal,-4.817371997403624,-4.8173719974758145,True,True,11
2018,C,10,4,5,5,optimal,-22.11805765108392,-22.118057868652112,True,True,21
2019,C,9,6,5,4,optimal,-8.804163159874363,-8.804163330485482,True,True,9
2020,C,9,3,5,4,optimal,-12.531681898240306,-12.531681884840717,True,True,9
2021,C,10,3,5,5,optimal,-15.154796066447732,-15.15479604621038,True,True,3
2022,C,10,3,5,5,optimal,-17.977174068244686,-17.977174058752066,True,True,9
2023,C,10,3,5,5,optimal,-6.099567382555399,-6.099567388320297,True,True,13
2024,C,8,4,5,3,optimal,-9.434633453557765,-9.434633419215459,True,True,7
2025,C,10,3,5,5,optimal,-18.529075625042193,-18.529075624949357,True,True,11
2026,C,9,5,5,4,optimal,-9.37224390665904,-9.372243906547164,True,True,5
2027,C,9,6,5,4,optimal,-7.307171661731226,-7.307171662865297,True,True,3
2028,C,8,5,5,3,optimal,-5.6392035186021925,-5.639203518697456,True,True,5
2029,C,9,5,5,4,optimal,-6.363710031904319,-6.363710031421887,True,True,11
2030,C,8,6,5,3,optimal,-12.407820853163432,-12.407820853596366,True,True,7
2031,C,9,5,5,4,optimal,-9.458776316403185,-9.458776321507553,True,True,3
2032,C,8,6,5,3,optimal,-10.6352306992255,-10.635230696760184,True,True,7
2033,C,9,5,5,4,optimal,-10.754389308679162,-10.754389305788898,True,True,7
2034,C,9,4,5,4,optimal,-13.60872544937439,-13.608725448692844,True,True,5
2035,C,10,6,5,5,optimal,-7.200552232475915,-7.2005522325540685,True,True,7
2036,C,8,5,5,3,optimal,-6.567380484990941,-6.567380484976995,True,True,9
2037,C,9,6,5,4,optimal,-8.485648998539983,-8.48564900105637,True,True,7
2038,C,9,6,5,4,optimal,-9.965992328301613,-9.965992330255155,True,True,3
2039,C,9,6,5,4,optimal,-11.250154659204647,-11.250154658470624,True,True,5
2040,C,8,4,5,3,optimal,-16.91614369439849,-16.916143723149144,True,True,7
2041,C,9,6,5,4,optimal,-11.678265266022937,-11.67826522752561,True,True,7
2042,C,8,3,5,3,optimal,-7.486250278354907,-7.48625024685658,True,True,7
2043,C,9,3,5,4,optimal,-11.851156518683272,-11.851156517651123,True,True,7
2044,C,8,5,5,3,optimal,-10.109486708713824,-10.109486700765139,True,True,7
2045,C,10,3,5,5,optimal,-15.995818405615863,-15.995818403348405,True,True,11
2046,C,9,3,5,4,optimal,-7.046606253035138,-7.046606218529783,True,True,13
2047,C,8,5,5,3,optimal,-10.282077908252637,-10.282077908141417,True,True,5
2048,C,10,6,5,5,optimal,-9.525895066769154,-9.52589506576811,True,True,9
2049,C,8,5,5,3,optimal,-13.393095863937333,-13.393095863792954,True,True,3
2050,C,9,6,5,4,optimal,-9.01972547512386,-9.019725440044077,True,True,6
2051,C,8,5,5,3,optimal,-11.40321082085388,-11.403210819827478,True,True,19
2052,C,8,4,5,3,optimal,-2.7304802347319894,-2.73048023415713,True,True,5
2053,C,8,6,5,3,optimal,-8.90387736534423,-8.903877364380019,True,True,1
2054,C,9,4,5,4,optimal,-11.27171594639266,-11.27171594378994,True,True,3
2055,C,8,5,5,3,optimal,-10.508297009391816,-10.508297014536176,True,True,29
2056,C,8,3,5,3,optimal,-12.526691774956864,-12.526691774491418,True,True,3
2057,C,10,4,5,5,optimal,-11.872560728283258,-11.87256072851895,True,True,11
2058,C,8,4,5,3,optimal,-7.9115606734472355,-7.911560671055829,True,True,5
2059,C,9,5,5,4,optimal,-5.289514654930899,-5.289515440959995,True,True,5
2060,C,8,3,5,3,optimal,-6.489410920083056,-6.489410907569748,True,True,9
2061,C,8,3,5,3,optimal,-26.518261432324962,-26.51826143053299,True,True,11
2062,C,9,3,5,4,optimal,-9.723290296275554,-9.723290287876903,True,True,5
2063,C,9,4,5,4,optimal,-10.073983398927199,-10.07398339886927,True,True,11
2064,C,9,6,5,4,optimal,-10.06524301086877,-10.065243000484658,True,True,7
2065,C,10,6,5,5,optimal,-7.447956528826275,-7.447956533511125,True,True,9
2066,C,8,6,5,3,optimal,-9.720570694663147,-9.720570692831064,True,True,7
2067,C,10,3,5,5,optimal,-20.515373922528482,-20.515373912917433,True,True,9
2068,C,10,4,5,5,optimal,-10.456796275601604,-10.456796277304408,True,True,5
2069,C,10,3,5,5,optimal,-16.14779366028135,-16.14779367939064,True,True,5
2070,C,8,4,5,3,optimal,-12.604518443092903,-12.604518431410908,True,True,3
2071,C,9,5,5,4,optimal,-5.175405896199429,-5.17540589423184,True,True,7
2072,C,10,5,5,5,optimal,-9.101687097500202,-9.10168709909537,True,True,7
2073,C,8,3,5,3,optimal,-8.497222427408875,-8.497222489770195,True,True,9
2074,C,8,3,5,3,optimal,-8.160927462903228,-8.16092746286223,True,True,7
2075,C,8,6,5,3,optimal,-2.454976145172763,-2.4549761449537417,True,True,15
2076,C,8,3,5,3,optimal,-9.889652582187079,-9.88965256804682,True,True,5
2077,C,9,5,5,4,optimal,-16.985165779912833,-16.985165732272893,True,True,5
2078,C,8,6,5,3,optimal,-7.319062110305874,-7.319062112056759,True,True,3
2079,C,10,3,5,5,optimal,-6.073153141874748,-6.073153141367503,True,True,5
2080,C,9,3,5,4,optimal,-12.31985927345338,-12.31985929666012,True,True,9
2081,C,10,6,5,5,optimal,-11.442470469196241,-11.44247046859989,True,True,11
2082,C,9,5,5,4,optimal,-13.86394757483456,-13.86394757481299,True,True,5
2083,C,10,6,5,5,optimal,-15.132747625158705,-15.13274763094154,True,True,9
2084,C,9,5,5,4,optimal,-11.160704217731348,-11.16070413013976,True,True,5
2085,C,10,6,5,5,optimal,-12.062702795751711,-12.062702795551852,True,True,5
2086,C,9,6,5,4,optimal,-8.630242865516252,-8.630242863585913,True,True,5
2087,C,9,6,5,4,optimal,-13.84791028411046,-13.847910270770694,True,True,3
2088,C,8,5,5,3,optimal,-21.489504188078474,-21.489504186061758,True,True,7
2089,C,10,6,5,5,optimal,-10.129281987686841,-10.129281983423196,True,True,11
2090,C,8,5,5,3,optimal,-13.128079773563508,-13.128079760474598,True,True,5
2091,C,10,3,5,5,optimal,-9.240679141033533,-9.240679138022474,True,True,3
2092,C,8,5,5,3,optimal,-8.730526503688884,-8.730526503038515,True,True,13
2093,C,10,4,5,5,optimal,-15.749056943145028,-15.749056894206605,True,True,5
2094,C,10,4,5,5,optimal,-10.084370544969774,-10.084370544452625,True,True,5
2095,C,10,3,5,5,optimal,-12.434791653221135,-12.434791639834689,True,True,3
2096,C,8,4,5,3,optimal,-17.747820543497838,-17.74782054203839,True,True,7
2097,C,9,5,5,4,optimal,-8.787829657046096,-8.78782965582067,True,True,9
2098,C,8,6,5,3,optimal,-13.79075706993921,-13.790757117490767,True,True,13
2099,C,8,5,5,3,optimal,-9.233807640456025,-9.233807640882006,True,True,5
3000,D,10,6,6,4,optimal,-7.404833045299272,-7.4048330390615895,True,True,13
3001,D,9,4,6,3,optimal,-11.649584299173805,-11.649584269032022,True,True,15
3002,D,10,6,6,4,optimal,-7.88087125737491,-7.880871266553129,True,True,5
3003,D,10,5,6,4,optimal,-19.1861548306469,-19.186154828789178,True,True,17
3004,D,11,6,6,5,optimal,-13.638812623306496,-13.638812621782375,True,True,11
3005,D,11,4,6,5,optimal,-19.41978224107974,-19.41978224104362,True,True,7
3006,D,11,4,6,5,optimal,-11.454504740698534,-11.454504735396206,True,True,13
3007,D,11,3,6,5,optimal,-16.035275129686397,-16.035275126567438,True,True,7
3008,D,11,3,6,5,optimal,-14.026059958335917,-14.026060008651505,True,True,11
3009,D,11,4,6,5,optimal,-9.627664353354806,-9.627664341116052,True,True,13
3010,D,9,3,6,3,optimal,-8.448479831647855,-8.448479827692935,True,True,27
3011,D,9,5,6,3,optimal,-6.8849327547559716,-6.884932682833734,True,True,9
3012,D,9,3,6,3,optimal,-15.30040317309846,-15.30040315675944,True,True,11
3013,D,9,6,6,3,optimal,-12.65146168181383,-12.651461681076528,True,True,5
3014,D,10,6,6,4,optimal,-12.210289140399441,-12.210289244040961,True,True,5
3015,D,10,4,6,4,optimal,-4.982306678788389,-4.982306669781243,True,True,9
3016,D,10,4,6,4,optimal,-12.716962042288575,-12.716962048002703,True,True,9
3017,D,11,3,6,5,optimal,-23.688058178640098,-23.688058201010445,True,True,17
3018,D,11,6,6,5,optimal,-11.498484154969015,-11.498484149327748,True,True,5
3019,D,9,4,6,3,optimal,-17.26706253142794,-17.26706253094756,True,True,7
3020,D,10,6,6,4,optimal,-11.57381449196288,-11.573814483897555,True,True,13
3021,D,11,5,6,5,optimal,-9.54375494745606,-9.543754949462748,True,True,5
3022,D,10,3,6,4,optimal,-11.087713626131494,-11.087713630420627,True,True,5
3023,D,11,6,6,5,optimal,-12.04395173033316,-12.04395173009969,True,True,29
3024,D,9,5,6,3,optimal,-15.85188854729124,-15.85188853740705,True,True,9
3025,D,11,3,6,5,optimal,-16.556572391426748,-16.55657239150503,True,True,5
3026,D,10,5,6,4,optimal,-12.55532109441096,-12.555321087758049,True,True,7
3027,D,10,5,6,4,optimal,-15.775480977348199,-15.775480976331206,True,True,7
3028,D,9,6,6,3,optimal,-11.683531760284492,-11.683531765825133,True,True,17
3029,D,11,3,6,5,optimal,-1.2973092010981155,-1.297309200835365,True,True,5
3030,D,9,5,6,3,optimal,-16.899761614699536,-16.89976161117297,True,True,17
3031,D,11,6,6,5,optimal,-12.613893313066086,-12.613893291204377,True,True,11
