case,verdict
ej,time_limit
stein9inf,infeasible_match
flugplinf,infeasible_match
enlight4,infeasible_match
gr4x6,match
p2m2p1m1p0n100,time_limit
markshare_4_0,match
stein15inf,infeasible_match
g503inf,infeasible_match
markshare_5_0,time_limit
b-ball,time_limit
markshare1,time_limit
enlight8,time_limit
neos-1425699,time_limit
enlight9,time_limit
gen-ip054,time_limit
neos-5192052-neckar,match
enlight_hard,time_limit
gen-ip016,time_limit
ran13x13,time_limit
enlight11,time_limit
f2gap40400,match
timtab1,time_limit
neos-5140963-mincio,time_limit
rlp1,time_limit
gen-ip002,time_limit
gen-ip021,time_limit
k16x240b,time_limit
beavma,time_limit
ran12x21,time_limit
neos-3611689-kaihu,time_limit
neos-3610040-iskar,time_limit
supportcase16,match
stein45inf,infeasible_match
supportcase14,match
neos-3611447-jijia,time_limit
sp150x300d,time_limit
nexp-50-20-1-1,time_limit
neos-3046615-murg,time_limit
neos859080,infeasible_match
