case,verdict,engine_status,engine_obj,engine_wall,best_bound,nodes,row_viol,bound_viol,int_viol,ref_status,ref_obj,ref_wall,download_sha256,mps_sha256
8845,optimal_ref_not_optimal,optimal,10907992.53390603,0.67,,,4.1738488811403404e-09,0.0,0.0,Time limit reached,27774818.178475864,300.0,19bfcaaf6067464e43dc6ecb7a48203431603b1684f1cec608d1951ba22e43bc,aedc2801e61eebf2e939605fcba8d60de1cddc4aa1e9df5276812760f18ad7e9
9002,other:numerical_failure,numerical_failure,,6.12,,,,,,Solve error,0.0,0.15,58eab23e0b53ccfd8a303ac81b3ce3a759159f5381c3cabd7678e77a37069862,a61066679157b51d9e210364759d648fb6d3a4480e3c10fb82b010ee4711f3d2
8938,optimal_ref_not_optimal,optimal,-35.77945295176622,20.21,,,1.0913936421275139e-11,0.0,0.0,Time limit reached,1.358592e-05,362.22,12d6d1c617affda03058291a9376905515729b5069a42fcb6c9da3ce74db3e6d,6cb7b9ceb12c0c1682c1c883e2ad7673dac3b744d5a6216c995fab4ad24552f6
8906,match,optimal,2699111.514015046,0.78,,,5.978914297693573e-12,0.0,0.0,Optimal,2699111.5134657146,0.69,9676ef52a02be352d2e221ad8fd749878b71740a5b1f978534136f88a9b940cd,af2d2ddd05f228f08b7746a902e336c03b30288b1caa3de73bbcab53a5529f72
8559,match,optimal,74223239.61890265,59.01,,,1.510138807654065e-09,0.0,0.0,Optimal,74223239.82930309,32.73,eca25947bf1c3447b166021a5d4a562b738970a4001f1272ca54779bbb3a2112,524ab888174c489a47519e5aa63d39afbdc12b2fb5d9d822c017ed2971647d8a
8567,match,optimal,78965988.07222725,44.8,,,2.4759381846349374e-10,0.0,0.0,Optimal,78965987.68516472,38.68,368de6f19ffbfc0fc183454ebc29429de7ac93afe6662632af48091503fc8749,b82af3e0550fddfc931d5f0f96a4330c84ba5779caf61903dbce6687acf2ca11
8785,optimal_ref_not_optimal,optimal,7867.491149175894,14.91,,,7.815970093361102e-14,0.0,0.0,Solve error,0.0,6.55,0929b8bda9f25931a32a787ca73b1db189dbfb0ba759fdc2594ba80e42092f65,ad7f8baea3899e0f9db783cd3f8b0b644b409739b87bae5b0e722d83e666438b
8616,match,optimal,245.06859860032864,0.25,,,3.753705679621078e-12,0.0,0.0,Optimal,245.06859777120994,123.3,6404e141cc1c2f681288a5d75f69ebe1ca84663f62628c08651f1f0afe8e6b7e,bb66271da4bd82fb9559b2f73a35d60cc30e41aa411c4e1ee70af37eb6ebb7ed
8991,WRONG,optimal,-0.0016678673779136678,0.32,,,0.0,0.0,0.0,Optimal,-0.0016618993072833967,13.73,306087d8b6e9a7c19f965112e626e5cbf8ef3af1762dd76162b7138d16c75c5d,11015dc13bcc9a2273bf3a742ee6e5b41e50505f6bab7476edb52da98a8cac66
8792,match,optimal,3593.5163041550986,0.81,,,0.0,0.0,0.0,Optimal,3593.5162939294355,8.31,928d099b688df1ac944fe8277a69be188a3b875e104d5d56a2428f38ed1608d1,c97c046b6d0807863c336177216f1f2fcd63a7dfa16c80e9e11206cb26136985
8515,optimal_ref_not_optimal,optimal,319.99998870792155,0.17,,,1.805777749552817e-13,0.0,0.0,Time limit reached,7182.530067147409,300.01,3c3cee7fcc6e33923569a791e44dbe7649c2c804c77001c57c6f5f76198f8aad,f307f781d63354aa8f89f553f3586262ca971e44377c5f968dd88c87645db2ff
8495,optimal_ref_not_optimal,optimal,42857.49642714042,4.23,,,2.6645352591003757e-15,0.0,0.0,Time limit reached,203079.04291295615,300.09,bbbfc1a5b0763dcb656244037201b54e5d8e55bfcffb26617e1e2eca6126805e,8cc05436cdc2dde9adc415acce98f8f332e8b3a5a4da037ad0efda255094ba29
8602,time_limit,time_limit,,120.58,,,,,,Time limit reached,0.0,300.03,a883d42a2caea2cdaf7636dcc1bbf448373b088d5a864d9d88f5f29394a43af1,c8ee7f22fef7758b072326eac4c66a375260cccc0fc1336171ae21de3868c1df
8790,optimal_ref_not_optimal,optimal,-0.00015624210914957375,1.04,,,0.0,0.0,0.0,Solve error,0.0,2.78,437480bdd63daa7f092ee5c4107693f4f4aa4a979685a102a4f1241621d8fca9,bd3f387ed3d1607a9c3a90226ac75d393ec9baa05d0690dbc9212924ef6b1dff
10034,other:numerical_failure,numerical_failure,,1.7,,,,,,Solve error,0.0,103.72,62a6fb7d964d125bc8b32f4497fd29124068c89699e9b5e18ae37fae3dcfd6f9,4503c0ad566d5ea0aaf57d4c29a14892b78c547b584dd48acc054bb9b3252239
10038,time_limit,time_limit,,137.4,,,,,,Time limit reached,0.0,300.11,9a016c7d77c2a2569eefcb0dfd24e3b6cc2ddee9f5a389921c2c8254b2a1266e,d385b07cc1ff139ca82e48cbd54e397133542d0d09082afcf98cd07ecea030ba
8500,time_limit,time_limit,,120.91,,,,,,Time limit reached,0.0,300.17,69db087467a45e1195b8f4edf60f105341541e2b5eaf6166221c1c853707cc5a,e0b9bddb98dcb03a6072990dbae747b25ab2c60e6aa606d8cc0d97aa76b49033
8547,time_limit,time_limit,,123.79,,,,,,Time limit reached,0.0,300.59,fae6a157bf08e1f1a201da6b0a7b600ed4b64a85bd3effc55feabf4216e52dc5,a4ac1046fcb1f847b6eb920a02f836fca546b4c10c54c97f741f829b43baaf3a
9008,time_limit,time_limit,,120.45,,,,,,Time limit reached,0.0,300.86,c925af4870ecad4943ed8fa8a429939247d7c65f8f2121397f446e48b9c260b1,7fb8473e752c5712098a2c08198f3ad1bad2445a7b7081b385779f0c884a52cc
