case,download_sha_match,mps_sha_match,ref_status,ref_obj,ref_wall_s,default_status,default_obj,default_wall_s,default_iters,default_verdict,dual_status,dual_obj,dual_wall_s,dual_iters,dual_verdict,error
rail2586,True,True,Time limit reached,923.2904566870113,600.09,time_limit,,300.42,6301,time_limit,time_limit,,300.73,6608,time_limit,
rail4284,True,True,Time limit reached,700.2546555027951,600.12,time_limit,,301.27,4613,time_limit,time_limit,,300.41,5040,time_limit,
ken-07,True,True,Optimal,-679520443.3816886,0.04,optimal,-679520443.3816886,0.88,4248,match,optimal,-679520443.3816886,0.39,2929,match,
ken-11,True,True,Optimal,-6972382262.519994,0.38,optimal,-6972382262.519994,47.46,28720,match,optimal,-6972382262.519994,17.05,16663,match,
cre-a,True,True,Optimal,23595407.06097162,0.11,optimal,23595407.06097162,1.8,4009,match,optimal,23595407.060971618,0.76,3530,match,
cre-b,True,True,Optimal,23129639.88683238,2.32,optimal,23129639.88683238,115.31,37881,match,optimal,23129639.88683238,55.04,23893,match,
cre-c,True,True,Optimal,25275116.14088022,0.1,optimal,25275116.14088022,1.49,3721,match,optimal,25275116.140880216,0.62,3134,match,
fome11,True,True,Optimal,22532792.09334277,23.31,optimal,22532792.09334274,173.46,64345,match,optimal,22532792.09334274,112.57,44115,match,
fome12,True,True,Optimal,45065584.18668583,57.16,time_limit,,300.03,73302,time_limit,time_limit,,300.04,71640,time_limit,
fome13,True,True,Optimal,90131168.3733714,137.86,time_limit,,300.03,61367,time_limit,time_limit,,300.06,63328,time_limit,
fome21,True,True,Optimal,47346318912.0,7.11,time_limit,,300.16,60524,time_limit,time_limit,,300.03,64528,time_limit,
pds-02,True,True,Optimal,28857862010.0,0.14,optimal,28857862010,1.18,4445,match,optimal,28857862010,0.33,2196,match,
pds-06,True,True,Optimal,27761037600.0,0.55,optimal,27761037600,42.12,32057,match,optimal,27761037600,5.17,9295,match,
pds-10,True,True,Optimal,26727094976.0,1.0,optimal,26727094976,76.95,48183,match,optimal,26727094976,16.99,17370,match,
rail582,True,True,Optimal,209.71223295719923,4.41,optimal,209.71223295719938,66.75,21038,match,optimal,209.71223295719938,6.88,3055,match,
ken-13,True,True,Optimal,-10257394789.48247,1.31,optimal,-10257394789.48247,126.71,52440,match,optimal,-10257394789.48247,66.68,31585,match,
ken-18,True,True,Optimal,-52217025287.396805,6.1,time_limit,,300.16,33645,time_limit,time_limit,,300.13,33024,time_limit,
pds-20,True,True,Optimal,23821658640.0,3.41,optimal,23821658640,171.19,53279,match,optimal,23821658640,111.78,41235,match,
pds-30,True,True,Optimal,21385445736.0,5.94,time_limit,,300.18,64935,time_limit,time_limit,,300.14,66840,time_limit,
pds-40,True,True,Optimal,18855198824.0,9.94,time_limit,,300.06,52336,time_limit,time_limit,,300.07,54464,time_limit,
pds-50,True,True,Optimal,16603525724.0,13.25,time_limit,,300.21,43319,time_limit,time_limit,,300.04,46816,time_limit,
osa-07,True,True,Optimal,535722.517299351,0.33,optimal,535722.5172993509,0.8,878,match,optimal,535722.517299351,0.49,601,match,
rail507,True,True,Optimal,172.14556667654873,5.03,optimal,172.1455666765489,52.12,13375,match,optimal,172.14556667654895,10.27,3769,match,
pds-60,True,True,Optimal,14265904407.0,17.73,time_limit,,300.08,34884,time_limit,time_limit,,300.26,38760,time_limit,
pds-70,True,True,Optimal,12241162812.0,21.99,time_limit,,300.1,29742,time_limit,time_limit,,300.14,32384,time_limit,
pds-80,True,True,Optimal,11469077462.0,32.76,time_limit,,300.08,26418,time_limit,time_limit,,300.08,29552,time_limit,
pds-90,True,True,Optimal,11087561635.0,44.6,time_limit,,300.16,25013,time_limit,time_limit,,300.17,26896,time_limit,
pds-100,True,True,Optimal,10928229968.0,126.68,time_limit,,300.33,21196,time_limit,time_limit,,300.11,23568,time_limit,
osa-14,True,True,Optimal,1106462.8447362536,1.38,optimal,1106462.8447362536,4.42,1607,match,optimal,1106462.8447362536,2.6,1390,match,
osa-30,True,True,Optimal,2142139.873209765,5.79,optimal,2142139.873209765,23.25,3765,match,optimal,2142139.873209765,11.96,3031,match,
osa-60,True,True,Optimal,4044072.5031574406,27.95,optimal,4044072.503157441,117.75,10685,match,optimal,4044072.503157441,58.31,6446,match,
rail516,True,True,Optimal,182.0,2.6,optimal,182.00000000000003,37.01,12989,match,optimal,182,4.35,2230,match,
cre-d,True,True,Optimal,24454969.76454924,1.17,optimal,24454969.764549233,99.25,34667,match,optimal,24454969.764549233,39.56,19219,match,
