instance,sha256,taral_status,taral_obj,best_bound,nodes,taral_wall_s,highs_status,highs_obj,highs_wall_s,rel_diff,verdict
air03,2346f74b150a39aef68378c9e576346ecfe9e175fa5f7538977e9d8224c393a1,optimal,340160,340160,10,0.951839,kOptimal,340160.0,6.615,0.0,proven_agree
air05,1ca185a7d8d6eaa48d959a8b4c00e3b0d6faf0f9e4ec4411c3228224dca074e3,optimal,26374,26373.999999999996,1585,164.436582,kOptimal,26374.00000000001,69.179,4.138142269384672e-16,proven_agree
bell3a,1ada0bcc162defc9d8f17769920d3531d6e9f8c69f466e3eb165939ae845fd43,optimal,878430.3159999999,878429.6025777782,48860,67.803881,kOptimal,878430.3159999857,1.439,1.6168236687867544e-14,proven_agree
blend2,48c009606d5e949baa8e5e060c8b0cafd3eb96f9d615d98fff0d626d5b6e503f,optimal,7.598985,7.598985,8568,29.872716,kOptimal,7.598985,2.912,0.0,proven_agree
dano3mip,0a35b68b11aedd4ed9076aef4564a8661e6ebae81a53e56a480c212badbb7c9e,time_limit,747.3333333333345,576.2708742890959,129,300.006486,kTimeLimit,737.3333333333336,300.131,,other
dcmulti,a9552af8f0fd228851352ba60b62a64639f8ffd4a01f217afc095eaac4c29a75,optimal,188182,188181.93157894735,3398,18.703315,kOptimal,188182.0,1.679,0.0,proven_agree
egout,351ed046eb56e07662b3c2dba35800f5d2cee3fac18c1bd7fbc8dea4a0dcd8db,optimal,568.1007000000001,568.1002872180451,68482,40.248486,kOptimal,568.1007000000001,0.034,0.0,proven_agree
fast0507,5d27d3474d016e827c360a5c621a802edd5d5c8c163b7f782bb5ecf3083d0275,time_limit,178,172.145566676549,184,300.045783,kTimeLimit,175.00000000000003,300.701,,other
fixnet6,e090a2103b8f4906095fd9931d8b608f41c35421f1ea267711e0297aeeb3af08,time_limit,12470,2265.554,114715,300.09893,kOptimal,3983.0,5.012,2.1308059251820235,incumbent_below_ref
gen,f22c4b12ca0182c5c2efe7d777772644ea54fd4fd84720ae74c520132d59bb97,optimal,112313.36271799979,112313.36271799977,722,50.370972,kOptimal,112313.362718,0.052,1.9434795926604388e-15,proven_agree
gesa2_o,cc3376d5d8b2eff2e8f819a48de7dc40cec0190d3539f654c1db54476ccb2ec2,time_limit,97624053.77503918,25689390.396204997,26350,300.020158,kOptimal,25779856.371697918,1.481,2.7868346653092484,incumbent_below_ref
gesa3_o,3915238e5bee75478a297019deb7abb147856a5ad3d28e4e33153819a9666037,time_limit,,27975796.7699038,26471,300.019412,kOptimal,27991042.64838267,3.859,,other
harp2,c37a4883625984b9c73224bd819bc543a7933bdb8c3594aa7e2706e4e87031b9,node_limit,-73633970,-74192153.85979745,5306,10.667176,kOptimal,-73899553.0,36.969,0.003593837705621846,incumbent_below_ref
l152lav,c797f70b0b84f34653686c9914a7842872a9c39330a9ec127d1db6b367241034,optimal,4722,4722,2434,13.012526,kOptimal,4722.0,5.937,0.0,proven_agree
markshare1,7c3668bde9f1c80f1a4ba10baa99a0bcbaead027325d471c6661d814a2c17fe9,node_limit,11,0,1123209,132.838078,kTimeLimit,20.999999999999982,300.02,,other
mas74,ff885f2669e7003c5b9e16d477c92476debbb73e547d09eea230043ae52bbea5,node_limit,11960.081281099998,11018.513347987788,136734,64.731373,kTimeLimit,12014.892379099589,300.028,,other
misc03,caba4f42b1827e41cdd62c6548435cc786b9f9092f984f170cab8df939a84acb,optimal,3360,3360,1052,1.215803,kOptimal,3359.9999999999955,0.711,1.3534147347811451e-15,proven_agree
misc07,1535ed1b59d2f91e17fe340fbebb6dd0b66bb6a837356e4ce9e5acb58be3be1d,optimal,2810,2809.999999999999,36160,164.034234,kOptimal,2809.999999999964,52.584,1.2784712000011076e-14,proven_agree
mkc,ca676a5cad5b01d946038e2063a3b79c838b333fa4dcaa6ef3447cc7f9e17873,node_limit,-470.1239999999997,-611.8499999999997,5659,223.974211,kTimeLimit,-557.4060000000026,300.058,,other
mod010,62c3f77a72a8077694aef82644e3d601f435d1bb33acd1984fcd7238c8cf3b4b,optimal,6548,6548,959,5.915402,kOptimal,6548.0,1.195,0.0,proven_agree
modglob,bca45a46c097cb66d85d8986e33c901c33c5454aa45bf6a66ed6c9559f881b4c,time_limit,22347640.821675103,20640967.68297484,164708,300.175486,kOptimal,20740508.08630824,0.836,0.0774876260831722,incumbent_below_ref
nw04,d860a0ec0684bdfc131171a16c59d298c1d31da1e02d5f9053762d6970b33a6d,node_limit,16862,16532.666666666664,434,37.083691,kOptimal,16862.000000000004,128.61,2.1575013682194948e-16,value_reached_unproven
p0201,8352d7f121289185f443fdc67080fa9de01e5b9bf11b0bf41087fba4277c07a4,optimal,7615,7615,1323,3.222455,kOptimal,7614.999999997075,1.619,3.8410176768258184e-13,proven_agree
p0548,81fa3fb1e071cac0b72649c38196c18bca7ff6d7f2f6639776dcb0daf6bcab15,time_limit,43944,8234.773599714987,212559,300.098977,kOptimal,8691.0,0.157,4.056265101829479,incumbent_below_ref
pk1,f0a362be150a52baa650130b752e44ed0921d4c8a98af74c4a1f7a9bb3c65983,optimal,11,10.999995713347687,345792,231.148802,kOptimal,10.999998999999997,276.932,9.090909942849208e-08,proven_agree
pp08aCUTS,66176a6da44a032d9040a7c206c87ed88e55eb2069531da3211eb99205f29790,time_limit,7870,6566.94674108814,102024,300.09496,kOptimal,7349.999999999994,2.581,0.07074829931972881,incumbent_below_ref
qnet1,48e837328f57ed61dc6d8f361dda85b63193e09cafd71ccfccdbd7a0d92b3cdf,optimal,16029.692681000004,16029.692681000004,3654,32.131465,kOptimal,16029.692681,0.937,2.2695249868413323e-16,proven_agree
rentacar,9cb3425254adc4415ab591d526b2c29c3899dffcce15d8ba4da5dcfb1dfdfe81,optimal,30356760.984148618,30356760.984148618,926,138.639072,kOptimal,30356760.984145913,8.043,8.90925338871242e-14,proven_agree
rout,d8f75b5adec2c8547c14ddcedb1812a5105da019062df0fde596d96b0f3e9690,time_limit,1121.3999999999999,1027.225150020551,51504,300.044446,kOptimal,1077.56,65.702,0.04068450944726968,incumbent_below_ref
seymour,48bcd17a805be73c68e0af115d7fcbc520a5e52da2fb81dde51beaa4d396aa69,time_limit,430,404.0709046489206,914,300.017618,kTimeLimit,425.99999999999665,300.055,,other
stein45,0b119c8a2426cd9701a954127748bf8ae2bbe0fd669577ecb4715d8ffb81c85a,optimal,30,29.999999999999986,98422,228.922265,kOptimal,29.999999999999996,31.233,1.1842378929335005e-16,proven_agree
vpm1,838f2b08516a97db20825488d6f10de998c3d4b9853336c75ec5f56d67366885,time_limit,20,18.055555555555554,212141,300.170899,kOptimal,20.0,0.04,0.0,value_reached_unproven
