instance,sha256,taral_status,taral_obj,best_bound,nodes,taral_wall_s,highs_status,highs_obj,highs_wall_s,rel_diff,verdict,reference_note
10teams,d061e23a021877b9779558e4b9996f6c229721c8041b5a408ddf7d7fb7c1902a,time_limit,924,917.0000000000003,8246,300.011634,kOptimal,924.0000000000005,2.372,4.921508126476882e-16,value_reached_unproven,as-run HiGHS default-gap reference
air03,2346f74b150a39aef68378c9e576346ecfe9e175fa5f7538977e9d8224c393a1,optimal,340160,340160,10,0.951839,kOptimal,340160.0,6.615,0.0,proven_agree,as-run HiGHS default-gap reference
air04,30132c4ee69bbef89a711c42791f39f281003c05dbbc1e6960a77a00f3d1b121,time_limit,56137,55999.245131086165,626,300.009302,kOptimal,56137.00000000005,88.488,9.072751180021008e-16,value_reached_unproven,as-run HiGHS default-gap reference
air05,1ca185a7d8d6eaa48d959a8b4c00e3b0d6faf0f9e4ec4411c3228224dca074e3,optimal,26374,26373.999999999996,1585,164.436582,kOptimal,26374.00000000001,69.179,4.138142269384672e-16,proven_agree,as-run HiGHS default-gap reference
arki001,597eb014a6f34d870f3b2060eb74f16cb7bb0289b2971bc848fcb3809ac42ca7,time_limit,,7580020.939064365,5336,300.00537,kTimeLimit,7581469.604844547,300.04,,other,as-run HiGHS default-gap reference
bell3a,1ada0bcc162defc9d8f17769920d3531d6e9f8c69f466e3eb165939ae845fd43,optimal,878430.3159999999,878429.6025777782,48860,67.803881,kOptimal,878430.3159999857,1.439,1.6168236687867544e-14,proven_agree,as-run HiGHS default-gap reference
bell5,d4846d7ea889d482e32842832e599ca6d0dc04fd8ea3ea58f49a52b436859dd5,optimal,8966406.491519999,8966397.547406135,420608,286.086196,kOptimal,8966406.49152,0.462,2.077359699220148e-16,proven_agree,as-run HiGHS default-gap reference
blend2,48c009606d5e949baa8e5e060c8b0cafd3eb96f9d615d98fff0d626d5b6e503f,optimal,7.598985,7.598985,8568,29.872716,kOptimal,7.598985,2.912,0.0,proven_agree,as-run HiGHS default-gap reference
cap6000,b9fb72f2d0354c1609457f4e1e4c69c83879a1601dfba4c6894c0b6d5357fddc,node_limit,-2451371,-2451414.4063048935,2674,48.814889,kOptimal,-2451279.0,3.716,3.7531427471128336e-05,incumbent_differs_from_ref,as-run HiGHS default-gap reference
dano3mip,0a35b68b11aedd4ed9076aef4564a8661e6ebae81a53e56a480c212badbb7c9e,time_limit,747.3333333333345,576.2708742890959,129,300.006486,kTimeLimit,737.3333333333336,300.131,,other,as-run HiGHS default-gap reference
danoint,09ed14e0f1b2db4cf0c8a738b17384fa64a0bf73c6ff4667d276356eec2b8e2b,time_limit,66.49999999999999,62.860346660107574,6158,300.006038,kTimeLimit,65.66666666666629,300.008,,other,as-run HiGHS default-gap reference
dcmulti,a9552af8f0fd228851352ba60b62a64639f8ffd4a01f217afc095eaac4c29a75,optimal,188182,188181.93157894735,3398,18.703315,kOptimal,188182.0,1.679,0.0,proven_agree,as-run HiGHS default-gap reference
dsbmip,4fe4e40efcc886c7934aa70a07299b70f372843b88a8dd7ec13c3cd597bf730f,optimal,-305.19817500948244,-305.19817500948244,352,77.658086,kOptimal,-305.1981750094818,0.601,2.048759326458824e-15,proven_agree,as-run HiGHS default-gap reference
egout,351ed046eb56e07662b3c2dba35800f5d2cee3fac18c1bd7fbc8dea4a0dcd8db,optimal,568.1007000000001,568.1002872180451,68482,40.248486,kOptimal,568.1007000000001,0.034,0.0,proven_agree,as-run HiGHS default-gap reference
enigma,bbc4a1a6e9ab30d2615b5e0391f0df1782d29b0a125eb38ef852e8dda6ebc323,optimal,0,0,773,0.117502,kOptimal,0.0,0.229,0.0,proven_agree,as-run HiGHS default-gap reference
fast0507,5d27d3474d016e827c360a5c621a802edd5d5c8c163b7f782bb5ecf3083d0275,time_limit,178,172.145566676549,184,300.045783,kTimeLimit,175.00000000000003,300.701,,other,as-run HiGHS default-gap reference
fiber,67c87e4a5b19f8a8903b37286e9f38ad206cb8daabfd0399bea41acd93ed04bf,node_limit,420106.69999999995,215703.87458333335,45247,120.541709,kOptimal,405935.17999999196,1.269,0.03491079536395016,incumbent_differs_from_ref,as-run HiGHS default-gap reference
fixnet6,e090a2103b8f4906095fd9931d8b608f41c35421f1ea267711e0297aeeb3af08,time_limit,12470,2265.554,114715,300.09893,kOptimal,3983.0,5.012,2.1308059251820235,incumbent_differs_from_ref,as-run HiGHS default-gap reference
flugpl,ed4b1fcb07d26b513027721d61344c2c4371cb506bf66098df328047c183b0c0,optimal,1201500,1201500,2333,0.124602,kOptimal,1201500.0,0.128,0.0,proven_agree,as-run HiGHS default-gap reference
gen,f22c4b12ca0182c5c2efe7d777772644ea54fd4fd84720ae74c520132d59bb97,optimal,112313.36271799979,112313.36271799977,722,50.370972,kOptimal,112313.362718,0.052,1.9434795926604388e-15,proven_agree,as-run HiGHS default-gap reference
gesa2,fe43df9f95b79fbceae3b4c5f8a152e9498facf5adf750f6255fe4c693af02c3,time_limit,26848488.189935945,25669746.66621796,29255,300.022719,kOptimal,25779856.371697918,0.732,0.041452202170187843,incumbent_differs_from_ref,as-run HiGHS default-gap reference
gesa2_o,cc3376d5d8b2eff2e8f819a48de7dc40cec0190d3539f654c1db54476ccb2ec2,time_limit,97624053.77503918,25689390.396204997,26350,300.020158,kOptimal,25779856.371697918,1.481,2.7868346653092484,incumbent_differs_from_ref,as-run HiGHS default-gap reference
gesa3,d9eb9e9af06d1d8b4be0e16d927c782035a333517d10e67810945c75f6c61a16,time_limit,28341553.252439726,27944581.774037965,26736,300.02563,kOptimal,27991042.648381937,3.721,0.01252224179216313,incumbent_differs_from_ref,as-run HiGHS default-gap reference
gesa3_o,3915238e5bee75478a297019deb7abb147856a5ad3d28e4e33153819a9666037,time_limit,,27975796.7699038,26471,300.019412,kOptimal,27991042.64838267,3.859,,other,as-run HiGHS default-gap reference
gt2,7dfdce934f95ced966a14e9eaad34023bbe966dc295589a33ac0676d810707dd,optimal,21166,21166,46367,13.599962,kOptimal,21166.0,0.092,0.0,proven_agree,as-run HiGHS default-gap reference
harp2,c37a4883625984b9c73224bd819bc543a7933bdb8c3594aa7e2706e4e87031b9,node_limit,-73633970,-74192153.85979745,5306,10.667176,kOptimal,-73899553.0,36.969,0.003593837705621846,incumbent_differs_from_ref,as-run HiGHS default-gap reference
khb05250,951e36f03a1562d4adae3223db2026c3bba4ccd7cf38d59482298e9e7e5d0fc2,optimal,106940226,106940226,2354,3.1528,kOptimal,106940226.0,0.583,0.0,proven_agree,as-run HiGHS default-gap reference
l152lav,c797f70b0b84f34653686c9914a7842872a9c39330a9ec127d1db6b367241034,optimal,4722,4722,2434,13.012526,kOptimal,4722.0,5.937,0.0,proven_agree,as-run HiGHS default-gap reference
lseu,00416576ed4adac15b62b1982cb7be9d7dcb2d6505067dd8396183ff1eac3dab,optimal,1120,1120,19078,3.107881,kOptimal,1120.0000000000002,0.302,2.0301221021717145e-16,proven_agree,as-run HiGHS default-gap reference
markshare1,7c3668bde9f1c80f1a4ba10baa99a0bcbaead027325d471c6661d814a2c17fe9,node_limit,11,0,1123209,132.838078,kTimeLimit,20.999999999999982,300.02,,other,as-run HiGHS default-gap reference
markshare2,112c91eaa2c00c8fabe355407ec8ed0264a069ee8d937f855e5a4165fabb13f3,node_limit,28,0,658457,75.69051,kTimeLimit,39.99999999999992,300.023,,other,as-run HiGHS default-gap reference
mas74,ff885f2669e7003c5b9e16d477c92476debbb73e547d09eea230043ae52bbea5,node_limit,11960.081281099998,11018.513347987788,136734,64.731373,kTimeLimit,12014.892379099589,300.028,,other,as-run HiGHS default-gap reference
mas76,329d1d2d6b4bbd06a212ccc6f9dd8985036b021c882464f484ba4bcfb1fd2270,optimal,40005.054142,40005.01508563819,354825,147.682019,kOptimal,40005.054141,237.274,2.499685002327956e-11,proven_agree,as-run HiGHS default-gap reference
misc03,caba4f42b1827e41cdd62c6548435cc786b9f9092f984f170cab8df939a84acb,optimal,3360,3360,1052,1.215803,kOptimal,3359.9999999999955,0.711,1.3534147347811451e-15,proven_agree,as-run HiGHS default-gap reference
misc06,4787c15a414b4d07d14400a52be6f1fd3789b87488c645657fa934d8781be454,optimal,12850.860737382538,12850.860737382538,181,1.935772,kOptimal,12850.860737382538,,0,proven_agree,corrected HiGHS mip_rel_gap=0 rerun; rerun wall not supplied
misc07,1535ed1b59d2f91e17fe340fbebb6dd0b66bb6a837356e4ce9e5acb58be3be1d,optimal,2810,2809.999999999999,36160,164.034234,kOptimal,2809.999999999964,52.584,1.2784712000011076e-14,proven_agree,as-run HiGHS default-gap reference
mitre,8fa9e44b18b34e4a91f53c451730fad0a76e713a7f51151f9a506c728978bb30,time_limit,,114818.26539325215,5538,300.00515,kOptimal,115155.0,2.045,,other,as-run HiGHS default-gap reference
mkc,ca676a5cad5b01d946038e2063a3b79c838b333fa4dcaa6ef3447cc7f9e17873,node_limit,-470.1239999999997,-611.8499999999997,5659,223.974211,kTimeLimit,-557.4060000000026,300.058,,other,as-run HiGHS default-gap reference
mod008,5a08fe11b87bfe51f55e5537f5e8d0ad0e5fecbc57710a5b58c48a5f10a8e993,optimal,307,307,4931,0.545836,kOptimal,306.99999999999767,1.149,7.591466362518391e-15,proven_agree,as-run HiGHS default-gap reference
mod010,62c3f77a72a8077694aef82644e3d601f435d1bb33acd1984fcd7238c8cf3b4b,optimal,6548,6548,959,5.915402,kOptimal,6548.0,1.195,0.0,proven_agree,as-run HiGHS default-gap reference
mod011,a5954bbaefc46a6398d9979da6b6900d1d9bf9080e7d2108425c81279f217535,time_limit,-54009605.97524958,-57884222.547310226,3712,300.011139,kOptimal,-54558535.01422733,99.456,0.01006128626501068,incumbent_differs_from_ref,as-run HiGHS default-gap reference
modglob,bca45a46c097cb66d85d8986e33c901c33c5454aa45bf6a66ed6c9559f881b4c,time_limit,22347640.821675103,20640967.68297484,164708,300.175486,kOptimal,20740508.08630824,0.836,0.0774876260831722,incumbent_differs_from_ref,as-run HiGHS default-gap reference
noswot,84a417e417b8b3f74f922dccf9eef6cc4b69c0010eb3a49e516d24225b65f8cc,time_limit,-5,-43,141740,300.072883,kOptimal,-41.0,157.444,0.8780487804878049,incumbent_differs_from_ref,as-run HiGHS default-gap reference
nw04,d860a0ec0684bdfc131171a16c59d298c1d31da1e02d5f9053762d6970b33a6d,node_limit,16862,16532.666666666664,434,37.083691,kOptimal,16862.000000000004,128.61,2.1575013682194948e-16,value_reached_unproven,as-run HiGHS default-gap reference
p0033,8ccff819023237c79ef32e238a5da9348725ce9a4425d48888baf3a0b3b42628,optimal,3089,3089,624,0.068395,kOptimal,3088.999999999999,0.051,2.9443013977757476e-16,proven_agree,as-run HiGHS default-gap reference
p0201,8352d7f121289185f443fdc67080fa9de01e5b9bf11b0bf41087fba4277c07a4,optimal,7615,7615,1323,3.222455,kOptimal,7614.999999997075,1.619,3.8410176768258184e-13,proven_agree,as-run HiGHS default-gap reference
p0282,3bf907c6aa3cbf80de7c48ca8e71dc29f5d70f6e5fffb716502bfc5c513196a1,optimal,258411,258411,1642,2.100489,kOptimal,258411.0,0.417,0.0,proven_agree,as-run HiGHS default-gap reference
p0548,81fa3fb1e071cac0b72649c38196c18bca7ff6d7f2f6639776dcb0daf6bcab15,time_limit,43944,8234.773599714987,212559,300.098977,kOptimal,8691.0,0.157,4.056265101829479,incumbent_differs_from_ref,as-run HiGHS default-gap reference
p2756,0ed6b86a8baa033c9a3e46c66eee74dd670585eb3d096ea590c3646f8b4b47c8,node_limit,16996,2701.75,26630,273.22358,kOptimal,3124.0,0.902,4.440460947503201,incumbent_differs_from_ref,as-run HiGHS default-gap reference
pk1,f0a362be150a52baa650130b752e44ed0921d4c8a98af74c4a1f7a9bb3c65983,optimal,11,10.999995713347687,345792,231.148802,kOptimal,10.999998999999997,276.932,9.090909942849208e-08,proven_agree,as-run HiGHS default-gap reference
pp08a,8f83650434dd18f7d459b2d188cf640aa67bfbab6b02fd052f9796cd311cf1ce,time_limit,8290,5204.226190476191,254850,300.234903,kOptimal,7350.0,1.817,0.12789115646258503,incumbent_differs_from_ref,as-run HiGHS default-gap reference
pp08aCUTS,66176a6da44a032d9040a7c206c87ed88e55eb2069531da3211eb99205f29790,time_limit,7870,6566.94674108814,102024,300.09496,kOptimal,7349.999999999994,2.581,0.07074829931972881,incumbent_differs_from_ref,as-run HiGHS default-gap reference
qiu,98277ce24052dbb5a24a8eb0205ef8c479cb4e03458cc51eda03676273de262a,time_limit,-132.87313694699972,-148.71408095590164,8718,300.003087,kOptimal,-132.87313694702365,142.301,1.8010472161834685e-13,value_reached_unproven,as-run HiGHS default-gap reference
qnet1,48e837328f57ed61dc6d8f361dda85b63193e09cafd71ccfccdbd7a0d92b3cdf,optimal,16029.692681000004,16029.692681000004,3654,32.131465,kOptimal,16029.692681,0.937,2.2695249868413323e-16,proven_agree,as-run HiGHS default-gap reference
qnet1_o,0e00a7990c61ef910d81a7e86c6369565df6c3058e6edaf2ec483e46e586daed,optimal,16029.692681000004,16029.692681000004,2938,25.975144,kOptimal,16029.692680999662,1.461,2.1333534876308977e-14,proven_agree,as-run HiGHS default-gap reference
rentacar,9cb3425254adc4415ab591d526b2c29c3899dffcce15d8ba4da5dcfb1dfdfe81,optimal,30356760.984148618,30356760.984148618,926,138.639072,kOptimal,30356760.984145913,8.043,8.90925338871242e-14,proven_agree,as-run HiGHS default-gap reference
rgn,b5dcb0e7587a8c676af20c845c805657202828b344848759caa72d1aa70a50ef,optimal,82.19999923999998,82.19999923999997,3211,0.914733,kOptimal,82.19999923999991,0.538,8.644072291114305e-16,proven_agree,as-run HiGHS default-gap reference
rout,d8f75b5adec2c8547c14ddcedb1812a5105da019062df0fde596d96b0f3e9690,time_limit,1121.3999999999999,1027.225150020551,51504,300.044446,kOptimal,1077.56,65.702,0.04068450944726968,incumbent_differs_from_ref,as-run HiGHS default-gap reference
set1ch,d001258f10bf0970215fe857b4bd0a425a736cc018ce763a4ec533f924bf2867,time_limit,139289.25,35263.57431665009,84901,300.087399,kOptimal,54537.75,0.842,1.5539970020765432,incumbent_differs_from_ref,as-run HiGHS default-gap reference
seymour,48bcd17a805be73c68e0af115d7fcbc520a5e52da2fb81dde51beaa4d396aa69,time_limit,430,404.0709046489206,914,300.017618,kTimeLimit,425.99999999999665,300.055,,other,as-run HiGHS default-gap reference
stein27,b8889994eda0853d71bad6ba9bf45755d4e59f33a13a3f43008e1ba681738c5b,optimal,18,17.999999999999996,9602,7.186306,kOptimal,17.999999999999982,0.939,9.86864910777918e-16,proven_agree,as-run HiGHS default-gap reference
stein45,0b119c8a2426cd9701a954127748bf8ae2bbe0fd669577ecb4715d8ffb81c85a,optimal,30,29.999999999999986,98422,228.922265,kOptimal,29.999999999999996,31.233,1.1842378929335005e-16,proven_agree,as-run HiGHS default-gap reference
swath,eb8d979a2e89d9dc7a1d5dea23954f56dab60eb2828127aa8266f391abc1e45d,node_limit,,338.2045045500001,3740,105.958691,kTimeLimit,496.002356,300.164,,other,as-run HiGHS default-gap reference
vpm1,838f2b08516a97db20825488d6f10de998c3d4b9853336c75ec5f56d67366885,time_limit,20,18.055555555555554,212141,300.170899,kOptimal,20.0,0.04,0.0,value_reached_unproven,as-run HiGHS default-gap reference
vpm2,55ca0b6caff042c42c5269045177351db828f066a94876e5885f626d02d5ffbc,time_limit,14.5,12.374925118637009,143695,300.14079,kOptimal,13.75,2.368,0.05454545454545454,incumbent_differs_from_ref,as-run HiGHS default-gap reference
