qplib_id,convex,objective_type,variable_type,constraint_type,n_vars,n_cons,n_quad_cons,class
0018,False,Q,C,L,50,1,0,nonconvex_continuous
0031,False,Q,M,L,60,32,0,integer_binary
0032,False,Q,M,L,100,52,0,integer_binary
0067,False,Q,B,L,80,1,0,integer_binary
0343,False,Q,C,L,50,1,0,nonconvex_continuous
0633,False,Q,B,L,75,1,0,integer_binary
0678,False,L,M,Q,15137,8417,960,quadratic_constraints
0681,False,L,M,Q,215,467,48,quadratic_constraints
0682,False,L,M,Q,261,597,96,quadratic_constraints
0684,False,L,M,Q,361,943,128,quadratic_constraints
0685,False,L,M,Q,775,1795,192,quadratic_constraints
0686,False,L,M,Q,2204,5080,640,quadratic_constraints
0687,False,L,M,Q,2323,5675,800,quadratic_constraints
0688,False,L,M,Q,5788,22168,1600,quadratic_constraints
0689,False,L,M,Q,1868,10088,288,quadratic_constraints
0690,False,L,M,Q,16476,115600,3200,quadratic_constraints
0696,False,L,M,Q,394,423,33,quadratic_constraints
0698,False,L,M,Q,118,141,15,quadratic_constraints
0752,False,Q,B,L,250,1,0,integer_binary
0911,False,Q,C,Q,50,50,50,quadratic_constraints
0975,False,Q,C,Q,50,10,10,quadratic_constraints
10001,True,L,M,C,485,296,1,quadratic_constraints
10002,True,L,M,C,485,296,1,quadratic_constraints
10003,True,L,M,C,1058,867,1,quadratic_constraints
10004,True,L,M,C,400,101,1,quadratic_constraints
10005,True,L,M,C,2000,794,1,quadratic_constraints
10006,True,L,M,C,3125,1490,1,quadratic_constraints
10007,True,L,M,C,4375,2087,1,quadratic_constraints
10008,True,L,M,C,845,416,1,quadratic_constraints
10009,True,L,M,C,605,246,1,quadratic_constraints
10010,True,L,M,C,269,147,1,quadratic_constraints
10011,True,L,M,C,1390,873,1,quadratic_constraints
10012,True,L,M,C,967,538,1,quadratic_constraints
10013,False,L,M,Q,21706,59568,3600,quadratic_constraints
10014,False,L,M,Q,21713,59434,3600,quadratic_constraints
10015,False,L,M,Q,27127,53683,3600,quadratic_constraints
10016,False,L,M,Q,27124,54027,3600,quadratic_constraints
10017,False,L,M,Q,28949,79251,4800,quadratic_constraints
10018,False,L,M,Q,28945,80093,4800,quadratic_constraints
10019,False,L,M,Q,36170,71284,4800,quadratic_constraints
10020,False,L,M,Q,36172,71712,4800,quadratic_constraints
10021,False,L,M,Q,15000,12155,3000,quadratic_constraints
10022,False,L,M,Q,15000,12155,3000,quadratic_constraints
10023,False,L,M,Q,15000,12155,3000,quadratic_constraints
10024,False,L,M,Q,15000,12089,3000,quadratic_constraints
10025,False,C,M,Q,2000,2003,400,quadratic_constraints
10026,False,C,M,Q,2000,2003,400,quadratic_constraints
10027,False,C,M,Q,2000,2003,400,quadratic_constraints
10028,False,C,M,Q,2000,2003,400,quadratic_constraints
10029,False,C,M,Q,2000,2003,400,quadratic_constraints
10030,False,L,M,Q,15000,12001,3000,quadratic_constraints
10031,False,L,M,Q,15000,12001,3000,quadratic_constraints
10032,False,L,M,Q,15000,12001,3000,quadratic_constraints
10033,False,L,M,Q,15000,12001,3000,quadratic_constraints
10034,True,D,C,L,40400,40200,0,in_class
10035,False,L,C,Q,40401,40201,201,quadratic_constraints
10036,False,L,C,Q,40401,40201,201,quadratic_constraints
10037,False,L,C,Q,40401,40201,40001,quadratic_constraints
10038,True,D,C,L,160800,160400,0,in_class
10039,False,L,C,Q,12097,11906,193,quadratic_constraints
10040,False,Q,B,L,125,6,0,integer_binary
10041,False,Q,B,L,125,6,0,integer_binary
10042,False,Q,B,L,125,5,0,integer_binary
10043,False,Q,B,L,150,10,0,integer_binary
10044,False,Q,B,L,150,6,0,integer_binary
10045,False,Q,B,L,150,10,0,integer_binary
10046,False,Q,B,L,150,6,0,integer_binary
10047,False,Q,B,L,150,10,0,integer_binary
10048,False,Q,B,L,150,5,0,integer_binary
10049,False,Q,B,L,150,10,0,integer_binary
10050,True,C,B,L,150,5,0,integer_binary
10051,False,Q,B,L,150,10,0,integer_binary
10052,False,Q,B,L,150,6,0,integer_binary
10053,False,Q,B,L,150,10,0,integer_binary
10054,False,Q,B,L,175,11,0,integer_binary
10055,False,Q,B,L,175,5,0,integer_binary
10056,True,C,B,L,175,5,0,integer_binary
10057,False,Q,B,L,200,11,0,integer_binary
10058,False,Q,B,L,200,11,0,integer_binary
10059,False,Q,B,L,200,10,0,integer_binary
10060,False,Q,B,L,200,10,0,integer_binary
10061,False,Q,B,L,200,5,0,integer_binary
10062,False,Q,B,L,200,10,0,integer_binary
10063,False,Q,B,L,200,5,0,integer_binary
10064,False,Q,B,L,200,11,0,integer_binary
10065,False,Q,B,L,200,11,0,integer_binary
10066,False,Q,B,L,200,11,0,integer_binary
10067,False,Q,B,L,200,5,0,integer_binary
10068,False,Q,B,L,200,11,0,integer_binary
10069,True,C,B,L,200,10,0,integer_binary
10070,False,Q,B,L,200,11,0,integer_binary
10071,False,Q,B,L,200,11,0,integer_binary
10072,False,Q,B,L,75,10,0,integer_binary
10073,False,Q,B,L,75,6,0,integer_binary
10074,False,Q,B,L,75,10,0,integer_binary
1055,False,Q,C,Q,40,20,20,quadratic_constraints
1143,False,Q,C,Q,40,24,20,quadratic_constraints
1157,False,Q,C,Q,40,9,1,quadratic_constraints
1353,False,Q,C,Q,50,6,1,quadratic_constraints
1423,False,Q,C,Q,40,24,20,quadratic_constraints
1437,False,Q,C,Q,50,11,1,quadratic_constraints
1451,False,Q,C,Q,60,66,60,quadratic_constraints
1493,False,Q,C,Q,40,5,1,quadratic_constraints
1507,False,Q,C,Q,30,33,30,quadratic_constraints
1535,False,Q,C,Q,60,66,60,quadratic_constraints
1619,False,Q,C,Q,50,30,25,quadratic_constraints
1661,False,Q,C,Q,60,13,1,quadratic_constraints
1675,False,Q,C,Q,60,13,1,quadratic_constraints
1703,False,Q,C,Q,60,36,30,quadratic_constraints
1745,False,Q,C,Q,50,55,50,quadratic_constraints
1773,False,Q,C,Q,60,7,1,quadratic_constraints
1886,False,Q,C,Q,50,50,50,quadratic_constraints
1913,False,Q,C,Q,48,48,48,quadratic_constraints
1922,False,Q,C,Q,30,60,60,quadratic_constraints
1931,False,Q,C,Q,40,40,40,quadratic_constraints
1940,False,Q,C,Q,48,96,96,quadratic_constraints
1967,False,Q,C,Q,50,75,75,quadratic_constraints
1976,False,Q,B,Q,152,152,16,quadratic_constraints
2017,False,Q,B,Q,252,252,21,quadratic_constraints
2022,False,Q,B,Q,275,275,22,quadratic_constraints
2029,False,Q,B,Q,299,299,23,quadratic_constraints
2036,False,Q,B,Q,324,324,24,quadratic_constraints
2047,False,L,B,Q,136,2057,17,quadratic_constraints
2055,False,L,B,Q,153,2466,18,quadratic_constraints
2060,False,L,B,Q,171,2926,19,quadratic_constraints
2067,False,L,B,Q,190,3440,20,quadratic_constraints
2073,False,L,B,Q,210,4011,21,quadratic_constraints
2077,False,L,B,Q,231,4642,22,quadratic_constraints
2085,False,L,B,Q,253,5336,23,quadratic_constraints
2087,False,L,B,Q,276,6096,24,quadratic_constraints
2096,False,L,B,Q,300,6925,25,quadratic_constraints
2165,False,L,M,Q,2059,2049,683,quadratic_constraints
2166,False,L,M,Q,1042,1035,345,quadratic_constraints
2167,False,L,M,Q,192,183,61,quadratic_constraints
2168,False,L,M,Q,652,642,214,quadratic_constraints
2169,False,L,M,Q,905,891,297,quadratic_constraints
2170,False,L,M,Q,1087,1053,351,quadratic_constraints
2171,False,L,M,Q,455,450,150,quadratic_constraints
2173,False,L,M,Q,651,645,215,quadratic_constraints
2174,False,L,M,Q,2313,2304,768,quadratic_constraints
2181,False,L,M,Q,280,270,90,quadratic_constraints
2187,False,L,M,Q,285,270,90,quadratic_constraints
2192,False,L,M,Q,290,270,90,quadratic_constraints
2195,False,L,M,Q,295,270,90,quadratic_constraints
2202,False,L,M,Q,275,270,90,quadratic_constraints
2203,False,L,M,Q,305,300,100,quadratic_constraints
2204,False,L,M,Q,335,330,110,quadratic_constraints
2205,False,L,M,Q,2884,2874,958,quadratic_constraints
2206,False,L,M,Q,615,582,194,quadratic_constraints
2315,False,Q,B,L,595,13090,0,integer_binary
2353,False,Q,M,L,240,2240,0,integer_binary
2357,False,Q,B,L,240,2240,0,integer_binary
2359,False,Q,B,L,306,3264,0,integer_binary
2416,False,L,C,Q,25,686,533,quadratic_constraints
2430,False,L,C,Q,125,92,65,quadratic_constraints
2445,False,L,C,Q,143,80,66,quadratic_constraints
2456,True,L,C,D,5477,5500,1369,quadratic_constraints
2468,True,L,C,D,14885,14924,3721,quadratic_constraints
2480,False,L,C,Q,399,400,201,quadratic_constraints
2482,True,L,C,D,1806,1779,361,quadratic_constraints
2483,False,L,C,Q,760,280,240,quadratic_constraints
2492,False,Q,B,L,196,28,0,integer_binary
2505,False,L,C,Q,1039,782,480,quadratic_constraints
2512,False,Q,B,L,100,20,0,integer_binary
2519,True,L,C,D,4806,4763,961,quadratic_constraints
2540,False,L,C,Q,498,551,210,quadratic_constraints
2546,False,C,C,Q,1015,992,400,quadratic_constraints
2590,False,L,C,Q,25,494,401,quadratic_constraints
2626,True,L,C,D,22327,18484,3721,quadratic_constraints
2635,False,L,C,Q,176,1154,1154,quadratic_constraints
2650,False,L,C,Q,1110,1132,904,quadratic_constraints
2658,False,L,C,Q,184,190,133,quadratic_constraints
2676,True,L,C,D,1445,1456,361,quadratic_constraints
2693,False,L,C,Q,791,814,631,quadratic_constraints
2696,False,Q,C,Q,3500,3495,1500,quadratic_constraints
2698,False,L,C,Q,196,47,11,quadratic_constraints
2702,False,Q,M,L,260,212,0,integer_binary
2703,False,L,C,Q,799,800,401,quadratic_constraints
2707,False,L,C,Q,634,617,466,quadratic_constraints
2708,False,L,M,Q,634,357,30,quadratic_constraints
2712,False,Q,C,L,200,1,0,nonconvex_continuous
2714,False,L,C,Q,352,599,298,quadratic_constraints
2733,False,Q,B,L,324,36,0,integer_binary
2738,False,L,C,Q,199,200,101,quadratic_constraints
2758,False,L,C,Q,303,251,112,quadratic_constraints
2761,False,Q,C,L,500,1,0,nonconvex_continuous
2784,True,L,C,D,4501,4580,900,quadratic_constraints
2819,False,L,C,Q,334,156,132,quadratic_constraints
2823,False,L,C,Q,390,386,283,quadratic_constraints
2834,False,L,C,Q,156,86,72,quadratic_constraints
2862,True,L,C,D,40501,40740,8100,quadratic_constraints
2880,False,Q,B,L,625,50,0,integer_binary
2881,False,L,C,Q,1512,720,720,quadratic_constraints
2882,False,L,M,Q,144,273,16,quadratic_constraints
2894,False,L,C,Q,17,209,154,quadratic_constraints
2935,False,L,M,Q,180,343,18,quadratic_constraints
2957,False,Q,B,L,484,44,0,integer_binary
2958,False,L,M,Q,112,211,14,quadratic_constraints
2967,False,Q,C,C,38,191,190,quadratic_constraints
2981,False,C,C,Q,2015,1992,800,quadratic_constraints
2987,False,L,C,Q,208,204,90,quadratic_constraints
2993,False,L,C,Q,266,319,84,quadratic_constraints
3029,True,L,C,D,5767,4744,961,quadratic_constraints
3034,False,L,C,Q,780,280,240,quadratic_constraints
3049,False,Q,C,Q,7000,6995,3000,quadratic_constraints
3060,False,Q,M,L,840,1192,0,integer_binary
3080,False,C,C,Q,4015,3992,1600,quadratic_constraints
3083,False,L,C,Q,243,233,126,quadratic_constraints
3088,True,L,C,D,3601,3680,900,quadratic_constraints
3089,False,L,C,Q,132,84,72,quadratic_constraints
3105,True,L,C,D,18606,18523,3721,quadratic_constraints
3120,False,L,C,Q,662,244,204,quadratic_constraints
3122,False,Q,M,L,21124,36703,0,integer_binary
3147,False,L,C,Q,419,140,108,quadratic_constraints
3170,False,L,C,Q,660,200,160,quadratic_constraints
3177,False,L,C,Q,1599,1600,801,quadratic_constraints
3181,False,L,M,Q,392,196,16,quadratic_constraints
3185,True,L,C,D,18001,18160,3600,quadratic_constraints
3192,False,L,C,Q,479,177,145,quadratic_constraints
3225,False,L,C,Q,136,80,66,quadratic_constraints
3240,False,L,C,Q,516,407,220,quadratic_constraints
3247,False,L,C,Q,361,478,156,quadratic_constraints
3279,False,L,M,Q,307,164,16,quadratic_constraints
3297,False,C,C,Q,8015,7992,3200,quadratic_constraints
3307,False,Q,B,L,256,32,0,integer_binary
3312,True,L,C,D,41406,41283,8281,quadratic_constraints
3318,False,L,C,Q,25,474,381,quadratic_constraints
3326,False,Q,C,Q,1750,1745,750,quadratic_constraints
3334,False,L,C,Q,715,250,210,quadratic_constraints
3337,False,L,C,Q,297,198,198,quadratic_constraints
3338,False,L,C,Q,320,136,110,quadratic_constraints
3347,False,Q,B,L,676,52,0,integer_binary
3358,False,L,C,Q,158,172,106,quadratic_constraints
3361,False,Q,B,L,1024,64,0,integer_binary
3369,False,L,C,Q,485,148,116,quadratic_constraints
3380,False,Q,B,L,8904,823,0,integer_binary
3385,False,L,C,Q,155,137,60,quadratic_constraints
3387,False,L,C,Q,170,83,65,quadratic_constraints
3402,False,Q,B,L,144,24,0,integer_binary
3413,False,Q,B,L,400,40,0,integer_binary
3416,False,L,C,Q,424,128,96,quadratic_constraints
3496,False,L,G,Q,328,687,64,quadratic_constraints
3502,False,L,M,Q,13010,3339,3130,quadratic_constraints
3505,False,L,M,Q,804,607,2,quadratic_constraints
3506,False,Q,B,N,496,0,0,integer_binary
3508,False,L,M,Q,3341,1431,1332,quadratic_constraints
3510,False,L,M,Q,1024,4589,21,quadratic_constraints
3511,False,L,M,Q,5742,6233,1283,quadratic_constraints
3512,False,L,M,Q,191,427,24,quadratic_constraints
3513,False,L,M,Q,2020,3332,763,quadratic_constraints
3514,False,L,M,Q,1815,1860,900,quadratic_constraints
3515,False,L,M,Q,734,768,48,quadratic_constraints
3522,False,L,M,Q,630,254,42,quadratic_constraints
3523,False,Q,M,L,182,1456,0,integer_binary
3524,False,L,M,Q,1081,3357,192,quadratic_constraints
3525,False,Q,G,Q,1749,91,39,quadratic_constraints
3529,False,L,M,Q,1526,2124,544,quadratic_constraints
3533,False,L,M,Q,383,201,25,quadratic_constraints
3547,True,D,M,L,1998,3137,0,integer_binary
3549,False,L,M,Q,1683,1909,583,quadratic_constraints
3554,False,Q,M,L,384,556,0,integer_binary
3562,False,L,I,Q,63,42,7,quadratic_constraints
3565,False,Q,B,N,276,0,0,integer_binary
3580,False,L,M,Q,132,63,18,quadratic_constraints
3582,False,L,M,Q,216,84,24,quadratic_constraints
3584,False,Q,B,L,528,10912,0,integer_binary
3587,False,Q,B,L,240,46,0,integer_binary
3588,False,L,M,Q,992,633,584,quadratic_constraints
3592,False,Q,M,L,450,255,0,integer_binary
3596,False,L,M,Q,1025,1186,132,quadratic_constraints
3600,False,L,M,Q,128,57,12,quadratic_constraints
3605,False,L,M,Q,1236,4507,192,quadratic_constraints
3614,False,Q,B,L,210,44,0,integer_binary
3620,False,L,M,Q,3472,5415,1344,quadratic_constraints
3621,False,L,M,Q,1764,2878,665,quadratic_constraints
3622,False,L,M,Q,2025,2040,1000,quadratic_constraints
3624,False,L,M,Q,6440,6480,3200,quadratic_constraints
3625,False,L,M,Q,644,237,46,quadratic_constraints
3631,False,L,M,Q,893,235,25,quadratic_constraints
3642,False,Q,B,N,1035,0,0,integer_binary
3643,False,L,G,Q,360,893,68,quadratic_constraints
3645,False,L,M,Q,403,306,2,quadratic_constraints
3646,False,L,M,Q,2020,2050,1000,quadratic_constraints
3648,False,L,M,Q,720,346,40,quadratic_constraints
3650,False,Q,B,N,946,0,0,integer_binary
3651,False,L,M,Q,2276,3803,861,quadratic_constraints
3659,False,L,G,Q,5537,6497,960,quadratic_constraints
3661,False,L,M,Q,23813,14245,3221,quadratic_constraints
3662,False,L,M,Q,176,79,24,quadratic_constraints
3670,False,L,M,Q,918,359,54,quadratic_constraints
3676,False,L,M,Q,9030,9150,4500,quadratic_constraints
3677,False,L,M,Q,6030,6100,3000,quadratic_constraints
3678,True,L,M,D,600,403,1,quadratic_constraints
3680,False,L,M,Q,108,52,12,quadratic_constraints
3683,False,L,M,Q,150,66,18,quadratic_constraints
3690,False,L,M,Q,6020,6150,3000,quadratic_constraints
3692,False,L,M,Q,1219,1279,528,quadratic_constraints
3693,False,Q,B,N,1128,0,0,integer_binary
3694,True,D,M,L,3240,3280,0,integer_binary
3697,False,L,M,Q,200,82,24,quadratic_constraints
3698,True,D,M,L,3030,3100,0,integer_binary
3699,False,L,M,Q,908,1860,192,quadratic_constraints
3701,False,L,M,Q,1140,437,60,quadratic_constraints
3703,False,Q,B,L,225,30,0,integer_binary
3705,False,Q,B,N,378,0,0,integer_binary
3706,False,Q,B,N,703,0,0,integer_binary
3708,True,D,M,L,12930,12917,0,integer_binary
3709,False,Q,B,L,600,50,0,integer_binary
3713,False,L,M,Q,672,296,42,quadratic_constraints
3714,False,Q,B,L,120,40,0,integer_binary
3719,False,L,M,Q,161,72,21,quadratic_constraints
3725,False,L,M,Q,1252,2021,469,quadratic_constraints
3726,False,L,M,Q,932,2382,192,quadratic_constraints
3727,False,L,M,Q,1620,1640,800,quadratic_constraints
3728,False,L,M,Q,88,47,12,quadratic_constraints
3729,False,L,M,Q,1058,659,608,quadratic_constraints
3733,False,L,M,Q,690,283,46,quadratic_constraints
3734,False,L,M,Q,7571,10444,2754,quadratic_constraints
3738,False,Q,B,N,435,0,0,integer_binary
3745,False,Q,B,N,325,0,0,integer_binary
3748,False,L,M,Q,95,52,15,quadratic_constraints
3750,False,Q,B,L,210,70,0,integer_binary
3751,False,Q,B,L,150,50,0,integer_binary
3752,False,Q,B,L,462,6160,0,integer_binary
3757,False,Q,B,L,552,8096,0,integer_binary
3762,False,Q,B,L,90,480,0,integer_binary
3772,False,Q,B,L,380,4560,0,integer_binary
3775,False,Q,B,L,180,60,0,integer_binary
3780,False,L,I,Q,168,72,12,quadratic_constraints
3785,False,L,M,Q,232,86,24,quadratic_constraints
3790,False,Q,M,L,195,283,0,integer_binary
3792,True,D,M,L,3020,3150,0,integer_binary
3794,False,L,M,Q,1562,1226,602,quadratic_constraints
3797,False,L,M,Q,344,679,56,quadratic_constraints
3798,False,L,M,Q,864,305,54,quadratic_constraints
3803,False,Q,B,L,190,2280,0,integer_binary
3809,False,L,M,Q,256,89,24,quadratic_constraints
3813,False,L,M,Q,2415,2480,1200,quadratic_constraints
3814,False,Q,M,Q,48,41,28,quadratic_constraints
3815,False,Q,B,L,192,64,0,integer_binary
3816,False,L,M,Q,187,387,24,quadratic_constraints
3822,False,Q,B,N,861,0,0,integer_binary
3825,False,L,M,Q,1080,377,60,quadratic_constraints
3832,False,Q,B,N,561,0,0,integer_binary
3834,False,Q,B,L,50,1,0,integer_binary
3838,False,Q,B,N,780,0,0,integer_binary
3840,False,L,M,Q,5735,3873,1374,quadratic_constraints
3841,False,Q,B,L,300,4600,0,integer_binary
3850,False,Q,B,N,1225,0,0,integer_binary
3852,False,Q,B,N,231,0,0,integer_binary
3854,False,L,M,Q,680,306,40,quadratic_constraints
3855,False,L,M,Q,2518,2075,1284,quadratic_constraints
3856,False,L,M,Q,351,317,267,quadratic_constraints
3857,False,L,M,Q,803,606,2,quadratic_constraints
3859,False,L,M,Q,1568,1785,560,quadratic_constraints
3860,False,Q,B,L,435,8120,0,integer_binary
3861,True,D,M,L,4530,4650,0,integer_binary
3863,False,L,M,Q,1678,1303,628,quadratic_constraints
3865,False,Q,B,L,525,50,0,integer_binary
3870,False,Q,M,L,182,1456,0,integer_binary
3871,True,D,M,L,1025,1040,0,integer_binary
3872,False,L,M,Q,1508,2441,567,quadratic_constraints
3877,False,Q,B,N,630,0,0,integer_binary
3879,False,L,M,Q,23826,24971,3026,quadratic_constraints
3883,False,Q,B,L,182,1456,0,integer_binary
3913,True,C,B,L,300,61,0,integer_binary
3923,False,Q,B,L,395,80,0,integer_binary
3931,False,Q,B,L,316,80,0,integer_binary
3980,True,C,B,L,235,48,0,integer_binary
4095,False,C,M,Q,2000,2003,400,quadratic_constraints
4270,True,C,M,L,1600,1603,0,integer_binary
4455,False,L,M,Q,15000,12001,3000,quadratic_constraints
4722,False,L,M,Q,10000,8001,2000,quadratic_constraints
4805,False,L,M,Q,10000,8074,2000,quadratic_constraints
5023,False,L,M,Q,15000,12155,3000,quadratic_constraints
5442,False,L,M,Q,9999,8088,2000,quadratic_constraints
5527,True,D,M,L,25609,64348,0,integer_binary
5543,True,D,M,L,25700,64096,0,integer_binary
5554,False,L,M,Q,35370,69569,4800,quadratic_constraints
5573,False,L,M,Q,28142,77776,4800,quadratic_constraints
5577,True,D,M,L,6014,15690,0,integer_binary
5721,False,Q,B,N,300,0,0,integer_binary
5725,False,Q,B,N,343,0,0,integer_binary
5755,False,Q,B,N,400,0,0,integer_binary
5875,False,Q,B,N,200,0,0,integer_binary
5881,False,Q,B,N,120,0,0,integer_binary
5882,False,Q,B,N,150,0,0,integer_binary
5909,False,Q,B,N,250,0,0,integer_binary
5922,False,Q,B,N,500,0,0,integer_binary
5924,True,D,M,L,15520,36060,0,integer_binary
5925,False,L,M,Q,1400,371,100,quadratic_constraints
5926,False,L,M,Q,33600,14323,2400,quadratic_constraints
5927,False,L,M,Q,33600,14363,2400,quadratic_constraints
5935,False,Q,B,L,100,1237,0,integer_binary
5944,False,Q,B,L,100,2475,0,integer_binary
5962,False,Q,B,L,150,2793,0,integer_binary
5971,False,Q,B,L,150,5587,0,integer_binary
5980,False,Q,B,L,150,8381,0,integer_binary
6287,False,L,C,Q,171,117,81,quadratic_constraints
6310,False,L,C,Q,208,412,390,quadratic_constraints
6311,False,L,C,Q,212,171,128,quadratic_constraints
6324,False,Q,B,L,640,16,0,integer_binary
6487,False,Q,B,L,618,309,0,integer_binary
6597,False,Q,B,L,600,60,0,integer_binary
6647,False,Q,B,L,627,33,0,integer_binary
6757,False,Q,B,L,2046,297,0,integer_binary
6764,False,Q,B,L,2071,297,0,integer_binary
6799,False,Q,B,L,2075,297,0,integer_binary
6941,False,Q,B,L,2203,315,0,integer_binary
7127,False,Q,B,L,1000,50,0,integer_binary
7139,False,Q,B,L,180,100,0,integer_binary
7144,False,Q,B,L,220,121,0,integer_binary
7149,False,Q,B,L,264,144,0,integer_binary
7154,False,Q,B,L,312,169,0,integer_binary
7159,False,Q,B,L,364,196,0,integer_binary
7164,False,Q,B,L,420,225,0,integer_binary
7579,True,L,M,D,300,203,1,quadratic_constraints
8009,False,L,M,Q,404,307,2,quadratic_constraints
8153,False,L,M,Q,124,97,2,quadratic_constraints
8381,False,L,M,Q,204,157,2,quadratic_constraints
8495,True,D,C,L,27543,8000,0,in_class
8500,True,D,C,L,250997,250498,0,in_class
8505,False,Q,C,L,20050,10001,0,nonconvex_continuous
8515,True,C,C,L,16002,8002,0,in_class
8547,True,D,C,L,1003001,1001000,0,in_class
8553,False,Q,C,Q,79998,40397,39601,quadratic_constraints
8559,True,C,C,L,10000,5000,0,in_class
8567,True,C,C,L,10000,7500,0,in_class
8585,False,D,C,Q,99999,49999,49999,quadratic_constraints
8595,False,D,C,Q,2500,1275,1275,quadratic_constraints
8602,True,D,C,L,34552,52983,0,in_class
8605,False,D,C,Q,5000,1,1,quadratic_constraints
8616,True,D,C,L,13870,10404,0,in_class
8683,False,D,C,Q,200008,140000,140000,quadratic_constraints
8685,False,D,C,Q,772,10000,10000,quadratic_constraints
8758,False,Q,C,Q,2070,1981,1981,quadratic_constraints
8777,False,Q,C,L,10000,2500,0,nonconvex_continuous
8784,False,Q,C,C,200,5048,4950,quadratic_constraints
8785,True,D,C,L,10399,11362,0,in_class
8790,True,C,C,B,39204,0,0,in_class
8792,True,C,C,B,15129,0,0,in_class
8803,False,D,C,Q,150002,100000,50000,quadratic_constraints
8810,False,D,C,Q,150002,100000,50000,quadratic_constraints
8815,False,Q,C,D,30010,25005,5001,quadratic_constraints
8845,True,C,C,L,1546,777,0,in_class
8906,True,C,C,L,5223,838,0,in_class
8938,True,D,C,L,4001,11999,0,in_class
8991,True,C,C,B,14400,0,0,in_class
9002,True,D,C,L,2890,1649,0,in_class
9004,False,Q,C,Q,40000,20002,10001,quadratic_constraints
9008,True,D,C,L,1009306,989604,0,in_class
9030,False,Q,I,L,10000,5000,0,integer_binary
9048,False,Q,I,L,202,1,0,integer_binary
