idx,seed,n_int,n_cont,n_rows,proto_status,proto_obj,proto_nodes,ref_obj,ref_assignments,rel_diff,verdict
0,26119,6,6,8,optimal,16.090674265019242,7,16.090674298570914,64,2.0851625631481424e-09,agree
1,26120,6,5,7,optimal,-11.210230223394623,6,-11.210230213837566,256,8.525299824724492e-10,agree
2,26121,4,2,5,optimal,-1.291026516650728,6,-1.2910265095699505,32,5.484610476537088e-09,agree
3,26122,7,6,3,optimal,-6.837288317464028,7,-6.837288315200906,512,3.3099703125097553e-10,agree
4,26123,6,2,8,optimal,-0.6011062099767127,6,-0.6011062063808328,256,3.5958799271540443e-09,agree
5,26124,4,3,3,optimal,15.53458187278336,9,15.534581897651389,128,1.6008174263925681e-09,agree
6,26125,5,6,4,optimal,5.031927419498857,22,5.031927421623514,128,4.2223537921319793e-10,agree
7,26126,7,6,6,optimal,72.1937165275654,12,72.19371650702817,512,2.8447390992070047e-10,agree
8,26127,3,4,3,optimal,11.89905562600488,2,11.899055619415234,16,5.537957273951649e-10,agree
9,26128,4,2,6,optimal,68.53886109919401,5,68.53886116766643,16,9.990305631448822e-10,agree
10,26129,3,5,7,optimal,-23.044455424450426,5,-23.0444554351363,16,4.6370692288459435e-10,agree
11,26130,5,5,5,optimal,-8.331719796922766,6,-8.331719795491797,64,1.717495494446303e-10,agree
12,26131,4,2,4,optimal,-1.6662810085627102,3,-1.6662810099327938,32,8.222404228090073e-10,agree
13,26132,3,5,4,optimal,8.947391954715869,2,8.94739195771087,8,3.3473459017227315e-10,agree
14,26133,5,4,3,optimal,106.76897913081822,5,106.76897921317263,64,7.713326922476094e-10,agree
15,26134,5,6,4,optimal,25.21428228602656,6,25.214282244524348,32,1.6459802838246401e-09,agree
16,26135,5,3,6,optimal,6.86540435395322,8,6.865404355608822,32,2.4115140085843384e-10,agree
17,26136,3,3,3,optimal,6.749123774284952,10,6.7491237927677865,16,2.738553238274678e-09,agree
18,26137,6,5,6,optimal,50.11378738425893,7,50.1137873975644,128,2.655052580702729e-10,agree
19,26138,6,2,3,optimal,-0.22549090968444663,4,-0.22549091009092326,64,4.064766301326017e-10,agree
20,26139,7,4,6,optimal,-6.66823173777275,5,-6.668231737587314,2048,2.7808821606569643e-11,agree
21,26140,7,3,3,optimal,-20.81346873843863,6,-20.81346874217514,512,1.7952364473914582e-10,agree
22,26141,6,3,4,optimal,-4.285346819939743,4,-4.285346819752439,128,4.370810627357835e-11,agree
23,26142,4,3,3,optimal,0.9698531880899762,6,0.9698531924155653,32,4.325589109122063e-09,agree
24,26143,7,3,3,optimal,-9.122589614256283,8,-9.122589614217965,1024,4.200319756024408e-12,agree
25,26144,5,5,3,optimal,-7.54398334655599,6,-7.543983352579701,128,7.984788706452677e-10,agree
26,26145,6,3,5,optimal,27.61449926919378,33,27.61449927999056,256,3.9098236131430965e-10,agree
27,26146,3,5,3,optimal,-4.984586829888321,4,-4.984586831590588,16,3.415060925806984e-10,agree
28,26147,7,6,8,optimal,7.052306831362698,6,7.05230690298978,256,1.0156546239471069e-08,agree
29,26148,3,2,3,optimal,23.88834352756516,2,23.8883435637669,32,1.515456279986698e-09,agree
30,26149,3,2,7,optimal,10.299864361951517,9,10.299864374576075,16,1.2257013238580774e-09,agree
31,26150,7,2,3,optimal,1.003349383423633,12,1.0033495082368393,128,1.2439653920417032e-07,agree
32,26151,6,5,7,optimal,-2.416916412260385,6,-2.4169164196042856,64,3.03854139894404e-09,agree
33,26152,6,6,7,optimal,-17.733881054367867,17,-17.73388104783858,256,3.6818152300730576e-10,agree
34,26153,7,6,7,optimal,90.55291900433897,8,90.55291903863947,2048,3.78789538821125e-10,agree
35,26154,7,6,3,optimal,36.12239937836446,13,36.122399362806966,512,4.3068835123713363e-10,agree
36,26155,7,4,3,optimal,-4.063047560073064,8,-4.063047561241726,256,2.8763200097736625e-10,agree
37,26156,4,6,5,optimal,44.2979676091188,4,44.29796760638348,32,6.174819465177063e-11,agree
38,26157,3,6,8,optimal,50.651573808934565,6,50.651573804895484,16,7.974244190291894e-11,agree
39,26158,6,2,7,optimal,12.69217262823826,22,12.692172628071045,512,1.317470063007775e-11,agree
40,26159,3,6,6,optimal,24.432714971608437,9,24.432714984418773,32,5.243107821352554e-10,agree
41,26160,5,6,6,optimal,8.917433914951147,11,8.917433921072156,128,6.86409288953824e-10,agree
42,26161,4,3,7,optimal,-18.64918184348926,6,-18.649181841422358,16,1.1083066991042827e-10,agree
43,26162,7,5,3,optimal,-5.467004450216074,10,-5.467004462781819,256,2.2984698429650326e-09,agree
44,26163,7,4,6,optimal,18.109543776808792,14,18.109543869066254,512,5.094411144825408e-09,agree
45,26164,7,6,4,optimal,50.172639943978524,10,50.172640317041704,512,7.435589954812163e-09,agree
46,26165,5,5,8,optimal,2.862694562431559,4,2.8626945601794604,64,7.867058326827553e-10,agree
47,26166,4,4,5,optimal,21.557327832430637,2,21.557327829470644,32,1.373079800473965e-10,agree
48,26167,6,6,8,optimal,28.81852594852765,8,28.818525983431947,512,1.2111756292527452e-09,agree
49,26168,7,6,8,optimal,97.6920264266851,2,97.6920263813373,512,4.6419145363324445e-10,agree
50,26169,3,6,7,optimal,26.893806547169028,7,26.893806611391575,32,2.3880050975387274e-09,agree
51,26170,6,4,4,optimal,13.54052005049608,10,13.540520160416754,256,8.117906396976495e-09,agree
52,26171,7,4,4,optimal,13.180641519505391,12,13.180641507682896,512,8.969589967303534e-10,agree
53,26172,5,3,5,optimal,5.223173883091235,10,5.223173882751565,256,6.503126899169207e-11,agree
54,26173,7,6,5,optimal,1.7273734319768892,2,1.7273734531833735,128,1.22767223886967e-08,agree
55,26174,6,6,3,optimal,-14.94362715390882,2,-14.943627152777442,64,7.57097086710501e-11,agree
56,26175,7,3,8,optimal,28.481579168543632,8,28.481579174089298,512,1.9471059615218216e-10,agree
57,26176,5,5,6,optimal,32.145731186204316,6,32.145731182011254,128,1.3043915143673252e-10,agree
58,26177,6,5,8,optimal,22.911400956262387,6,22.911400923541105,128,1.428165907156236e-09,agree
59,26178,6,5,5,optimal,37.42336505441967,6,37.42336505791327,128,9.335354058103031e-11,agree
60,26179,3,2,5,optimal,7.903163321187562,4,7.903163316677454,8,5.706712188561906e-10,agree
61,26180,6,2,6,optimal,1.4361054863732061,18,1.4361054880449338,1024,1.1640702296030988e-09,agree
62,26181,6,2,6,optimal,48.65075244308461,16,48.650752470749005,256,5.68632349170383e-10,agree
63,26182,4,6,5,optimal,38.357241999442415,2,38.357242001138324,16,4.4213533152544247e-11,agree
64,26183,7,3,8,optimal,15.90324994958726,10,15.90324995884981,512,5.824313670831041e-10,agree
65,26184,7,6,4,optimal,-2.8076992197106727,8,-2.8076991369889326,256,2.946246591548374e-08,agree
66,26185,7,6,7,optimal,1.1593007072469765,4,1.1593013268823809,1024,5.344903779124355e-07,agree
67,26186,5,2,6,optimal,5.112912689957622,30,5.112912693519839,512,6.967097842737789e-10,agree
68,26187,5,2,8,optimal,12.866276564379593,8,12.866276516093084,64,3.752951287270598e-09,agree
69,26188,3,6,6,optimal,21.698718112719465,4,21.698718196128326,8,3.843953339046407e-09,agree
70,26189,3,4,6,optimal,-4.882670910880737,7,-4.882670895858791,32,3.076583835752742e-09,agree
71,26190,4,3,5,optimal,-11.124582054937433,4,-11.1245820559972,16,9.526356852098701e-11,agree
72,26191,4,2,4,optimal,7.605478254164696,2,7.605478263722347,16,1.256679769435252e-09,agree
73,26192,5,6,7,optimal,52.551290686229244,4,52.5512907428074,64,1.0766273910110914e-09,agree
74,26193,6,3,5,optimal,25.375956766002577,2,25.375956790567706,256,9.680473844073115e-10,agree
75,26194,3,4,7,optimal,52.02448563788588,7,52.02448634937264,16,1.3675997701455125e-08,agree
76,26195,4,6,5,optimal,67.18002065788836,8,67.1800206762854,128,2.7384676677066753e-10,agree
77,26196,5,4,7,optimal,4.35528185335928,10,4.355281864673555,64,2.5978283844545712e-09,agree
78,26197,3,2,7,optimal,26.345061795566558,6,26.34506189141382,8,3.6381490757631155e-09,agree
79,26198,6,4,4,optimal,12.76512648995881,7,12.765126481662682,64,6.499056817613765e-10,agree
80,26199,3,5,3,optimal,9.31615917833788,8,9.31615918237899,32,4.3377431387596565e-10,agree
81,26200,7,5,5,optimal,2.3135770283086354,18,2.313577024838435,512,1.499928696597022e-09,agree
82,26201,7,2,6,optimal,0.5185867828351913,14,0.5185868003494729,128,1.751428158058843e-08,agree
83,26202,6,5,7,optimal,4.527355581316712,25,4.527355579718606,512,3.5298895963747606e-10,agree
84,26203,7,3,3,optimal,40.959522618288865,6,40.95952258205117,128,8.847196317297777e-10,agree
85,26204,5,3,3,optimal,-22.660678664668158,6,-22.660678664402237,128,1.1734892091998701e-11,agree
86,26205,5,5,4,optimal,-0.03621250567225065,4,-0.03621250609997695,128,4.277262988239272e-10,agree
87,26206,5,5,7,optimal,10.24353171391425,13,10.243531727775864,64,1.3532065353207466e-09,agree
88,26207,4,5,5,optimal,16.970165604360158,2,16.970165659057724,16,3.223160379625599e-09,agree
89,26208,3,6,7,optimal,-9.577150925148763,6,-9.57715091810077,16,7.359174426908112e-10,agree
90,26209,6,2,7,optimal,28.187719570951927,15,28.187719759704766,256,6.696279115356801e-09,agree
91,26210,6,4,8,optimal,1.3969727261822702,8,1.3969727293120313,128,2.2403881273181143e-09,agree
92,26211,6,4,7,optimal,34.69541714149466,6,34.69541712518713,128,4.70019751210076e-10,agree
93,26212,3,6,5,optimal,2.5523912416718573,2,2.552391248186182,16,2.5522437596138254e-09,agree
94,26213,7,2,7,optimal,-3.623458053989348,15,-3.6234580534954706,256,1.363000140039016e-10,agree
95,26214,3,3,3,optimal,14.52363709246436,6,14.523637089254589,16,2.210033192111017e-10,agree
96,26215,7,4,4,optimal,25.517901684671756,2,25.517901673448335,1024,4.3982536491003506e-10,agree
97,26216,6,3,4,optimal,-0.5367272901696628,11,-0.5367272890072621,256,1.1624007312249773e-09,agree
98,26217,5,2,7,optimal,7.012082548392217,10,7.012082542406041,256,8.536944571228007e-10,agree
99,26218,4,3,6,optimal,-3.0126927071030414,4,-3.0126927111513035,32,1.3437355077558183e-09,agree
100,26219,3,6,5,optimal,57.129405954419575,10,57.12940591178393,8,7.462995145952475e-10,agree
101,26220,3,5,4,optimal,55.4195566496958,7,55.419556609855384,16,7.188872998684044e-10,agree
102,26221,7,4,4,optimal,17.06034906607074,6,17.060349035952186,1024,1.7654124731849616e-09,agree
103,26222,5,6,8,optimal,72.32824105384036,8,72.32824103602013,32,2.463799314969844e-10,agree
104,26223,6,2,6,optimal,0.4449808935898647,18,0.4449808931776298,128,4.1223491287212255e-10,agree
105,26224,5,6,8,optimal,39.60620581499027,6,39.60620577733113,256,9.508394162939414e-10,agree
106,26225,7,2,5,optimal,-4.452569730376652,10,-4.452569728368236,256,4.5106888348347966e-10,agree
107,26226,7,6,8,optimal,11.20338822831714,14,11.20338829623464,2048,6.062228600914324e-09,agree
108,26227,6,5,8,optimal,-3.502806597629675,11,-3.502806594322965,128,9.440172980929258e-10,agree
109,26228,4,6,6,optimal,-17.034250353053928,2,-17.034250341709402,16,6.659832450253474e-10,agree
110,26229,4,4,8,optimal,52.03984060382956,2,52.03984070014293,16,1.8507622276433295e-09,agree
111,26230,7,6,6,optimal,45.50346909473203,6,45.50346907685439,256,3.928853424347455e-10,agree
112,26231,4,4,7,optimal,24.438377787454357,7,24.43837772214609,16,2.672365080085649e-09,agree
113,26232,7,6,3,optimal,-0.22836431057077994,11,-0.2283643150574246,128,4.486644666901185e-09,agree
114,26233,4,6,3,optimal,-4.467534541993629,8,-4.467534541953072,32,9.07813712415899e-12,agree
115,26234,5,2,5,optimal,4.328823446897814,20,4.328823445680185,64,2.8128397469703875e-10,agree
116,26235,6,6,5,optimal,-3.436947174754776,10,-3.43694717475693,128,6.2667028565114e-13,agree
117,26236,7,2,6,optimal,74.84198418606611,10,74.84198420904492,256,3.0703100951668005e-10,agree
118,26237,6,5,5,optimal,37.27973908705303,15,37.27973909466071,128,2.0407014052547313e-10,agree
119,26238,6,5,3,optimal,91.93524726987145,9,91.93524725047894,128,2.109366822564448e-10,agree
120,26239,6,2,7,optimal,1.30120236844374,10,1.3012023675656401,128,6.748372405173031e-10,agree
121,26240,3,5,5,optimal,-7.471636243576174,4,-7.471636246225316,16,3.5455985163181685e-10,agree
122,26241,5,6,7,optimal,21.440509717292795,11,21.440509663755723,128,2.4970055518446827e-09,agree
123,26242,4,3,4,optimal,-2.6478518971140366,7,-2.647851916103292,64,7.171570051135114e-09,agree
124,26243,7,5,8,optimal,16.18067233824977,12,16.180672355035366,256,1.0373855157413828e-09,agree
125,26244,5,2,6,optimal,1.8478384961539616,12,1.8478385059348912,256,5.29317339711713e-09,agree
126,26245,5,5,7,optimal,39.49266493372176,3,39.49266482890195,128,2.6541589925966743e-09,agree
127,26246,7,5,5,optimal,-1.9832092551642178,7,-1.9832092509982617,128,2.100613448881544e-09,agree
128,26247,3,3,4,optimal,-9.331747308489692,4,-9.331747308537729,8,5.147614917424161e-12,agree
129,26248,6,4,7,optimal,4.508518141703394,12,4.508518142798244,256,2.4284022148329227e-10,agree
130,26249,7,5,4,optimal,-14.554576193373451,6,-14.554576160262256,256,2.2749680374447067e-09,agree
131,26250,6,4,4,optimal,13.408310642368775,8,13.4083106358054,64,4.895005641683846e-10,agree
132,26251,5,6,7,optimal,21.068430175456385,2,21.06843016982723,64,2.6718431256715107e-10,agree
133,26252,3,5,3,optimal,9.385966973245024,5,9.385966967621176,8,5.991762035084555e-10,agree
134,26253,6,4,3,optimal,16.052740041561886,21,16.052740034012253,512,4.703018793680355e-10,agree
135,26254,4,6,7,optimal,14.67159441626928,7,14.671594418060504,16,1.2208795411772428e-10,agree
136,26255,7,4,8,optimal,16.643976041524944,16,16.643976054109018,256,7.560738002864341e-10,agree
137,26256,4,3,3,optimal,-2.869878258406053,4,-2.8698781942032543,32,2.2371262572307876e-08,agree
138,26257,6,5,3,optimal,32.3992113108644,6,32.39921132374038,256,3.9741644526935626e-10,agree
139,26258,4,2,5,optimal,15.782559965287817,6,15.782559956529198,32,5.549555169319146e-10,agree
140,26259,4,3,8,optimal,4.299204089552026,10,4.29920409961095,32,2.3397178005653936e-09,agree
141,26260,5,2,5,optimal,-3.1972001960933825,9,-3.197200197037243,64,2.952147150972356e-10,agree
142,26261,6,4,7,optimal,13.854621460076032,10,13.854621702664065,256,1.750953858019921e-08,agree
143,26262,4,3,6,optimal,-2.271799924129481,7,-2.2717999244871088,16,1.574204230631155e-10,agree
144,26263,5,2,3,optimal,-1.337899862532574,6,-1.3378998610207802,32,1.1299753033108833e-09,agree
145,26264,5,3,6,optimal,6.773535825860802,6,6.7735358129214855,32,1.9102750236317082e-09,agree
146,26265,4,6,5,optimal,-6.8525807952576585,4,-6.852580796983925,32,2.5191475915529755e-10,agree
147,26266,3,6,7,optimal,-5.319780267955705,4,-5.3197802672928205,8,1.2460756362276706e-10,agree
148,26267,3,3,7,optimal,25.97691834169029,2,25.976918331142464,16,4.0604607480771856e-10,agree
149,26268,3,6,7,optimal,1.1673007189484859,2,1.1673007183736104,8,4.924827608718679e-10,agree
150,26269,4,2,3,optimal,-7.698746637427599,2,-7.6987466376247555,32,2.56089681485403e-11,agree
151,26270,5,6,3,optimal,-42.284743161808876,9,-42.284743157209306,64,1.0877612488149573e-10,agree
152,26271,4,5,6,optimal,4.580801222733189,6,4.580801217737336,16,1.090606920316868e-09,agree
153,26272,4,3,6,optimal,-1.4369099035784103,9,-1.4369099033846449,32,1.348487108861691e-10,agree
154,26273,7,5,5,optimal,-4.729657457129389,2,-4.729657459109184,256,4.185916235430445e-10,agree
155,26274,5,3,3,optimal,-14.321814833151766,13,-14.321814850342214,256,1.2002981714039774e-09,agree
156,26275,3,6,8,optimal,16.388816975958278,4,16.38881697464096,8,8.037906655667284e-11,agree
157,26276,3,5,3,optimal,-3.5336503917666375,5,-3.5336503938605035,8,5.925504042893098e-10,agree
158,26277,7,6,8,optimal,-25.03841388893527,10,-25.03841387669376,1024,4.889092007321704e-10,agree
159,26278,5,6,7,optimal,-1.955698849262384,4,-1.9556988459884677,64,1.6740390556188816e-09,agree
160,26279,4,6,4,optimal,13.182135977257907,2,13.182135977258195,16,2.183028672130986e-14,agree
161,26280,3,6,8,optimal,106.00874272105135,8,106.00874279288725,32,6.77641269148939e-10,agree
162,26281,6,4,7,optimal,61.276632095048384,12,61.27663210590626,512,1.7719437616378251e-10,agree
163,26282,7,2,8,optimal,3.9590809028977123,8,3.959080903710099,256,2.0519575684147758e-10,agree
164,26283,3,3,4,optimal,2.704032338863,4,2.7040323363595835,8,9.258086715459303e-10,agree
165,26284,6,5,3,optimal,-4.0525236562553815,14,-4.052523657789783,512,3.7862874307750565e-10,agree
166,26285,6,6,7,optimal,33.78382552607933,5,33.783825530624846,128,1.345470011024495e-10,agree
167,26286,4,2,4,optimal,-1.23937035625495,4,-1.2393703578849262,16,1.3151647073689444e-09,agree
168,26287,7,3,6,optimal,18.45989791300521,25,18.459897900986945,256,6.510472353839301e-10,agree
169,26288,5,6,8,optimal,38.02801773954036,7,38.028017792033246,64,1.380373985546286e-09,agree
170,26289,7,4,4,optimal,22.78092648129907,9,22.7809265102292,256,1.269927769029036e-09,agree
171,26290,6,5,5,optimal,-4.275176009512888,6,-4.275176027930218,64,4.307969955638934e-09,agree
172,26291,7,5,4,optimal,49.967224663634255,6,49.96722467083194,1024,1.4404810901202e-10,agree
173,26292,5,4,7,optimal,17.214748666529058,6,17.214748687163624,32,1.1986562470830083e-09,agree
174,26293,4,6,8,optimal,42.28320087592408,8,42.28320088770697,64,2.7866593131957626e-10,agree
175,26294,5,4,4,optimal,59.02357935352106,2,59.02357940074195,64,8.000343988149128e-10,agree
176,26295,4,5,7,optimal,34.922101058510336,7,34.92210103958186,32,5.420199307629745e-10,agree
177,26296,3,3,7,optimal,119.2365293181745,4,119.23652932339972,16,4.3822288535168104e-11,agree
178,26297,7,5,8,optimal,4.6915058319300265,24,4.69150583407747,1024,4.577300312882912e-10,agree
179,26298,5,2,8,optimal,27.531705617703444,12,27.531705615395907,32,8.38138146836075e-11,agree
180,26299,7,2,5,optimal,30.80494646737499,4,30.804946649497502,512,5.912119072907512e-09,agree
181,26300,4,5,4,optimal,89.04326735149246,11,89.04326738181625,32,3.4055117914127833e-10,agree
182,26301,5,4,6,optimal,45.679389009389965,10,45.679389105730905,32,2.109068059897963e-09,agree
183,26302,5,5,8,optimal,24.962353916214546,6,24.962353910244016,128,2.3918139923600707e-10,agree
184,26303,7,3,7,optimal,39.3139468567343,17,39.313946851767746,256,1.2633052675027026e-10,agree
185,26304,3,2,6,optimal,22.826437646360866,12,22.826437676756086,32,1.331579679366559e-09,agree
186,26305,5,5,4,optimal,-4.796187892630961,4,-4.7961878922962775,128,6.978112609995443e-11,agree
187,26306,7,2,6,optimal,27.709165075525085,18,27.709165071110377,128,1.5932304662945796e-10,agree
188,26307,4,6,6,optimal,52.72710594884851,10,52.7271059621742,128,2.527293837492464e-10,agree
189,26308,4,5,5,optimal,-5.2791004249571145,6,-5.279100425352347,16,7.486735608232322e-11,agree
190,26309,6,2,6,optimal,1.9997658846684503,6,1.9997658845622959,128,5.3083423118791244e-11,agree
191,26310,3,5,8,optimal,25.10203572876226,5,25.102035706956826,16,8.686719339225453e-10,agree
192,26311,7,2,7,optimal,15.762856828114579,25,15.762856829908777,1024,1.138244537050439e-10,agree
193,26312,6,6,7,optimal,-9.763893399916514,14,-9.763893398618793,128,1.329102017767941e-10,agree
194,26313,6,6,7,optimal,100.31573914142679,12,100.31573928645074,256,1.4456749026719848e-09,agree
195,26314,3,3,7,optimal,3.7822470376916657,8,3.782247037021654,16,1.7714644104344597e-10,agree
196,26315,6,6,8,optimal,-15.527085053319011,6,-15.527084956956605,512,6.2060848074011506e-09,agree
197,26316,7,5,7,optimal,56.696950193031114,14,56.696950212637674,1024,3.4581330843421734e-10,agree
198,26317,7,6,7,optimal,44.44911199503126,11,44.44911201196572,512,3.80985280141645e-10,agree
199,26318,3,2,5,optimal,5.214009539781586,8,5.21400953635559,16,6.570752031800302e-10,agree
200,26319,5,2,5,optimal,-0.5664525708223546,8,-0.566452563942736,128,6.879618541510979e-09,agree
201,26320,6,2,8,optimal,-2.7598481582828702,17,-2.7598481585377073,256,9.233734094045372e-11,agree
202,26321,7,3,6,optimal,76.06280285290384,6,76.06280285289674,256,9.341527121137901e-14,agree
203,26322,4,3,8,optimal,-0.22856952006106313,2,-0.22856951859122643,32,1.4698366967991205e-09,agree
204,26323,4,6,3,optimal,4.451543085749403,6,4.451543084487859,32,2.8339470929583157e-10,agree
205,26324,5,5,8,optimal,2.193276114717662,9,2.1932761083309393,32,2.911955627471499e-09,agree
206,26325,7,6,7,optimal,-3.741134113907032,9,-3.7411341159376557,2048,5.427829118883751e-10,agree
207,26326,4,3,7,optimal,-3.306863369113785,6,-3.306863369773258,16,1.9942551202584792e-10,agree
208,26327,7,4,3,optimal,-5.424481441067151,4,-5.424481444575634,512,6.467868528126799e-10,agree
209,26328,4,4,4,optimal,3.799574918957304,6,3.7995749195952047,64,1.678874233980985e-10,agree
210,26329,6,4,6,optimal,-3.2509322300115793,12,-3.2509322274166634,128,7.982066854169481e-10,agree
211,26330,5,4,4,optimal,61.58843440777814,2,61.588434395435954,64,2.0039775787004622e-10,agree
212,26331,5,6,6,optimal,11.013584693597434,7,11.013584693385429,64,1.9249376290361436e-11,agree
213,26332,3,4,3,optimal,13.809286634913967,4,13.809286614982552,16,1.4433341342380791e-09,agree
214,26333,7,3,5,optimal,49.65800740906613,6,49.65800737961997,1024,5.929791466719323e-10,agree
215,26334,7,5,6,optimal,53.01268204457488,12,53.012682018921915,256,4.839024361099236e-10,agree
216,26335,5,6,3,optimal,24.385481681083938,2,24.385481653028187,64,1.1505104512173606e-09,agree
217,26336,3,4,4,optimal,10.957449582394775,5,10.957449571388265,32,1.0044773110654765e-09,agree
218,26337,3,6,3,optimal,-6.524907747857933,6,-6.5249077547842385,32,1.0615178040005645e-09,agree
219,26338,4,4,4,optimal,-1.7582207034906434,17,-1.7582207041362632,64,3.6720064684771745e-10,agree
220,26339,5,5,7,optimal,-1.7394869421145849,7,-1.739486942182507,64,3.9047210261731955e-11,agree
221,26340,3,5,4,optimal,0.32863956546745654,6,0.3286395692631914,32,3.7957348375528e-09,agree
222,26341,3,4,6,optimal,43.389442747741384,8,43.38944272691862,8,4.79904008938449e-10,agree
223,26342,4,2,4,optimal,-3.861126866940207,7,-3.8611268678177924,32,2.272874188859689e-10,agree
224,26343,7,4,6,optimal,30.883079652972338,13,30.88307965338381,512,1.3323533474742403e-11,agree
225,26344,3,2,8,optimal,-2.6118990109445495,5,-2.6118990114819667,8,2.057572744860403e-10,agree
226,26345,7,3,6,optimal,0.8846777851967698,12,0.8846777883394612,512,3.1426914404164563e-09,agree
227,26346,4,3,8,optimal,3.080243907871365,2,3.080243908542525,32,2.1789184115934144e-10,agree
228,26347,3,6,6,optimal,13.879745115736014,2,13.879745100256413,8,1.1152655534175559e-09,agree
229,26348,5,4,8,optimal,-3.3631203146504864,6,-3.363120314512944,64,4.0897264752260564e-11,agree
230,26349,6,4,6,optimal,93.88550377518176,22,93.88550386871047,128,9.96199711695462e-10,agree
231,26350,4,3,5,optimal,-19.759297042773216,6,-19.759297046971525,64,2.1247260192598386e-10,agree
232,26351,3,3,5,optimal,20.719246953740807,7,20.71924695639821,8,1.2825762517458316e-10,agree
233,26352,4,6,7,optimal,79.87209045844965,4,79.87209042970672,16,3.598620173298496e-10,agree
234,26353,4,5,6,optimal,32.947386544612094,4,32.9473865521857,32,2.2986964244333687e-10,agree
235,26354,5,3,4,optimal,9.810866560126552,9,9.810866501821533,64,5.942902134923155e-09,agree
236,26355,3,5,5,optimal,-2.506974461881029,4,-2.506974461796082,8,3.388433416912446e-11,agree
237,26356,4,5,6,optimal,34.085925269785186,8,34.08592525176272,64,5.287363836397371e-10,agree
238,26357,7,2,5,optimal,-9.574871122475521,9,-9.574871096922783,128,2.66872925317395e-09,agree
239,26358,5,4,6,optimal,0.027435193857776957,11,0.02743519440761144,128,5.498344834986568e-10,agree
240,26359,7,5,4,optimal,5.702843339330458,14,5.702843386765398,256,8.317770137281846e-09,agree
241,26360,7,6,3,optimal,-3.0609244370371322,6,-3.060924437589151,256,1.8034384262355858e-10,agree
242,26361,5,4,7,optimal,12.651288909014655,4,12.651288884151217,32,1.9652888933870177e-09,agree
243,26362,7,6,7,optimal,38.18747603051193,6,38.18747601757183,512,3.388571364164583e-10,agree
244,26363,4,5,5,optimal,6.733948737813179,7,6.733948746038476,16,1.221467106188088e-09,agree
245,26364,7,3,5,optimal,1.3078391353016312,14,1.3078391338013717,4096,1.147128445261037e-09,agree
246,26365,3,5,5,optimal,1.109296532526593,2,1.1092965336422935,16,1.005772926447473e-09,agree
247,26366,6,6,8,optimal,91.66075468721492,5,91.66075470112364,128,1.517412526053704e-10,agree
248,26367,4,6,4,optimal,-0.9268943239231737,2,-0.9268943264282061,32,2.5050324037323435e-09,agree
249,26368,6,3,6,optimal,-0.5335723214040851,8,-0.5335723230011584,128,1.5970733624470768e-09,agree
250,26369,6,4,4,optimal,0.125496446486198,6,0.12549653926000448,512,9.277380647043643e-08,agree
251,26370,6,3,7,optimal,0.7408815163331051,8,0.740881523292737,1024,6.959631981828807e-09,agree
252,26371,5,6,7,optimal,0.5450361328371646,8,0.545036132578961,32,2.582035696363505e-10,agree
253,26372,7,5,7,optimal,19.49557780461044,12,19.49557780601489,1024,7.203931718961769e-11,agree
254,26373,5,3,5,optimal,6.008844388358351,6,6.008844384848448,128,5.841227307604938e-10,agree
255,26374,3,2,7,optimal,66.56565429996115,4,66.56565443942306,16,2.0951030157139224e-09,agree
256,26375,4,6,8,optimal,65.1017791847681,6,65.10177915833212,64,4.0607160680187414e-10,agree
257,26376,7,6,4,optimal,-3.8470419782112044,10,-3.847041977781931,512,1.1158534482084047e-10,agree
258,26377,4,3,6,optimal,-0.44061218704072247,2,-0.44061218718199635,16,1.4127388148210684e-10,agree
259,26378,4,5,7,optimal,35.35033362593135,7,35.350333594692216,16,8.837011986401276e-10,agree
260,26379,3,6,7,optimal,16.31881723440112,4,16.318817252305045,8,1.0971337675089127e-09,agree
261,26380,6,6,6,optimal,104.29605144163158,17,104.29605169278366,512,2.4080689872251823e-09,agree
262,26381,4,2,6,optimal,-16.785822405808837,7,-16.785822408682595,16,1.7120150865364467e-10,agree
263,26382,6,2,3,optimal,-0.5294459029574894,6,-0.5294459027603436,256,1.9714574417406538e-10,agree
264,26383,5,3,4,optimal,28.345487890781133,2,28.345487878331053,64,4.3922617001468307e-10,agree
265,26384,4,3,4,optimal,-37.766261378127254,2,-37.76626162747447,64,6.602380164380464e-09,agree
266,26385,4,3,8,optimal,10.648023670433847,6,10.648023668700187,16,1.6281522096015922e-10,agree
267,26386,7,3,6,optimal,69.58174029018335,19,69.58174029796683,512,1.1186101477415308e-10,agree
268,26387,7,4,4,optimal,49.261205269691516,8,49.261205284523946,1024,3.010975941280386e-10,agree
269,26388,5,2,3,optimal,7.997461708723416,10,7.997461715373783,128,8.315596518515576e-10,agree
270,26389,5,3,6,optimal,78.97213933836719,14,78.97213942708453,256,1.1234005238946311e-09,agree
271,26390,6,4,7,optimal,-0.947071731255754,6,-0.9470717397306769,64,8.47492298561292e-09,agree
272,26391,3,5,4,optimal,31.04708991984505,7,31.047090330933376,16,1.3240800399161894e-08,agree
273,26392,4,3,5,optimal,10.81886251637319,14,10.81886012971343,32,2.2060177614594683e-07,agree
274,26393,4,2,6,optimal,-1.5441004395927838,2,-1.5441004425494456,32,1.914811836589297e-09,agree
275,26394,3,6,7,optimal,13.043298857236287,4,13.043298852541886,8,3.5990905101489003e-10,agree
276,26395,6,4,5,optimal,0.22889393401568994,11,0.22889396056616818,256,2.6550478232634234e-08,agree
277,26396,5,2,5,optimal,14.835855495335935,4,14.835855490262794,64,3.4195130395661853e-10,agree
278,26397,4,5,6,optimal,12.432059899075409,4,12.432059914511697,16,1.2416517293082305e-09,agree
279,26398,7,5,5,optimal,66.0529614269798,8,66.05296161492481,256,2.8453683338571245e-09,agree
280,26399,7,4,3,optimal,-3.8672360707617495,18,-3.8672360734321947,128,6.905306910666626e-10,agree
281,26400,5,2,7,optimal,-0.4142908125551714,7,-0.41429081445425164,64,1.8990802264085005e-09,agree
282,26401,7,5,5,optimal,-15.470086100420998,10,-15.470086096691054,256,2.4110689042506057e-10,agree
283,26402,4,2,3,optimal,-2.043170724756124,10,-2.0431707253451385,16,2.8828458021326804e-10,agree
284,26403,7,4,6,optimal,0.41933396574708226,7,0.4193339794404447,128,1.3693362443945034e-08,agree
285,26404,3,6,4,optimal,-4.666946193073891,6,-4.666946196683028,8,7.733401751736367e-10,agree
286,26405,3,3,4,optimal,-6.505177690196733,4,-6.505177636928626,16,8.188570740341112e-09,agree
287,26406,4,4,6,optimal,-14.8997776306549,2,-14.899777635372013,32,3.165895442272988e-10,agree
288,26407,7,5,5,optimal,67.39769189937948,5,67.39769170875185,256,2.828399996805622e-09,agree
289,26408,7,6,8,optimal,15.673386217940555,9,15.673386229207939,128,7.188863533321177e-10,agree
290,26409,5,6,8,optimal,95.62199258785473,15,95.62199397492707,256,1.4505787561128941e-08,agree
291,26410,3,6,3,optimal,26.97548224023162,6,26.975482234196143,32,2.2373938833937523e-10,agree
292,26411,6,5,8,optimal,27.4050035296652,6,27.40500350464878,512,9.128414344807178e-10,agree
293,26412,3,6,4,optimal,-15.90099006652852,4,-15.900990068592076,16,1.2977534278910203e-10,agree
294,26413,5,3,3,optimal,82.42188353536118,4,82.42188341604188,128,1.4476652417033745e-09,agree
295,26414,3,3,8,optimal,3.109468819616835,8,3.1094688186453947,32,3.124135722926788e-10,agree
296,26415,4,4,8,optimal,-2.367080554502994,4,-2.36708054320719,16,4.772040343223412e-09,agree
297,26416,5,4,8,optimal,53.30780827825,10,53.3078082534829,128,4.646055565729873e-10,agree
298,26417,5,2,8,optimal,0.32812005503784025,10,0.3281200562388371,256,1.2009968575199537e-09,agree
299,26418,3,6,3,optimal,-2.927926948108172,5,-2.927926947948704,8,5.4464471689357467e-11,agree
300,26419,4,5,5,optimal,11.214475340730921,5,11.214475342702222,64,1.757818608666529e-10,agree
301,26420,4,6,4,optimal,-6.9514797721500585,2,-6.95147977281464,16,9.560285012932872e-11,agree
302,26421,4,4,7,optimal,20.82317367028652,15,20.82317367473264,32,2.1351796620852544e-10,agree
303,26422,3,3,4,optimal,0.41199459650148085,9,0.41199459288163087,32,3.6198499753226088e-09,agree
304,26423,6,4,8,optimal,0.3788696411464363,6,0.3788696409296679,512,2.1676838102280271e-10,agree
305,26424,5,3,6,optimal,4.62446730385492,4,4.624467319198467,128,3.317905786422153e-09,agree
306,26425,5,6,4,optimal,6.968691960088586,10,6.968691955870433,64,6.053005305390222e-10,agree
307,26426,7,6,7,optimal,28.647075742000016,11,28.647075733703367,256,2.896159028067252e-10,agree
308,26427,5,5,5,optimal,-4.195495764171726,8,-4.195495761481759,128,6.411560189540105e-10,agree
309,26428,4,2,7,optimal,80.02978954694393,17,80.02978977410113,128,2.8384080744751243e-09,agree
310,26429,4,6,6,optimal,30.296789563056418,2,30.296789579612906,16,5.464766388150011e-10,agree
311,26430,6,3,8,optimal,3.174403124086984,8,3.174403117445589,128,2.0921712661557797e-09,agree
312,26431,3,2,5,optimal,-0.47709398463014346,3,-0.47709399631605165,8,1.1685908185565808e-08,agree
313,26432,5,5,3,optimal,-5.792804396166382,8,-5.792804399683817,32,6.072076647645829e-10,agree
314,26433,7,4,7,optimal,40.65392315546807,4,40.65392318470038,128,7.190526400466825e-10,agree
315,26434,4,5,8,optimal,5.301374782683989,10,5.301374779953852,16,5.149866060557244e-10,agree
316,26435,7,4,7,optimal,6.282600212440663,10,6.282600208876988,256,5.672292633936396e-10,agree
317,26436,3,5,3,optimal,19.24461890833308,2,19.244618933477984,8,1.306593969749679e-09,agree
318,26437,7,4,5,optimal,-2.774678726433605,6,-2.7746785662831126,512,5.7718574817717096e-08,agree
319,26438,3,3,5,optimal,-16.234781457728268,3,-16.234781456552028,32,7.24518253203785e-11,agree
320,26439,4,3,5,optimal,16.019592565244412,5,16.01959266679912,32,6.339406367352722e-09,agree
321,26440,7,3,3,optimal,-14.358941466983824,8,-14.358941154526194,1024,2.1760492377892902e-08,agree
322,26441,6,3,8,optimal,-2.338443728832797,10,-2.338443730235024,128,5.99641018085895e-10,agree
323,26442,7,6,5,optimal,5.589755940600228,9,5.5897559317483125,512,1.5835960913156607e-09,agree
324,26443,3,4,4,optimal,20.18252391074832,4,20.18252389190694,16,9.335492484808223e-10,agree
325,26444,7,3,6,optimal,-8.704381367443405,72,-8.704381273177521,4096,1.0829705297723073e-08,agree
326,26445,6,5,3,optimal,0.24130122042021293,10,0.24130122169780166,128,1.2775887292537647e-09,agree
327,26446,7,4,7,optimal,43.75634394658648,25,43.75634398863863,512,9.610526468434357e-10,agree
328,26447,3,6,3,optimal,4.667459770175341,4,4.667459768947731,16,2.6301458917984534e-10,agree
329,26448,7,2,5,optimal,4.673910429446143,23,4.673910426104797,1024,7.148930043666537e-10,agree
330,26449,6,6,3,optimal,2.6802526474219333,13,2.6802526466312084,256,2.9501876248465797e-10,agree
331,26450,4,3,8,optimal,15.852523685026402,6,15.852523660818044,32,1.527098050938363e-09,agree
332,26451,7,5,4,optimal,11.363068856075051,10,11.36306881790753,256,3.358909579018577e-09,agree
333,26452,5,4,4,optimal,-0.9074145459527376,6,-0.9074145460002487,64,4.7511106160413874e-11,agree
334,26453,6,2,3,optimal,-4.723781592987703,9,-4.723781598828632,512,1.2364942170698034e-09,agree
335,26454,6,6,8,optimal,24.986961895058794,10,24.98696191903668,128,9.596159157248513e-10,agree
336,26455,3,4,5,optimal,-6.237608079942899,9,-6.23760807776845,8,3.4860302829875906e-10,agree
337,26456,7,3,6,optimal,-3.935114364586857,6,-3.9351143641157442,256,1.197202629595549e-10,agree
338,26457,3,3,5,optimal,-6.399475391250638,2,-6.399475389465169,16,2.7900234834049e-10,agree
339,26458,5,3,8,optimal,8.829703034241025,4,8.829703027510075,64,7.623076335186151e-10,agree
340,26459,7,5,3,optimal,47.244208450316975,12,47.2442084525262,512,4.676184979736985e-11,agree
341,26460,4,3,8,optimal,39.12812716765375,4,39.12812720795351,64,1.0299434920401271e-09,agree
342,26461,6,3,6,optimal,34.747705003006544,12,34.74770495474961,512,1.3887805334951337e-09,agree
343,26462,5,5,4,optimal,22.54728753094514,2,22.547287545090157,128,6.273488905048651e-10,agree
344,26463,7,5,8,optimal,21.378339910371604,4,21.37833991748593,1024,3.3278200893173157e-10,agree
345,26464,6,5,4,optimal,3.616826560799466,8,3.616826559768646,512,2.8500671980519374e-10,agree
346,26465,6,6,5,optimal,41.51680430272872,6,41.516804289283144,512,3.2385871462599667e-10,agree
347,26466,4,3,7,optimal,18.618751006243777,2,18.61875098693243,16,1.0371988540786693e-09,agree
348,26467,3,6,7,optimal,19.61224190908175,4,19.612241896933465,16,6.19423532518723e-10,agree
349,26468,4,2,4,optimal,11.317381640409028,2,11.317381634820062,16,4.938391153536976e-10,agree
350,26469,5,4,4,optimal,36.15233099549422,10,36.152331171059146,256,4.85625469345837e-09,agree
351,26470,4,6,8,optimal,-5.015111011466166,4,-5.015110991405739,16,3.999996636487586e-09,agree
352,26471,6,4,5,optimal,-11.108363451672158,5,-11.108363452553359,64,7.932769699144197e-11,agree
353,26472,5,3,8,optimal,32.47409705704502,4,32.47409701742854,64,1.219940949899213e-09,agree
354,26473,4,5,8,optimal,5.12687389737901,7,5.126873898315273,64,1.8261861741782127e-10,agree
355,26474,6,4,4,optimal,17.16059247553904,8,17.16059247654252,256,5.84757309984262e-11,agree
356,26475,3,5,8,optimal,57.2852442449639,2,57.28524421043912,8,6.026819250218737e-10,agree
357,26476,5,5,4,optimal,22.327216238142654,13,22.327216233592136,64,2.038103692318323e-10,agree
358,26477,5,3,4,optimal,5.957559203626701,4,5.95755920535158,128,2.8952778258979276e-10,agree
359,26478,4,5,6,optimal,-5.263079833314151,3,-5.263079831634385,16,3.1916037791845753e-10,agree
360,26479,5,3,3,optimal,-10.154320263328518,11,-10.15432026298966,256,3.33708039443129e-11,agree
361,26480,5,2,5,optimal,14.225726008179901,4,14.225726012085575,32,2.745500653614723e-10,agree
362,26481,7,3,4,optimal,-8.59446275739521,12,-8.594462757039953,512,4.133558630344105e-11,agree
363,26482,4,6,5,optimal,8.147248074836146,6,8.14724807953155,32,5.763179061077751e-10,agree
364,26483,5,4,5,optimal,17.26099288323509,9,17.260992878063796,64,2.995942666946571e-10,agree
365,26484,3,2,8,optimal,-1.494504330048069,4,-1.4945043307630468,8,4.784046723597165e-10,agree
366,26485,4,5,3,optimal,-4.910030567185114,6,-4.91003057355876,32,1.2980869271552115e-09,agree
367,26486,6,6,5,optimal,38.52339438400137,11,38.5233943768297,512,1.8616405363202869e-10,agree
368,26487,3,4,6,optimal,59.05968064058527,7,59.05968064377841,32,5.40662663112135e-11,agree
369,26488,6,4,5,optimal,16.781710132099615,5,16.781710110596364,128,1.2813503864543331e-09,agree
370,26489,5,6,7,optimal,43.41492907507424,2,43.414929141773584,64,1.5363227409601815e-09,agree
371,26490,7,4,7,optimal,14.66692925603196,9,14.666929249611403,128,4.37757380676942e-10,agree
372,26491,3,5,7,optimal,147.7504792977871,4,147.75048072122183,16,9.634044625833405e-09,agree
373,26492,4,6,6,optimal,16.38831694732395,5,16.388316955959993,16,5.269633858709282e-10,agree
374,26493,3,5,5,optimal,8.758561811747574,4,8.758562013126665,16,2.299225499328896e-08,agree
375,26494,4,3,7,optimal,2.350838345399109,4,2.350838345875863,32,2.0280177602044235e-10,agree
376,26495,4,6,8,optimal,48.49441211581452,9,48.49441209276396,32,4.753240543941145e-10,agree
377,26496,3,3,4,optimal,-3.1401436804499747,3,-3.1401436799664815,8,1.5397169515670682e-10,agree
378,26497,6,3,8,optimal,54.010770565936795,15,54.0107705316098,128,6.355583199850767e-10,agree
379,26498,6,2,4,optimal,-10.866845325258748,11,-10.866845327830642,512,2.366735349241787e-10,agree
380,26499,3,3,3,optimal,-12.003567204919143,2,-12.003567215384166,8,8.718260529117502e-10,agree
381,26500,4,5,8,optimal,4.664690889666021,5,4.66469086430661,32,5.436461321304793e-09,agree
382,26501,6,5,8,optimal,28.43516843749493,4,28.43516843223522,128,1.8497203213633562e-10,agree
383,26502,3,3,3,optimal,-4.745797460196865,4,-4.745797463181445,8,6.288889733818316e-10,agree
384,26503,7,4,8,optimal,-0.07953138812163729,13,-0.07953139003123333,512,1.909596036853145e-09,agree
385,26504,5,4,3,optimal,-4.965377882988147,2,-4.965377882744594,64,4.9050191000139285e-11,agree
386,26505,4,5,6,optimal,22.809336776788577,2,22.809336788665664,16,5.20711665919235e-10,agree
387,26506,3,6,3,optimal,4.545425578975094,4,4.5454255892190005,32,2.2536737136495373e-09,agree
388,26507,3,4,4,optimal,18.54094340407699,6,18.540943410556952,16,3.494947000710621e-10,agree
389,26508,6,5,6,optimal,33.69721523259422,10,33.697215168552525,1024,1.900504018428705e-09,agree
390,26509,6,4,7,optimal,-17.898509353119056,13,-17.898509355244975,512,1.1877631562516067e-10,agree
391,26510,3,4,3,optimal,12.456455858071507,6,12.456455854174592,8,3.1284298170184715e-10,agree
392,26511,4,6,3,optimal,82.83245723919005,2,82.83245717913309,32,7.250414163163346e-10,agree
393,26512,5,3,6,optimal,72.19317928202172,9,72.19317924333289,128,5.359069235343996e-10,agree
394,26513,5,4,3,optimal,15.661873157568278,4,15.661873155353865,64,1.4138880576150838e-10,agree
395,26514,7,2,8,optimal,-7.60704400479877,6,-7.6070440053831305,512,7.68182904474064e-11,agree
396,26515,5,5,4,optimal,-4.132682512459896,8,-4.132682521097705,128,2.090121739238045e-09,agree
397,26516,6,4,8,optimal,24.267562504933935,11,24.267562501961752,128,1.224755267396896e-10,agree
398,26517,4,5,3,optimal,-33.168449026323785,7,-33.16844902748865,32,3.511963312000863e-11,agree
399,26518,7,6,4,optimal,19.309650131554104,4,19.309650147128927,2048,8.065823611632801e-10,agree
400,26519,3,2,6,optimal,13.515428471356955,4,13.515428469887283,8,1.0874034715702453e-10,agree
401,26520,4,4,3,optimal,8.205546217457403,2,8.205546220500803,16,3.7089550369208623e-10,agree
402,26521,4,4,5,optimal,11.889688783499079,4,11.889688773792361,16,8.163979219697687e-10,agree
403,26522,7,2,7,optimal,-0.4699109415517777,10,-0.46991094158317037,256,3.1392666244300926e-11,agree
404,26523,7,6,8,optimal,-0.6513822765062668,11,-0.6513822727624241,128,3.743842680314913e-09,agree
405,26524,3,2,3,optimal,-0.6178246651717613,7,-0.6178246659503492,8,7.785879718724686e-10,agree
406,26525,5,5,8,optimal,42.85629040562841,8,42.85629041916251,128,3.1580207385152246e-10,agree
407,26526,4,2,5,optimal,-0.3212629215482158,3,-0.3212629214990779,16,4.9137860447245885e-11,agree
408,26527,6,5,7,optimal,5.9601917594812805,10,5.960191754792104,256,7.867492106623372e-10,agree
409,26528,5,6,4,optimal,-0.7227967383808268,4,-0.7227967564904549,128,1.8109628130424937e-08,agree
410,26529,4,4,6,optimal,5.346777347784526,8,5.346777343853191,32,7.352719226010119e-10,agree
411,26530,3,2,7,optimal,-2.0975568236834152,2,-2.097556824223015,8,2.5725163393444947e-10,agree
412,26531,5,6,8,optimal,-15.18441328256328,9,-15.184413298796578,32,1.0690763649247007e-09,agree
413,26532,4,3,8,optimal,-6.577669897008523,2,-6.577669899528198,64,3.83065002301933e-10,agree
414,26533,5,4,5,optimal,22.5377191592398,7,22.53771916364444,64,1.9543415978078493e-10,agree
415,26534,3,4,3,optimal,16.343845337699065,4,16.343845368930467,32,1.9108967785735103e-09,agree
416,26535,6,5,5,optimal,26.921707544314145,9,26.921707545796206,64,5.5050768747425736e-11,agree
417,26536,7,5,8,optimal,-5.451300381856572,6,-5.451300384815908,128,5.428678807897871e-10,agree
418,26537,7,4,3,optimal,1.4398756248739304,12,1.4398756258653513,512,6.885462379738862e-10,agree
419,26538,4,5,5,optimal,31.4819468837222,5,31.481946886984748,32,1.0363238822269123e-10,agree
420,26539,4,3,4,optimal,-1.5082807109651355,10,-1.5082807102830142,64,4.5225086001816444e-10,agree
421,26540,4,6,3,optimal,46.593789278219205,2,46.59378926461737,32,2.919237636647066e-10,agree
422,26541,6,3,3,optimal,9.740216875927084,8,9.740216880285619,128,4.474782153133847e-10,agree
423,26542,4,6,4,optimal,-5.586570202949748,2,-5.586570203092094,32,2.548013786521696e-11,agree
424,26543,7,4,8,optimal,-5.9579247362921945,15,-5.957924641642274,1024,1.5886391064490064e-08,agree
425,26544,3,4,4,optimal,-4.0323583429831045,8,-4.032358346592476,32,8.951018630131602e-10,agree
426,26545,3,4,3,optimal,-12.388771947507543,7,-12.388771975482072,8,2.2580550691397195e-09,agree
427,26546,6,5,3,optimal,-1.3456852747471868,6,-1.3456852746989911,512,3.58149640064824e-11,agree
428,26547,6,6,4,optimal,0.8624619809684481,6,0.8624619805239002,512,4.4454784298153527e-10,agree
429,26548,5,2,4,optimal,18.446618660340725,4,18.446618691768386,64,1.7037084681574398e-09,agree
430,26549,6,3,4,optimal,10.36530263972159,22,10.365302677134395,512,3.609427188340884e-09,agree
431,26550,7,3,5,optimal,16.73042294834338,8,16.73042294875017,128,2.4314344603387623e-11,agree
432,26551,4,6,7,optimal,37.453924952587585,8,37.453924939648175,32,3.454753958278859e-10,agree
433,26552,6,6,8,optimal,112.39511055064835,14,112.39511055161614,64,8.610584776018719e-12,agree
434,26553,5,4,4,optimal,31.764909345962074,8,31.764909347235132,64,4.007749839494214e-11,agree
435,26554,7,2,6,optimal,2.321599860575129,8,2.3215998547430807,256,2.5120815569521924e-09,agree
436,26555,5,5,7,optimal,52.275722448369166,8,52.27572242485512,64,4.4980818068518594e-10,agree
437,26556,3,2,6,optimal,-3.2279045083458597,6,-3.2279045074777395,16,2.689423557443371e-10,agree
438,26557,7,3,7,optimal,15.264404437958579,10,15.264404406849913,512,2.0379875320632398e-09,agree
439,26558,5,3,8,optimal,56.9985487362478,7,56.99854861106529,64,2.1962403033401213e-09,agree
440,26559,4,2,8,optimal,-15.35909769088878,4,-15.359097694270382,128,2.2016934984358353e-10,agree
441,26560,4,4,3,optimal,-0.14658740831265238,6,-0.14658740799696224,16,3.1569014069532386e-10,agree
442,26561,3,4,7,optimal,11.988490930550217,7,11.98849092553413,16,4.1840854969959277e-10,agree
443,26562,3,2,3,optimal,-1.0923698991417206,4,-1.0923698995597375,32,3.8266978479802995e-10,agree
444,26563,6,6,7,optimal,16.13148430603337,12,16.13148431853286,512,7.748504365942232e-10,agree
445,26564,7,6,7,optimal,-10.166697932240611,17,-10.166697929495761,512,2.699843843020834e-10,agree
446,26565,5,4,8,optimal,-1.7008939587123475,4,-1.7008939552014861,256,2.064127142471212e-09,agree
447,26566,3,3,5,optimal,5.107579974942073,4,5.107579974107575,8,1.633841875060757e-10,agree
448,26567,3,4,7,optimal,31.540064597596036,6,31.54006459563383,8,6.221313819494509e-11,agree
449,26568,4,4,7,optimal,62.5496547355168,9,62.549654726135905,128,1.49975213730298e-10,agree
450,26569,3,3,6,optimal,27.32967209530549,4,27.32967209106087,32,1.5531173826231033e-10,agree
451,26570,3,2,7,optimal,-5.154033277792387,8,-5.154033278615463,16,1.5969548220216965e-10,agree
452,26571,6,6,7,optimal,207.11138412291734,6,207.11138406622734,256,2.737174430507167e-10,agree
453,26572,5,5,5,optimal,-9.401180803630643,6,-9.40118085604927,64,5.575749308872246e-09,agree
454,26573,6,5,8,optimal,-2.927904889404854,13,-2.9279049025895123,128,4.503103308581145e-09,agree
455,26574,5,6,8,optimal,25.44015008268805,7,25.440150154141733,64,2.8086974104200645e-09,agree
456,26575,7,4,8,optimal,2.873458646919726,8,2.8734586743402346,256,9.542684144130291e-09,agree
457,26576,6,2,8,optimal,2.2302089059178027,6,2.230208905679511,128,1.0684721420516074e-10,agree
458,26577,3,2,3,optimal,-7.299369657861011,6,-7.299369658975509,32,1.526841192360707e-10,agree
459,26578,4,3,4,optimal,-3.3955893712505687,4,-3.3955893713525374,32,3.002973698809939e-11,agree
460,26579,5,5,4,optimal,-14.32935620639596,11,-14.329356214312629,32,5.524789872950187e-10,agree
461,26580,7,6,8,optimal,53.22268127235552,11,53.22268120505974,512,1.264419192941907e-09,agree
462,26581,6,4,4,optimal,19.59736373758653,8,19.59736373641066,2048,6.000144120391765e-11,agree
463,26582,6,2,8,optimal,35.3857413347543,12,35.385741315361265,256,5.480465863582285e-10,agree
464,26583,6,3,5,optimal,-16.596083896316205,6,-16.59608390001551,256,2.2290232882057855e-10,agree
465,26584,3,3,7,optimal,-7.970927732841297,8,-7.970927730927452,16,2.4010306690007924e-10,agree
466,26585,4,6,5,optimal,-5.810381691549408,14,-5.810381711623312,32,3.4548338516625124e-09,agree
467,26586,4,3,3,optimal,9.216690091922194,2,9.216690082810743,16,9.885816998574288e-10,agree
468,26587,3,6,8,optimal,80.41834696089654,4,80.41834688010037,8,1.0046982173745976e-09,agree
469,26588,7,2,7,optimal,-10.957172137302521,6,-10.957172136247255,512,9.630825212984305e-11,agree
470,26589,5,5,5,optimal,16.65330948748522,5,16.6533096069712,64,7.1749088478353995e-09,agree
471,26590,6,6,7,optimal,6.470285626221505,8,6.470285660639032,512,5.319321033360717e-09,agree
472,26591,4,3,6,optimal,1.4859759249506896,6,1.4859759221578162,64,1.8794877133525664e-09,agree
473,26592,5,5,4,optimal,14.843711015650676,11,14.843711004000621,64,7.848478820201394e-10,agree
474,26593,4,4,7,optimal,24.040080291951448,9,24.040080295755708,32,1.5824656038216047e-10,agree
475,26594,3,4,6,optimal,-5.755473895359248,4,-5.7554738829591825,32,2.1544821703942357e-09,agree
476,26595,5,5,5,optimal,26.101204278443696,7,26.101204251602535,128,1.028349502447301e-09,agree
477,26596,7,2,8,optimal,-2.7781003384868055,20,-2.7781003377410016,512,2.6845821692597744e-10,agree
478,26597,3,5,5,optimal,59.80847137692368,2,59.80847133540477,16,6.94197799618216e-10,agree
479,26598,5,2,4,optimal,56.23457139562262,5,56.234571334421425,32,1.0883198239664585e-09,agree
480,26599,4,6,5,optimal,13.934944239993794,7,13.934944232696484,128,5.236697974198459e-10,agree
481,26600,4,2,5,optimal,8.11096350691091,2,8.110963502191485,16,5.818574882803323e-10,agree
482,26601,5,3,3,optimal,-4.530488578336661,6,-4.530488579378596,32,2.2998281982006564e-10,agree
483,26602,3,5,6,optimal,60.626904118609325,2,60.626904070554076,16,7.926390008851391e-10,agree
484,26603,6,6,3,optimal,38.28806383625924,4,38.28806380921564,64,7.063192779425266e-10,agree
485,26604,3,3,4,optimal,-21.86361847509938,2,-21.86361846632973,16,4.0110697635264047e-10,agree
486,26605,7,2,8,optimal,20.331369932442986,6,20.33137007581248,128,7.051639585520603e-09,agree
487,26606,6,4,3,optimal,10.691949324904447,2,10.691949328295122,64,3.1712406258205377e-10,agree
488,26607,4,2,3,optimal,5.59296408037575,6,5.592964076860065,128,6.285905977566222e-10,agree
489,26608,4,2,5,optimal,12.339626641822358,4,12.339626923003717,32,2.2786860643339082e-08,agree
490,26609,4,5,6,optimal,-9.451027083719483,7,-9.451027073905712,32,1.0383814428138177e-09,agree
491,26610,4,3,5,optimal,7.79177407353847,5,7.791774069805772,16,4.790562037658337e-10,agree
492,26611,6,5,3,optimal,-4.807738089677659,18,-4.807738090720047,128,2.1681472204831412e-10,agree
493,26612,7,5,7,optimal,-15.128144886705694,4,-15.128144886825554,128,7.922959400191395e-12,agree
494,26613,4,5,8,optimal,10.991205141496865,8,10.991205140622345,64,7.956543443355836e-11,agree
495,26614,6,3,8,optimal,27.53017553289747,8,27.530175526884747,64,2.1840481032364841e-10,agree
496,26615,7,2,6,optimal,-15.348699267049561,14,-15.34869927799856,512,7.133502295055031e-10,agree
497,26616,7,4,4,optimal,-28.37274364467166,6,-28.372743672617542,128,9.849551597478404e-10,agree
498,26617,5,6,8,optimal,-4.074847544939456,17,-4.074847543048175,256,4.6413537922102055e-10,agree
499,26618,5,3,5,optimal,15.066858359202506,8,15.066858357001415,64,1.4608824301486737e-10,agree
500,26619,3,2,4,optimal,-4.956597772037617,6,-4.9565977633442095,16,1.7539062450704823e-09,agree
501,26620,7,4,5,optimal,50.64752371384939,11,50.64752371049011,512,6.632655021041825e-11,agree
502,26621,4,5,4,optimal,47.599532518424226,6,47.59953248213665,16,7.623514757899846e-10,agree
503,26622,7,3,4,optimal,-7.801590398941991,2,-7.801590248725695,256,1.925457382577972e-08,agree
504,26623,6,5,8,optimal,50.74436319987057,8,50.744363177098336,256,4.4876381238427664e-10,agree
505,26624,5,6,5,optimal,48.46028442308275,5,48.460284361427014,64,1.272294081143459e-09,agree
506,26625,5,5,4,optimal,13.194703962942535,6,13.19470395834276,128,3.4860765332887616e-10,agree
507,26626,3,4,3,optimal,55.10254312349614,6,55.10254312620728,16,4.920171744032332e-11,agree
508,26627,6,6,6,optimal,-1.7869883942556433,2,-1.786988396787774,64,1.4169821873880443e-09,agree
509,26628,3,3,6,optimal,8.389275037920882,13,8.389275031289614,16,7.904458912648381e-10,agree
510,26629,7,6,5,optimal,5.802748203176778,8,5.80274816953376,1024,5.797773256085335e-09,agree
511,26630,7,4,7,optimal,-17.51390183766275,4,-17.513901834143816,128,2.0092235930443608e-10,agree
512,26631,7,4,6,optimal,-23.20531193339122,8,-23.205311936275564,1024,1.242967651131854e-10,agree
513,26632,6,3,4,optimal,36.969711979836475,16,36.96971201096493,512,8.419989321042974e-10,agree
514,26633,7,6,5,optimal,9.317844316775409,21,9.317844358589756,2048,4.487555912165312e-09,agree
515,26634,7,5,3,optimal,-4.89030655435534,4,-4.890306553894048,256,9.432789797071454e-11,agree
516,26635,6,6,5,optimal,51.028337697699484,2,51.028337936511896,64,4.679995886223775e-09,agree
517,26636,7,5,7,optimal,99.46230970429299,24,99.46230970505573,512,7.668625506393873e-12,agree
518,26637,5,5,7,optimal,1.8917933903101867,6,1.8917933963516118,64,3.193490975065319e-09,agree
519,26638,3,6,7,optimal,81.60517974158407,2,81.60517979609429,16,6.67975047986552e-10,agree
520,26639,5,2,6,optimal,6.2614156555975375,6,6.261415641703749,128,2.218953210757434e-09,agree
521,26640,5,4,8,optimal,2.761836041099013,18,2.7618360389102605,32,7.924989969300825e-10,agree
522,26641,7,3,4,optimal,114.50617514344265,2,114.50617507096818,256,6.329306146045419e-10,agree
523,26642,7,2,8,optimal,-6.278824651835835,5,-6.278824652006117,128,2.7119974846009144e-11,agree
524,26643,3,3,3,optimal,-5.784672800144458,6,-5.784672801537319,32,2.4078474020670746e-10,agree
525,26644,7,2,8,optimal,88.13065346723482,10,88.130654125688,256,7.471329711363872e-09,agree
526,26645,3,2,5,optimal,-2.6420563579039915,9,-2.642056358915563,8,3.82872707381392e-10,agree
527,26646,7,4,7,optimal,36.97159563770672,10,36.97159563596525,512,4.7102895104163754e-11,agree
528,26647,6,4,3,optimal,0.7810629461752167,6,0.7810629461022542,128,7.296241388843328e-11,agree
529,26648,4,4,7,optimal,153.40140568007274,6,153.4014057905828,128,7.20397948271186e-10,agree
530,26649,4,3,5,optimal,65.52400204204,4,65.52400204599763,16,6.039981761610376e-11,agree
531,26650,6,3,8,optimal,-17.003070709313945,4,-17.003070710365126,128,6.182297856094712e-11,agree
532,26651,5,3,6,optimal,-2.75314180454708,11,-2.7531418001963317,128,1.5802848243558473e-09,agree
533,26652,6,4,5,optimal,6.061427094587666,20,6.0614270970811726,128,4.113728820767681e-10,agree
534,26653,6,5,6,optimal,2.3865674244251025,6,2.3865674168724054,128,3.164669508590633e-09,agree
535,26654,5,3,3,optimal,-6.752705605189909,3,-6.75270560502994,64,2.3689604782209457e-11,agree
536,26655,7,2,5,optimal,15.920963494253229,10,15.92096348755391,256,4.2078599317002993e-10,agree
537,26656,7,3,5,optimal,-7.345949513828559,11,-7.345949515818457,256,2.7088370534675066e-10,agree
538,26657,4,3,6,optimal,-8.532898287842201,4,-8.532898287344437,32,5.833464683947287e-11,agree
539,26658,4,5,4,optimal,-20.044748960737714,4,-20.04474896677286,32,3.0108371538455034e-10,agree
540,26659,4,4,8,optimal,156.91863829651933,4,156.91863848087934,64,1.174876396970129e-09,agree
541,26660,6,3,5,optimal,1.65911168609124,6,1.6591116813283269,128,2.8707610395210184e-09,agree
542,26661,3,4,4,optimal,1.9414797950404326,2,1.9414797956613672,8,3.1982544367897343e-10,agree
543,26662,7,4,3,optimal,-4.239634303161016,4,-4.239634272893159,512,7.1392612468985475e-09,agree
544,26663,6,5,3,optimal,9.229510395342839,17,9.229510388982296,128,6.891527336767135e-10,agree
545,26664,3,2,3,optimal,-25.191507248611938,2,-25.191507247003596,16,6.384460795984017e-11,agree
546,26665,6,4,6,optimal,30.66119895623002,13,30.661198967057615,256,3.531367065055876e-10,agree
547,26666,7,5,6,optimal,-3.0457667284972887,6,-3.045766726843543,256,5.429652804144112e-10,agree
548,26667,3,6,7,optimal,23.11394376835289,4,23.11394376456369,8,1.63935678974833e-10,agree
549,26668,5,5,5,optimal,-4.969142844437431,8,-4.96914284709527,32,5.348687618324166e-10,agree
550,26669,3,6,8,optimal,14.109900889922148,6,14.109900890431659,8,3.611015129339772e-11,agree
551,26670,3,5,7,optimal,86.15438281869072,2,86.15438277843599,8,4.672395249340744e-10,agree
552,26671,5,2,4,optimal,-0.07302893730389481,14,-0.07302893800291832,256,6.990235057457994e-10,agree
553,26672,4,2,8,optimal,1.201449900914062,8,1.2014499003693306,32,4.533949946261515e-10,agree
554,26673,7,5,6,optimal,66.02894020433246,17,66.02894017972375,512,3.7269581595066615e-10,agree
555,26674,4,5,4,optimal,12.61374912444603,2,12.613749126069733,16,1.2872477845122912e-10,agree
556,26675,4,3,4,optimal,-5.731850578345455,12,-5.731850580641809,32,4.006305093935048e-10,agree
557,26676,5,4,3,optimal,5.358118763415313,10,5.35811876400399,64,1.0986629615719121e-10,agree
558,26677,5,3,7,optimal,-13.768782311576425,6,-13.768782314410538,32,2.058361679122976e-10,agree
559,26678,4,5,4,optimal,55.0077499580267,2,55.00774996495229,16,1.259020591751653e-10,agree
560,26679,4,2,7,optimal,-0.453297543115492,7,-0.45329754324074645,32,1.2525447345979046e-10,agree
561,26680,5,6,7,optimal,33.77812643426314,6,33.77812487652148,128,4.611687793737461e-08,agree
562,26681,7,3,3,optimal,0.585097682974806,10,0.585097683025404,512,5.059797025808166e-11,agree
563,26682,4,5,7,optimal,5.546521001381901,7,5.546520990454949,16,1.9700550681484305e-09,agree
564,26683,3,4,6,optimal,46.07735216704299,9,46.07735221840981,32,1.1147953578343468e-09,agree
565,26684,6,4,4,optimal,14.71895373180113,31,14.718953726695934,256,3.4684505166096044e-10,agree
566,26685,6,4,4,optimal,-2.4372328984787233,14,-2.437232898590083,128,4.5691082836778684e-11,agree
567,26686,4,4,3,optimal,27.0392368900201,4,27.039236889726542,32,1.0856710925785874e-11,agree
568,26687,6,3,4,optimal,7.860002579918612,4,7.860002622640787,64,5.435389311406196e-09,agree
569,26688,6,2,4,optimal,-1.9435087449637718,14,-1.9435087458589095,256,4.605781906641694e-10,agree
570,26689,6,6,4,optimal,17.53837838628255,6,17.538378381726815,512,2.5975797015044776e-10,agree
571,26690,7,6,8,optimal,3.4669727561125057,18,3.466972764386677,1024,2.386569404590148e-09,agree
572,26691,6,3,3,optimal,-5.0215418400987275,6,-5.021541830924792,64,1.826916054473842e-09,agree
573,26692,7,3,7,optimal,-1.3245546742573895,10,-1.3245546798252812,256,4.203595206794589e-09,agree
574,26693,7,2,3,optimal,5.969760618574371,9,5.96976064157631,256,3.8530755923387e-09,agree
575,26694,6,6,4,optimal,18.353490132425286,6,18.353490087256596,128,2.461040919561226e-09,agree
576,26695,5,5,4,optimal,-0.30687085722419294,6,-0.30687084455433267,32,1.2669860272040978e-08,agree
577,26696,4,3,7,optimal,10.57583888586322,11,10.575838848649878,64,3.518713009342001e-09,agree
578,26697,3,4,8,optimal,-11.476297321188914,7,-11.476297360344084,16,3.411829490272023e-09,agree
579,26698,6,3,5,optimal,13.02633627836496,4,13.026336265815694,128,9.633765211305748e-10,agree
580,26699,6,2,7,optimal,8.287746092807065,6,8.287746092361097,128,5.3810600664661055e-11,agree
581,26700,3,2,3,optimal,5.113352902705555,8,5.113352905012473,32,4.511556809921122e-10,agree
582,26701,3,4,7,optimal,6.121516623687759,8,6.12151662623046,8,4.1537111078641443e-10,agree
583,26702,5,5,4,optimal,-6.637276035562073,6,-6.637276036168133,128,9.131156933948016e-11,agree
584,26703,6,3,3,optimal,-6.822846367078226,7,-6.822846367312947,256,3.440229529920545e-11,agree
585,26704,4,4,5,optimal,97.20357706636568,8,97.20357728067776,64,2.204775657090545e-09,agree
586,26705,5,2,7,optimal,5.864386494183528,16,5.864386489404741,128,8.14882708090873e-10,agree
587,26706,6,3,8,optimal,-0.9506597571944999,17,-0.9506597540749882,128,3.1195117600191224e-09,agree
588,26707,5,4,5,optimal,-11.413292959513955,2,-11.413292960213042,32,6.125199913292673e-11,agree
589,26708,3,2,6,optimal,7.246228770232175,4,7.246228816192131,8,6.342603443381821e-09,agree
590,26709,3,3,6,optimal,-3.707693764818144,8,-3.7076937670702153,16,6.074049152177261e-10,agree
591,26710,6,4,4,optimal,44.83989602473809,6,44.839896033472584,128,1.947929537299845e-10,agree
592,26711,7,3,8,optimal,12.086007481534496,6,12.086007498421916,1024,1.3972703115585365e-09,agree
593,26712,6,4,5,optimal,-0.02619235846488352,8,-0.026192356262548344,128,2.2023351753386322e-09,agree
594,26713,4,5,4,optimal,16.291275902911984,4,16.29127591008893,64,4.405392847238174e-10,agree
595,26714,4,6,6,optimal,18.49184217337817,9,18.491842159402637,64,7.557675162262342e-10,agree
596,26715,4,4,5,optimal,13.604282212658385,2,13.604282224676687,16,8.834205729429003e-10,agree
597,26716,5,5,7,optimal,6.893399794392979,8,6.893399790047278,64,6.304147185058363e-10,agree
598,26717,4,3,7,optimal,-6.713346075323866,8,-6.713346075713853,32,5.809125660946663e-11,agree
599,26718,6,2,3,optimal,-8.362313527919405,11,-8.362313529216133,128,1.5506809852725768e-10,agree
600,26719,7,2,5,optimal,-6.41448037409698,9,-6.414483572251873,256,4.985833788317141e-07,agree
601,26720,5,4,5,optimal,7.9647746816902725,4,7.964774674448659,32,9.092050719629107e-10,agree
602,26721,7,6,7,optimal,126.76122299918902,2,126.76122264119913,512,2.824127779119905e-09,agree
603,26722,5,5,8,optimal,7.011583872998312,11,7.011583864582558,32,1.200264246995776e-09,agree
604,26723,6,5,6,optimal,10.830480953948694,7,10.830480980256153,64,2.429020407315406e-09,agree
605,26724,7,2,3,optimal,-1.777077783497636,8,-1.777077784148546,256,3.6628109268953325e-10,agree
606,26725,5,2,5,optimal,-3.309188500204509,10,-3.309188498856577,128,4.073300716217827e-10,agree
607,26726,7,6,6,optimal,57.075287626545006,11,57.075287593079274,256,5.863436336562201e-10,agree
608,26727,4,5,7,optimal,-8.899711051786607,9,-8.899711057418322,32,6.327975708450032e-10,agree
609,26728,4,4,8,optimal,22.8385016806899,6,22.83850168832211,32,3.341817092555315e-10,agree
610,26729,6,3,3,optimal,-19.10058169965985,12,-19.100581700251137,256,3.0956585772255796e-11,agree
611,26730,5,4,3,optimal,8.053024325271004,4,8.053024323497603,128,2.2021552529587567e-10,agree
612,26731,3,4,7,optimal,16.46421868770734,2,16.464218697706183,16,6.073074481291646e-10,agree
613,26732,6,5,8,optimal,65.29647726645486,9,65.29647703496236,128,3.5452524124160164e-09,agree
614,26733,4,5,3,optimal,-5.502343105666409,6,-5.502343108559767,64,5.258411525125506e-10,agree
615,26734,6,6,3,optimal,-0.32625878298270905,6,-0.3262587853877772,128,2.4050681446396993e-09,agree
616,26735,5,4,3,optimal,52.19367009592156,4,52.1936701173863,64,4.1125170386198264e-10,agree
617,26736,4,6,3,optimal,-0.5443005313115341,6,-0.544300531168485,64,1.4304912809848247e-10,agree
618,26737,4,2,7,optimal,86.12583945207729,9,86.12583943842463,32,1.5851981740915031e-10,agree
619,26738,5,5,3,optimal,46.60394352495551,4,46.60394346360676,32,1.3163853854539638e-09,agree
620,26739,7,3,8,optimal,22.17179496964404,14,22.17179496757325,256,9.339755943409635e-11,agree
621,26740,4,2,7,optimal,59.29720794544015,12,59.29720861132521,128,1.1229619006746194e-08,agree
622,26741,4,2,3,optimal,-6.168876427848524,6,-6.168876411893584,32,2.5863607124567047e-09,agree
623,26742,7,5,6,optimal,41.8230795516103,8,41.8230795409031,256,2.5601168121555247e-10,agree
624,26743,3,5,8,optimal,9.929041375687822,4,9.929041342781407,8,3.314158359736512e-09,agree
625,26744,6,5,3,optimal,-17.81175953764338,4,-17.811759539880004,128,1.2557013821884542e-10,agree
626,26745,3,3,5,optimal,5.070992061004978,8,5.070992087950765,16,5.3137110978933e-09,agree
627,26746,3,6,3,optimal,25.172629841589853,2,25.17262984672838,16,2.0413154512473336e-10,agree
628,26747,7,4,6,optimal,-2.8640467290390967,19,-2.864046732746343,256,1.294408370959924e-09,agree
629,26748,4,2,4,optimal,-1.9308747554049155,4,-1.9308747572729181,64,9.674385324177484e-10,agree
630,26749,5,6,6,optimal,39.312970074229426,4,39.31297005671203,64,4.4558815404943585e-10,agree
631,26750,5,2,8,optimal,29.738099024248637,14,29.738099066170648,64,1.4097071456525732e-09,agree
632,26751,6,5,5,optimal,-5.908911187112981,4,-5.9089111923436075,128,8.852098852484944e-10,agree
633,26752,3,6,8,optimal,8.253092877414716,4,8.25309286850965,16,1.0789973251987064e-09,agree
634,26753,4,2,7,optimal,9.880087455740439,8,9.880087441786886,64,1.4122904338592529e-09,agree
635,26754,3,6,7,optimal,10.681952473714915,4,10.681952485730347,16,1.1248348296623978e-09,agree
636,26755,7,5,8,optimal,5.79711936863068,10,5.797119366274557,128,4.06430012494191e-10,agree
637,26756,3,4,8,optimal,77.30544491329319,4,77.30544489192214,16,2.7644948860657183e-10,agree
638,26757,6,4,7,optimal,14.224090099172514,12,14.224090098483074,512,4.8469857244615625e-11,agree
639,26758,6,4,3,optimal,12.317674200382335,2,12.317674278263487,512,6.322715671367873e-09,agree
640,26759,3,5,5,optimal,-17.288073667872865,9,-17.288073671701696,32,2.2147236636226095e-10,agree
641,26760,5,5,4,optimal,-4.655382998965461,2,-4.655382988950871,32,2.1511849980752226e-09,agree
642,26761,6,2,3,optimal,-2.827682940775539,10,-2.8276829408483017,128,2.5732264291439436e-11,agree
643,26762,6,5,5,optimal,-11.565582484964608,10,-11.565582487678139,128,2.346211906175658e-10,agree
644,26763,6,6,6,optimal,17.87016784834728,4,17.870167831690942,256,9.320750040610455e-10,agree
645,26764,4,6,8,optimal,1.7831665093568527,8,1.7831665135524135,64,2.3528710054790767e-09,agree
646,26765,7,4,4,optimal,-6.036001648719062,19,-6.036001644493727,512,7.000222806078952e-10,agree
647,26766,5,3,5,optimal,3.9710843162451788,6,3.9710843126123527,64,9.148196698951454e-10,agree
648,26767,3,4,7,optimal,7.123417944791395,2,7.123417943640341,8,1.6158736887862255e-10,agree
649,26768,3,2,4,optimal,8.072372855385982,4,8.072372855012864,8,4.6221653997783506e-11,agree
650,26769,3,5,3,optimal,-28.725255020619926,6,-28.725255004919255,8,5.465807347180559e-10,agree
651,26770,7,5,8,optimal,1.08401293607551,6,1.0840129327852341,256,3.0352735932002076e-09,agree
652,26771,7,3,3,optimal,-5.202634966731328,4,-5.202634967251294,2048,9.994287423931222e-11,agree
653,26772,4,6,8,optimal,17.718242999936244,10,17.718243009976426,128,5.66657879873175e-10,agree
654,26773,3,5,5,optimal,-11.056864065202916,2,-11.05686405893613,16,5.667779008295242e-10,agree
655,26774,7,5,3,optimal,-7.431312162661815,10,-7.431312162533951,256,1.720610557870442e-11,agree
656,26775,7,6,6,optimal,20.11451161434485,15,20.11451161167982,128,1.324928557924437e-10,agree
657,26776,7,2,3,optimal,41.14827047249006,21,41.14827066313834,1024,4.633202715768776e-09,agree
658,26777,5,6,5,optimal,-4.04758585959726,11,-4.047585847718248,128,2.9348386912886936e-09,agree
659,26778,3,3,6,optimal,0.6194942150589198,6,0.6194942170582243,8,1.999304499733512e-09,agree
660,26779,3,6,3,optimal,-2.3739414605368427,4,-2.3739414612125884,16,2.8465136679820393e-10,agree
661,26780,3,4,8,optimal,-8.94942489422714,2,-8.949424888020836,8,6.934864397510861e-10,agree
662,26781,4,2,3,optimal,-4.8621161625890075,2,-4.862116163491229,16,1.8556146713824427e-10,agree
663,26782,7,5,8,optimal,32.221826231144966,8,32.22182631589376,512,2.630167212284508e-09,agree
664,26783,6,6,4,optimal,26.80690052948254,4,26.8069005245853,256,1.8268586175282902e-10,agree
665,26784,3,4,6,optimal,54.141314642364115,4,54.141314613996734,32,5.239507303262672e-10,agree
666,26785,6,6,7,optimal,15.967115942573006,8,15.967115933082024,64,5.944080485252611e-10,agree
667,26786,7,2,3,optimal,1.3990003281440209,13,1.399000328207487,512,4.5365336924988397e-11,agree
668,26787,7,4,7,optimal,2.760990362681732,10,2.760990370595259,256,2.8661915127163692e-09,agree
669,26788,7,2,4,optimal,7.958933165784593,6,7.958933164254697,512,1.922237790095738e-10,agree
670,26789,7,6,4,optimal,22.29515258270169,4,22.295152525540928,2048,2.5638201574073486e-09,agree
671,26790,3,6,8,optimal,-15.094497005749579,4,-15.094497014887493,8,6.05380459378547e-10,agree
672,26791,4,2,4,optimal,10.228365305443193,8,10.228365323164741,32,1.732588552819044e-09,agree
673,26792,5,2,8,optimal,16.122220361809436,2,16.122220367619338,64,3.6036611337889054e-10,agree
674,26793,6,2,8,optimal,-5.583883977429862,17,-5.583883976364568,128,1.9078004406885507e-10,agree
675,26794,6,2,5,optimal,7.14031182989918,9,7.140311827695797,256,3.085836174665348e-10,agree
676,26795,7,5,6,optimal,1.5870890770772768,28,1.5870890768448342,2048,1.4645838918289397e-10,agree
677,26796,7,3,3,optimal,17.23873006337528,8,17.23873005332754,512,5.828584014033138e-10,agree
678,26797,3,6,7,optimal,30.93581742228745,5,30.93581742184592,16,1.4272493594739493e-11,agree
679,26798,7,4,6,optimal,6.257051786573662,21,6.257051781742027,512,7.721902928831226e-10,agree
680,26799,3,4,8,optimal,29.23214670119937,4,29.232146689741157,16,3.919729973470804e-10,agree
681,26800,3,3,7,optimal,-6.718057791075971,6,-6.718057791037987,16,5.6539910013228375e-12,agree
682,26801,7,5,7,optimal,-4.852370319225994,6,-4.8523703195881005,256,7.462472258893879e-11,agree
683,26802,5,3,5,optimal,80.904783897439,9,80.90478404927661,64,1.8767445301673564e-09,agree
684,26803,5,2,4,optimal,-3.2699307913255398,11,-3.269930790862338,64,1.416549617985753e-10,agree
685,26804,5,6,4,optimal,8.89277505265749,4,8.892775054585845,64,2.1684526254148667e-10,agree
686,26805,4,4,5,optimal,56.90476152969417,10,56.904761525635145,256,7.133014895761432e-11,agree
687,26806,3,4,7,optimal,-2.1717141987531425,4,-2.171714199592432,8,3.864640784333693e-10,agree
688,26807,7,3,6,optimal,40.014575437721824,20,40.01457537458414,512,1.577867138031428e-09,agree
689,26808,6,5,4,optimal,-4.31382203311758,4,-4.313822043160895,128,2.328171030721643e-09,agree
690,26809,3,2,6,optimal,-3.0427844536116444,2,-3.0427844557684853,8,7.088378948404995e-10,agree
691,26810,4,4,6,optimal,35.881604158339584,4,35.88160416701296,64,2.417220497390457e-10,agree
692,26811,7,4,5,optimal,4.97531716046751,10,4.975317159334242,512,2.2777798190745713e-10,agree
693,26812,5,2,4,optimal,-4.8621685509447135,8,-4.862168549911382,128,2.1252485015018883e-10,agree
694,26813,3,3,3,optimal,-1.7742988822926198,6,-1.7742988822404588,16,2.939805844113694e-11,agree
695,26814,5,5,4,optimal,1.4430380655599475,4,1.4430380631667639,64,1.658434182947626e-09,agree
696,26815,4,5,5,optimal,-10.306883108091409,2,-10.30688311298304,32,4.74598570172555e-10,agree
697,26816,3,2,8,optimal,81.95528787144906,4,81.95528778499782,16,1.0548585651582756e-09,agree
698,26817,3,4,6,optimal,2.9297207459117347,9,2.929720746650313,8,2.5209845969872237e-10,agree
699,26818,7,6,8,optimal,12.370810895822622,12,12.370810923491966,128,2.2366637337147754e-09,agree
700,26819,4,4,5,optimal,30.505283148806225,7,30.50528324983988,32,3.3120051789245296e-09,agree
701,26820,3,5,3,optimal,-7.712591742853096,4,-7.712591741840915,16,1.3123752477075379e-10,agree
702,26821,7,3,5,optimal,-20.560079985360495,9,-20.56007998467755,512,3.3217052482876745e-11,agree
703,26822,5,4,5,optimal,32.39461595090907,7,32.3946159605356,64,2.9716458042868187e-10,agree
704,26823,3,2,4,optimal,-3.02686423410146,2,-3.0268642341713465,8,2.3088686359015662e-11,agree
705,26824,3,6,8,optimal,41.39058966784131,2,41.39058964005647,8,6.712840554468836e-10,agree
706,26825,3,3,8,optimal,8.934512220418304,6,8.934512225362305,8,5.533598969516522e-10,agree
707,26826,6,2,6,optimal,4.352493592342479,16,4.352493591905439,512,1.0041134547462366e-10,agree
708,26827,5,3,8,optimal,-2.359699140315909,4,-2.359699089137527,32,2.168852046108742e-08,agree
709,26828,5,6,3,optimal,-0.5997275492127296,8,-0.5997273458915164,32,2.0332121319910357e-07,agree
710,26829,7,5,5,optimal,20.65563368466842,9,20.655633675237347,256,4.5658598326618066e-10,agree
711,26830,6,6,3,optimal,1.9643895482690292,4,1.9643895483549327,256,4.3730382602733207e-11,agree
712,26831,5,5,7,optimal,-3.2287509512354386,4,-3.228750892408806,32,1.821962561201768e-08,agree
713,26832,6,3,7,optimal,36.3380232187007,4,36.33802320691011,256,3.244697646502442e-10,agree
714,26833,6,4,7,optimal,5.008679537353247,4,5.008679533676718,128,7.340316501586097e-10,agree
715,26834,6,3,7,optimal,11.113812625225266,17,11.11381260731612,512,1.611431360132206e-09,agree
716,26835,7,6,6,optimal,7.52842544341092,6,7.528425447744155,1024,5.755831859062616e-10,agree
717,26836,3,6,6,optimal,-1.8049789023376777,4,-1.8049789094243964,64,3.926205857789428e-09,agree
718,26837,5,2,3,optimal,-1.3531253990409096,6,-1.353125399409912,64,2.727037600247016e-10,agree
719,26838,6,6,3,optimal,9.819850546026977,5,9.819850547417394,128,1.415924472550789e-10,agree
720,26839,7,5,4,optimal,7.986818196934715,10,7.9868183288019186,512,1.6510605093326207e-08,agree
721,26840,6,5,8,optimal,73.8663596996056,12,73.86635971999873,128,2.760814370296834e-10,agree
722,26841,5,3,5,optimal,-4.9577034669153495,7,-4.957703467911927,64,2.010160425566966e-10,agree
723,26842,5,5,4,optimal,6.847352634086967,8,6.84735263830764,128,6.163949501875896e-10,agree
724,26843,6,2,5,optimal,71.26704134719942,3,71.26705393979366,128,1.7669587186812136e-07,agree
725,26844,5,3,6,optimal,4.416988659077667,9,4.416988658931042,32,3.31956782636793e-11,agree
726,26845,5,3,7,optimal,-1.485816492808081,2,-1.4858164920854133,32,4.863774950043382e-10,agree
727,26846,4,2,7,optimal,29.336575982099937,6,29.336575987700357,32,1.9090229500225952e-10,agree
728,26847,7,2,8,optimal,9.852467603311402,22,9.852467602228906,512,1.098705333955188e-10,agree
729,26848,3,4,3,optimal,0.5910348903912732,4,0.591034886079788,16,4.311485168884133e-09,agree
730,26849,3,2,7,optimal,1.4583514793291912,5,1.4583514799438577,16,4.2148038270746204e-10,agree
731,26850,3,2,8,optimal,-0.6878012455442377,6,-0.6878012457662548,8,2.220170713940206e-10,agree
732,26851,5,6,6,optimal,22.847026272105527,8,22.847026273637034,64,6.703311612759821e-11,agree
733,26852,3,3,4,optimal,2.8737262049846866,4,2.8737262034933835,32,5.189440383053829e-10,agree
734,26853,5,6,4,optimal,29.992824730908502,8,29.992824697734267,256,1.1060723772767572e-09,agree
735,26854,5,5,7,optimal,67.92428804619131,6,67.92428801790585,32,4.164262384014711e-10,agree
736,26855,6,6,7,optimal,31.98026106514596,9,31.980261078776945,64,4.262311776531366e-10,agree
737,26856,6,2,3,optimal,-2.042982912342951,6,-2.042982912408562,128,3.211533083922177e-11,agree
738,26857,4,4,4,optimal,2.633669306477922,4,2.6336693091601635,16,1.0184427979083042e-09,agree
739,26858,5,4,6,optimal,-5.602784843913104,8,-5.60278484704146,128,5.583573751496846e-10,agree
740,26859,5,2,6,optimal,2.9521540103747794,6,2.9521540172974987,128,2.3449722630133505e-09,agree
741,26860,3,2,8,optimal,3.3621266280794018,4,3.3621266285148543,16,1.2951700248400524e-10,agree
742,26861,4,5,8,optimal,81.40311423474635,4,81.40311425809999,16,2.868887226581612e-10,agree
743,26862,6,4,5,optimal,2.763619616142474,12,2.763619616892488,256,2.713882273220096e-10,agree
744,26863,3,6,6,optimal,20.31647293631905,2,20.31647290162127,8,1.7078643924416563e-09,agree
745,26864,4,2,3,optimal,0.4682179752506125,5,0.46821797500419615,16,2.464163317839052e-10,agree
746,26865,4,3,6,optimal,-4.066574794080343,6,-4.066574790378137,16,9.103990075173884e-10,agree
747,26866,5,2,5,optimal,-10.28232223577052,6,-10.282322237386982,128,1.57207836313259e-10,agree
748,26867,4,3,8,optimal,42.26514892904091,14,42.26514896446655,32,8.38176053466296e-10,agree
749,26868,6,4,7,optimal,59.05536471186111,17,59.05536472398606,64,2.053149614711154e-10,agree
750,26869,3,5,8,optimal,20.48291755701643,9,20.482917728838025,16,8.388531149337778e-09,agree
751,26870,4,2,5,optimal,48.69934772897731,2,48.699347752335306,32,4.796367770896916e-10,agree
752,26871,3,6,3,optimal,35.614163815169256,5,35.61416376994434,8,1.2698575673520916e-09,agree
753,26872,4,3,8,optimal,-16.475379616302597,8,-16.47537961551459,32,4.782931399472059e-11,agree
754,26873,6,6,7,optimal,16.092142936063315,9,16.09214289625534,512,2.47375230503486e-09,agree
755,26874,6,3,7,optimal,98.45164646533864,8,98.45164626196231,512,2.0657484014654937e-09,agree
756,26875,5,4,7,optimal,65.59260433418076,2,65.59260438476778,32,7.712305296100471e-10,agree
757,26876,5,4,3,optimal,-3.563870303745976,8,-3.5638703054797913,64,4.864978702723151e-10,agree
758,26877,3,4,3,optimal,-10.345687834745272,6,-10.345687832048249,16,2.6069054983289667e-10,agree
759,26878,7,4,8,optimal,43.948374855110515,4,43.948374830204315,256,5.667149209833959e-10,agree
760,26879,3,6,3,optimal,99.51064211535022,2,99.51064212336922,32,8.058435161875013e-11,agree
761,26880,3,4,6,optimal,35.19830820988142,6,35.198308228336586,32,5.243197468669761e-10,agree
762,26881,7,4,6,optimal,-9.83597549257067,6,-9.835975438612735,1024,5.4857736627860816e-09,agree
763,26882,7,6,3,optimal,-1.855361095199739,5,-1.8553611159996561,256,1.1210710919096946e-08,agree
764,26883,3,6,4,optimal,14.107300304056611,7,14.107300308173365,8,2.918172202092257e-10,agree
765,26884,4,6,7,optimal,-2.5423571817816235,13,-2.542357182670598,16,3.49665529970722e-10,agree
766,26885,7,6,8,optimal,-6.353443177823402,6,-6.353443179632332,256,2.8471646690149735e-10,agree
767,26886,4,5,5,optimal,44.22292634275538,6,44.222926358628605,64,3.5893658778269647e-10,agree
768,26887,7,3,3,optimal,2.725680242754091,6,2.7256802424411806,512,1.1480091518388178e-10,agree
769,26888,5,2,3,optimal,26.330894808931298,13,26.33089481530918,128,2.4222045543495796e-10,agree
770,26889,5,5,8,optimal,5.386561012149019,10,5.386561011645095,128,9.355208500172888e-11,agree
771,26890,7,6,5,optimal,4.767188673135257,5,4.767188680476827,256,1.5400208614876158e-09,agree
772,26891,4,4,8,optimal,22.244335657278736,2,22.244335634820644,16,1.0096094863625024e-09,agree
773,26892,3,2,3,optimal,-0.17277476022401314,5,-0.17277476008470555,8,1.3930759323876885e-10,agree
774,26893,6,6,8,optimal,40.49149829232202,5,40.49149827041287,64,5.410802949245988e-10,agree
775,26894,7,4,6,optimal,17.9152764828353,10,17.91527653819509,1024,3.090088578853918e-09,agree
776,26895,4,6,8,optimal,-1.1207966761132087,7,-1.1207966757692045,16,3.069282466030234e-10,agree
777,26896,4,5,6,optimal,7.7186645389075155,6,7.718664543751787,32,6.276048949950989e-10,agree
778,26897,7,3,7,optimal,-0.5265947376838316,8,-0.5265947368654791,256,8.183524968785605e-10,agree
779,26898,5,4,4,optimal,-3.737205847469595,6,-3.7372058478491876,128,1.0157128536400242e-10,agree
780,26899,5,6,7,optimal,25.449790804756102,6,25.449790763798383,64,1.6093538596950407e-09,agree
781,26900,3,6,4,optimal,9.85615673990538,4,9.856156738384966,8,1.5426033262921505e-10,agree
782,26901,6,6,8,optimal,14.621891293402644,10,14.621891290016373,256,2.3158911197880647e-10,agree
783,26902,3,5,4,optimal,-8.494655848513666,12,-8.49465588263391,32,4.0166717615230884e-09,agree
784,26903,4,5,8,optimal,1.9314451416735978,4,1.9314451412660025,64,2.1103125434101013e-10,agree
785,26904,5,5,7,optimal,63.82150075851395,4,63.821501152990116,128,6.180928999794567e-09,agree
786,26905,3,2,6,optimal,37.423548624574465,9,37.42354859117576,32,8.92451605482192e-10,agree
787,26906,3,4,7,optimal,7.804869290202414,6,7.804869280643206,16,1.2247749695892142e-09,agree
788,26907,7,6,6,optimal,70.50490800185742,5,70.50488652816283,256,3.045703020775477e-07,agree
789,26908,3,2,5,optimal,22.48892664818223,4,22.48892675388846,64,4.7003679846744325e-09,agree
790,26909,5,2,8,optimal,22.505813056816066,6,22.505813051197276,64,2.496595325488293e-10,agree
791,26910,3,4,5,optimal,-5.577749726786638,2,-5.577749724821029,16,3.524017938891303e-10,agree
792,26911,3,5,4,optimal,-9.4767965862003,2,-9.476796585502283,16,7.365525481432013e-11,agree
793,26912,4,4,5,optimal,6.946794022430325,6,6.946794022573139,16,2.0558225902941452e-11,agree
794,26913,3,4,7,optimal,1.5709866449244414,6,1.5709866455041936,16,3.6903703024429766e-10,agree
795,26914,5,4,6,optimal,8.187776998045134,9,8.187777033478321,128,4.327571074083497e-09,agree
796,26915,6,3,8,optimal,-13.939958064548131,8,-13.93995805984634,512,3.372887448002614e-10,agree
797,26916,5,4,5,optimal,-8.950629758941396,13,-8.95062976459181,256,6.312866936805918e-10,agree
798,26917,4,5,4,optimal,-2.4840382727382235,7,-2.4840382753294237,32,1.0431401839003228e-09,agree
799,26918,7,2,3,optimal,13.243261703711106,21,13.24326173873068,1024,2.6443315465972207e-09,agree
800,26919,4,5,8,optimal,22.944036161222762,10,22.944036156841186,128,1.9096796923469482e-10,agree
801,26920,4,5,7,optimal,1.7618514282124897,2,1.7618514267662704,16,8.208520562598704e-10,agree
802,26921,4,4,3,optimal,-0.5971529082497209,5,-0.5971528240566828,32,8.419303809681367e-08,agree
803,26922,5,4,6,optimal,-7.680458404535534,4,-7.6804584059434235,32,1.833080436513058e-10,agree
804,26923,6,6,6,optimal,-10.92373430708624,9,-10.923734306820892,256,2.429101848350927e-11,agree
805,26924,6,6,5,optimal,25.699293492885378,8,25.699293391168112,128,3.9579790842166475e-09,agree
806,26925,3,4,8,optimal,15.780023024770493,6,15.780023013886613,8,6.89725259207451e-10,agree
807,26926,7,4,3,optimal,4.132961831736051,6,4.132961828504529,512,7.818900466481295e-10,agree
808,26927,5,5,5,optimal,-7.7427602353811285,2,-7.742760235053492,128,4.231521764631226e-11,agree
809,26928,3,2,7,optimal,31.736276151916073,9,31.736276158259926,16,1.9989281070417935e-10,agree
810,26929,3,4,5,optimal,-14.360797579530185,5,-14.36079758014141,16,4.256204052048021e-11,agree
811,26930,3,2,7,optimal,0.6883903252094685,4,0.6883903252447006,16,3.523203950805964e-11,agree
812,26931,4,6,6,optimal,39.9693647991964,5,39.969364794076384,16,1.2809847394032695e-10,agree
813,26932,3,4,5,optimal,7.346776593436962,4,7.346776597258729,8,5.201964225196395e-10,agree
814,26933,6,6,6,optimal,47.25163021819016,2,47.25163021598378,256,4.6694204898266414e-11,agree
815,26934,3,2,5,optimal,1.2551483698755908,2,1.255148377634931,16,6.182010366002395e-09,agree
816,26935,3,5,8,optimal,37.60726397360451,4,37.60726395836968,32,4.0510344170278345e-10,agree
817,26936,6,4,7,optimal,103.6135242869668,6,103.61352424355377,128,4.18989939812474e-10,agree
818,26937,6,5,7,optimal,-2.6356455609859295,10,-2.6356455684728415,256,2.840636870460915e-09,agree
819,26938,5,6,7,optimal,4.704851121893957,14,4.704851122942961,128,2.2296230241026974e-10,agree
820,26939,5,5,7,optimal,1.5387099608410564,6,1.5387099607663237,128,4.856838936948129e-11,agree
821,26940,6,6,3,optimal,3.0515966265361305,16,3.0515966234895626,256,9.983520965400034e-10,agree
822,26941,7,6,8,optimal,6.408235462078464,15,6.4082354683343965,512,9.762332691589614e-10,agree
823,26942,4,6,8,optimal,2.5695673792317484,11,2.5695673770817953,32,8.366984744635149e-10,agree
824,26943,6,3,3,optimal,0.6438808705136703,12,0.6438808706543355,256,1.4066525722000733e-10,agree
825,26944,3,3,6,optimal,41.79043303999842,2,41.790433017847846,16,5.300393255547992e-10,agree
826,26945,6,2,5,optimal,-1.366886046069188,2,-1.3668860426835727,64,2.476881933028525e-09,agree
827,26946,6,4,6,optimal,31.997188492227032,8,31.99718849342722,256,3.750918282585863e-11,agree
828,26947,3,4,6,optimal,73.17932310378227,4,73.17932309798717,32,7.919041940264248e-11,agree
829,26948,3,5,8,optimal,19.237000656385675,2,19.237000649612582,8,3.5208671209187137e-10,agree
830,26949,6,6,4,optimal,26.484308483457838,5,26.48430848494112,64,5.6006100017236615e-11,agree
831,26950,5,6,7,optimal,4.236912469350097,13,4.236912482407494,128,3.081818894225359e-09,agree
832,26951,3,4,3,optimal,50.03683785746211,4,50.036837847378095,32,2.0153182803513995e-10,agree
833,26952,4,4,3,optimal,9.735829147846253,2,9.735829151033474,32,3.273702839504135e-10,agree
834,26953,6,4,3,optimal,2.0858018849413607,5,2.085801874750851,64,4.8856556764654966e-09,agree
835,26954,4,4,7,optimal,-7.175256380370883,8,-7.175256390253294,32,1.3772902190577545e-09,agree
836,26955,4,3,5,optimal,3.305592450791193,4,3.3055924496162254,32,3.554484397627508e-10,agree
837,26956,5,3,7,optimal,27.740109422338453,9,27.740109420969667,256,4.934320743593995e-11,agree
838,26957,5,6,3,optimal,3.662064015835839,10,3.662064020982217,64,1.405321687698904e-09,agree
839,26958,5,5,8,optimal,10.656388116231206,6,10.656388110221165,128,5.639847576059974e-10,agree
840,26959,7,2,6,optimal,17.480127114539883,10,17.480127098645134,512,9.093039506348771e-10,agree
841,26960,5,2,7,optimal,-12.93853609584069,10,-12.938536091336552,128,3.4811801548604366e-10,agree
842,26961,7,3,4,optimal,-6.61704088570445,8,-6.617040886040816,256,5.083337038559415e-11,agree
843,26962,6,3,7,optimal,34.89758913122661,32,34.897589148470345,128,4.941239710043482e-10,agree
844,26963,4,4,4,optimal,-12.56890156989611,2,-12.568901573617687,16,2.960941090094313e-10,agree
845,26964,6,2,5,optimal,15.561097071707792,19,15.561097076257454,256,2.923741146395448e-10,agree
846,26965,4,6,8,optimal,-11.414589604925858,2,-11.414589618900697,32,1.2242962323056307e-09,agree
847,26966,5,3,8,optimal,38.041822412359934,4,38.04182244474881,64,8.51401786246886e-10,agree
848,26967,5,5,4,optimal,-0.0829459111174203,6,-0.08294538014390351,64,5.309735167935425e-07,agree
849,26968,3,6,6,optimal,5.7805273365525665,7,5.780527672373011,32,5.8095119230471544e-08,agree
850,26969,6,4,8,optimal,-3.3574420914712917,11,-3.3574420989600817,128,2.230504596001483e-09,agree
851,26970,3,4,3,optimal,-1.4059535809352424,4,-1.4059535793106703,16,1.1554947875671145e-09,agree
852,26971,5,2,5,optimal,20.781415714503716,10,20.781416665296153,64,4.575205107985703e-08,agree
853,26972,4,4,3,optimal,-3.440602768634936,5,-3.440602758894557,16,2.831009392359586e-09,agree
854,26973,4,4,5,optimal,-10.098653914006121,2,-10.09865392536865,64,1.1251527955789705e-09,agree
855,26974,4,3,3,optimal,-11.12240517687276,5,-11.12240517647919,32,3.5385457681999715e-11,agree
856,26975,5,5,3,optimal,-5.745674317645361,6,-5.745674319448656,128,3.138526812711508e-10,agree
857,26976,7,3,8,optimal,6.537272766114442,8,6.537272780269179,256,2.1652357816293015e-09,agree
858,26977,4,2,7,optimal,-1.8674367341141103,14,-1.8674367330913149,64,5.47700163439254e-10,agree
859,26978,3,5,6,optimal,24.493888178408902,2,24.49388817904702,8,2.6052095528465024e-11,agree
860,26979,3,4,5,optimal,12.077413520129134,4,12.07741353953962,16,1.6071723966130954e-09,agree
861,26980,5,6,4,optimal,16.712116149443958,5,16.712108881948502,64,4.3486405614912133e-07,agree
862,26981,7,3,8,optimal,25.501165587939482,10,25.501165583040006,256,1.9212754664903148e-10,agree
863,26982,4,2,3,optimal,0.09865533719520653,4,0.0986553371066092,64,8.859732392174635e-11,agree
864,26983,7,4,8,optimal,19.95803190796174,6,19.95803191871852,512,5.389699055892882e-10,agree
865,26984,5,4,7,optimal,29.88290685935619,4,29.882906811137424,64,1.6135902097399837e-09,agree
866,26985,5,2,3,optimal,2.567653179875995,5,2.5676531796324005,128,9.487047544212718e-11,agree
867,26986,7,4,3,optimal,3.985162168490648,9,3.985162170852731,128,5.927194107526224e-10,agree
868,26987,7,5,6,optimal,60.610481902488914,12,60.61048185737947,1024,7.442515499932453e-10,agree
869,26988,5,2,4,optimal,-0.8904303309081796,2,-0.8904303312034378,32,2.9525826228393726e-10,agree
870,26989,5,5,8,optimal,35.449874714581966,6,35.44987468702496,64,7.773513330014552e-10,agree
871,26990,5,2,4,optimal,-7.265795702473805,7,-7.265795702082377,32,5.38727262941675e-11,agree
872,26991,3,2,6,optimal,12.27944700466287,11,12.279446998218107,8,5.248414644787858e-10,agree
873,26992,3,6,3,optimal,-22.84492616345767,2,-22.844926167111105,16,1.599231744007206e-10,agree
874,26993,7,2,7,optimal,-0.19467877440978915,6,-0.1946787714518789,128,2.9579102500676413e-09,agree
875,26994,3,6,7,optimal,-5.444624045684367,4,-5.444624047945554,8,4.15306486109652e-10,agree
876,26995,7,6,5,optimal,76.5403202256952,6,76.54032022782826,512,2.7868494634688035e-11,agree
877,26996,7,6,8,optimal,55.242193705971644,9,55.24218896999263,1024,8.573119747662507e-08,agree
878,26997,6,5,3,optimal,30.192270918876936,7,30.192270902369522,256,5.467430441282712e-10,agree
879,26998,4,3,6,optimal,87.18262837778458,6,87.18262834656974,64,3.580396611781023e-10,agree
880,26999,5,4,3,optimal,-17.558592399950108,4,-17.558592399111223,128,4.777629654693908e-11,agree
881,27000,4,4,7,optimal,9.36997225246472,21,9.369972243280424,16,9.801839057720471e-10,agree
882,27001,7,5,4,optimal,10.931048510015128,4,10.931048506684013,512,3.0473883062592585e-10,agree
883,27002,5,2,4,optimal,106.98793723321018,8,106.98793717750085,64,5.207065681417472e-10,agree
884,27003,3,6,8,optimal,33.36591890925814,11,33.365918867375015,32,1.2552666829578447e-09,agree
885,27004,5,6,8,optimal,16.53400303537335,8,16.534003064200203,128,1.7434890801081086e-09,agree
886,27005,4,5,3,optimal,4.0603118916892225,2,4.0603119024028675,16,2.638626130141661e-09,agree
887,27006,4,3,6,optimal,51.99813111042286,9,51.99813110024197,16,1.9579339837131454e-10,agree
888,27007,3,6,3,optimal,29.48603634296061,7,29.48603633207477,16,3.691862102519335e-10,agree
889,27008,4,4,6,optimal,4.34401995224785,2,4.344019954246939,16,4.601933037779251e-10,agree
890,27009,7,4,4,optimal,4.160667137505467,16,4.160667139544264,256,4.900169868992214e-10,agree
891,27010,3,5,5,optimal,44.952279070744744,7,44.95227905042227,32,4.520899673898487e-10,agree
892,27011,5,3,5,optimal,15.76315651352612,6,15.763156507801323,256,3.6317577852557966e-10,agree
893,27012,6,5,4,optimal,4.872940866311215,9,4.87294086112604,128,1.064075083987394e-09,agree
894,27013,3,3,6,optimal,-7.362038770785339,4,-7.362038769844332,16,1.278187215992298e-10,agree
895,27014,3,4,4,optimal,22.750541410558554,7,22.750541409628944,16,4.086101292643736e-11,agree
896,27015,4,3,8,optimal,-1.9342228950668106,4,-1.9342228933191152,16,9.035645932188779e-10,agree
897,27016,4,2,8,optimal,15.128408384279586,6,15.128408499008163,16,7.58365143752785e-09,agree
898,27017,3,3,5,optimal,-16.537557804345518,2,-16.537557846158432,16,2.5283608625302035e-09,agree
899,27018,7,5,7,optimal,53.57144117252174,6,53.57144103139102,256,2.634439485632864e-09,agree
900,27019,7,6,5,optimal,-14.000993218481206,14,-14.000993259362488,128,2.9198844397709677e-09,agree
901,27020,7,6,5,optimal,-20.81778885826735,10,-20.817788862423953,1024,1.9966596728366613e-10,agree
902,27021,6,5,4,optimal,0.29485149919079845,6,0.294851889787336,64,3.90596537558352e-07,agree
903,27022,6,2,5,optimal,6.027199313081621,16,6.027199367438476,512,9.018592500979713e-09,agree
904,27023,7,2,6,optimal,4.065405040896879,4,4.065405028413193,256,3.070711527538941e-09,agree
905,27024,6,6,4,optimal,5.926688868941127,6,5.9266888419802,512,4.549070744771416e-09,agree
906,27025,7,4,7,optimal,-14.671307347037763,14,-14.671307347541884,1024,3.43610270915671e-11,agree
907,27026,5,3,6,optimal,53.83242435977752,14,53.8324243504667,64,1.7295927349777323e-10,agree
908,27027,6,5,7,optimal,60.823805776098915,17,60.82380579069986,128,2.40053092491079e-10,agree
909,27028,3,5,4,optimal,30.79988201224283,5,30.799881990655095,16,7.009031487006668e-10,agree
910,27029,7,4,5,optimal,56.81219598539566,4,56.812195962138595,512,4.0936748197842463e-10,agree
911,27030,5,4,3,optimal,-4.269984750694806,7,-4.269984738110739,128,2.947098852453298e-09,agree
912,27031,7,6,5,optimal,-8.764685210682849,8,-8.764685233934792,2048,2.652912451839644e-09,agree
913,27032,4,6,3,optimal,-28.398647270436378,4,-28.398647268373253,32,7.264869916615047e-11,agree
914,27033,7,3,4,optimal,-6.376880648351213,4,-6.3768806476810695,2048,1.0508947700084609e-10,agree
915,27034,4,3,5,optimal,20.505123576933386,9,20.505123554357798,16,1.1009730110469804e-09,agree
916,27035,5,4,3,optimal,-3.4760336815729818,3,-3.47603368127528,32,8.56441250166244e-11,agree
917,27036,3,5,5,optimal,14.29769832463008,4,14.297698321282658,8,2.3412313087100816e-10,agree
918,27037,7,2,6,optimal,-4.668106490365142,4,-4.668106490080718,256,6.092920983705153e-11,agree
919,27038,3,6,6,optimal,-6.05465794417865,2,-6.054657943473052,8,1.165379390391239e-10,agree
920,27039,3,4,8,optimal,7.0894019220335345,4,7.089401923340622,8,1.8437207898290127e-10,agree
921,27040,5,5,7,optimal,53.56149800815764,4,53.561497861392205,128,2.740129439930296e-09,agree
922,27041,6,6,3,optimal,-11.725989277329756,8,-11.725989272460675,64,4.1523840975333335e-10,agree
923,27042,4,2,8,optimal,-4.947419065314009,7,-4.947419076928637,32,2.3476134326616005e-09,agree
924,27043,3,3,4,optimal,-0.402046957705013,4,-0.4020469574919656,8,2.1304735753346904e-10,agree
925,27044,6,6,3,optimal,8.728156986918721,6,8.728156979433944,128,8.575438388740506e-10,agree
926,27045,5,6,4,optimal,0.2287297791710392,4,0.22872989172261748,64,1.1255157827960716e-07,agree
927,27046,3,5,8,optimal,21.001426450166633,4,21.001426459183993,16,4.293688964996298e-10,agree
928,27047,5,5,5,optimal,24.71457672135339,6,24.714576700096707,64,8.600868226905246e-10,agree
929,27048,4,4,6,optimal,-1.4277638474852359,6,-1.427763835284873,32,8.545084726637785e-09,agree
930,27049,6,6,5,optimal,35.504972173669714,6,35.50497218407868,128,2.931693019180224e-10,agree
931,27050,3,6,3,optimal,-20.733915655632046,2,-20.733915668436758,16,6.175732631587507e-10,agree
932,27051,7,2,4,optimal,-8.67685123960598,4,-8.676851238603131,1024,1.1557756743011947e-10,agree
933,27052,5,4,7,optimal,-22.110280037305117,10,-22.110280047862446,64,4.774850978910377e-10,agree
934,27053,6,3,7,optimal,11.335105529935094,8,11.33510553037198,512,3.854274507596556e-11,agree
935,27054,7,2,3,optimal,-0.716792961756184,7,-0.7167929631210623,256,1.364878321474805e-09,agree
936,27055,4,2,8,optimal,-7.50274218490874,10,-7.502742184732611,64,2.3475327953907387e-11,agree
937,27056,5,5,6,optimal,3.7023895029017755,8,3.7023895161082976,64,3.56702665688513e-09,agree
938,27057,4,3,5,optimal,74.4258518471339,7,74.42585182101837,64,3.5089325356275837e-10,agree
939,27058,7,5,3,optimal,39.873564260381855,6,39.87356420051691,1024,1.5013692957107885e-09,agree
940,27059,3,2,5,optimal,22.569783208931412,11,22.569783169568083,8,1.744072076409658e-09,agree
941,27060,4,2,5,optimal,-2.6987053437166026,6,-2.698705343789234,32,2.6913362189518093e-11,agree
942,27061,3,6,7,optimal,13.705027045187979,2,13.705027047092267,8,1.3894815939243558e-10,agree
943,27062,7,6,5,optimal,118.11632479177466,16,118.11632486377515,256,6.095727174834299e-10,agree
944,27063,3,6,8,optimal,53.44124749075951,8,53.441247492706744,8,3.643693501333293e-11,agree
945,27064,7,4,3,optimal,-5.106657758682654,4,-5.106657761292743,128,5.111149318793586e-10,agree
946,27065,7,3,7,optimal,39.037331179003615,8,39.03733151485137,256,8.603245620395286e-09,agree
947,27066,6,5,4,optimal,24.947181822044758,7,24.947181851594113,256,1.1844766731045338e-09,agree
948,27067,3,5,6,optimal,25.20809233300457,4,25.20809231513814,16,7.08757723106859e-10,agree
949,27068,4,6,4,optimal,4.358590781807879,10,4.358590774583525,64,1.6574977605437518e-09,agree
950,27069,5,4,8,optimal,53.84249403120907,4,53.84249405155041,128,3.777934071955101e-10,agree
951,27070,3,2,6,optimal,9.012889600142927,9,9.01288960267767,8,2.8123543968847696e-10,agree
952,27071,5,2,3,optimal,13.339233458434135,4,13.33923346018644,64,1.3136474243627784e-10,agree
953,27072,4,6,6,optimal,3.00620592910761,6,3.0062059310083917,32,6.322859437571694e-10,agree
954,27073,4,3,5,optimal,-3.5448710383532953,8,-3.5448710389633145,64,1.720850038274024e-10,agree
955,27074,4,3,8,optimal,0.014623988359564771,6,0.014623988218078587,32,1.414861838799908e-10,agree
956,27075,4,6,3,optimal,12.228119345566816,6,12.228119349206887,64,2.9768039152190813e-10,agree
957,27076,6,5,8,optimal,5.837919764638959,14,5.837919785406905,512,3.5574223759579776e-09,agree
958,27077,3,6,4,optimal,13.731774424967476,5,13.731774427209043,16,1.6323942284029904e-10,agree
959,27078,3,4,5,optimal,26.702037521954963,7,26.702037477510828,8,1.6644473486498015e-09,agree
960,27079,7,3,6,optimal,2.5978787133754815,8,2.597878723511486,2048,3.901646519698712e-09,agree
961,27080,5,6,4,optimal,54.14657248116378,2,54.1465724599149,64,3.924325958881239e-10,agree
962,27081,7,3,7,optimal,18.220844207456345,16,18.22084420045035,512,3.8450435830989496e-10,agree
963,27082,3,3,8,optimal,176.14871243643606,6,176.148712406021,16,1.7266697897398747e-10,agree
964,27083,7,3,6,optimal,-4.3170452601524305,8,-4.317045256676467,512,8.051718965983158e-10,agree
965,27084,5,5,5,optimal,35.39506018766892,12,35.39506022743836,64,1.1235872757876722e-09,agree
966,27085,6,6,7,optimal,50.58293547999808,16,50.582935443496936,256,7.216097947801144e-10,agree
967,27086,4,4,6,optimal,18.582841826280877,5,18.582841810486705,16,8.499330438920248e-10,agree
968,27087,6,4,5,optimal,3.5147174869318842,13,3.514717480194614,256,1.916873926616398e-09,agree
969,27088,5,3,5,optimal,5.7818124062396326,22,5.781812399055381,128,1.242560449931979e-09,agree
970,27089,6,4,3,optimal,5.173787305701624,6,5.173787312656184,256,1.3441914139067883e-09,agree
971,27090,5,6,4,optimal,25.18933717341263,6,25.189337186448352,64,5.175095920617661e-10,agree
972,27091,6,5,4,optimal,-3.043182892890173,4,-3.043182842566612,128,1.6536489564203647e-08,agree
973,27092,4,2,7,optimal,16.356770452387828,4,16.356770447995768,32,2.685163347464892e-10,agree
974,27093,3,3,5,optimal,1.1999823343202942,4,1.199982333855418,8,3.874024845775236e-10,agree
975,27094,3,6,8,optimal,39.16317498040509,2,39.16317493716487,16,1.1041040559812777e-09,agree
976,27095,5,2,4,optimal,-6.064314162232244,7,-6.06431410365328,64,9.659619027077398e-09,agree
977,27096,7,3,6,optimal,8.909319345293335,8,8.909319348233508,128,3.3001090599059896e-10,agree
978,27097,4,6,3,optimal,-7.1392069547451715,8,-7.139206950706201,32,5.657450419031678e-10,agree
979,27098,3,4,4,optimal,-22.055852447854715,2,-22.055852457018535,8,4.154824640291983e-10,agree
980,27099,3,4,6,optimal,0.19490887625539366,4,0.19490887620560127,16,4.9792392431413646e-11,agree
981,27100,3,6,5,optimal,35.34758870145809,5,35.347588622623505,16,2.230267797799203e-09,agree
982,27101,6,4,3,optimal,5.512593608655953,8,5.512593600314958,256,1.5130800589777201e-09,agree
983,27102,3,6,3,optimal,3.192383220051734,2,3.19238321714095,8,9.117903021795481e-10,agree
984,27103,7,2,3,optimal,-6.053445142635015,8,-6.053445144668491,512,3.3592052950023386e-10,agree
985,27104,7,3,3,optimal,-3.7697113073498563,14,-3.769711318678393,512,3.0051470305410947e-09,agree
986,27105,3,4,3,optimal,98.4660929788953,2,98.46609298973557,8,1.1009137278922559e-10,agree
987,27106,6,6,8,optimal,9.939743785452023,6,9.939744247276632,64,4.646242370912513e-08,agree
988,27107,7,2,7,optimal,-8.394319052297528,6,-8.39431905232071,256,2.7617765022409276e-12,agree
989,27108,5,2,7,optimal,0.7581149514579916,4,0.7581149471819264,32,4.276065168618004e-09,agree
990,27109,4,5,4,optimal,43.25110340078116,7,43.25110339842648,32,5.444212049803513e-11,agree
991,27110,5,4,4,optimal,-7.52076509867944,4,-7.52076487789097,64,2.9357182795880427e-08,agree
992,27111,3,2,5,optimal,8.998893185712491,2,8.998893221725371,16,4.001923225673897e-09,agree
993,27112,4,5,8,optimal,-9.179803417751987,6,-9.179803421725016,16,4.328010030486516e-10,agree
994,27113,5,5,4,optimal,27.357700698655567,26,27.357700729137647,256,1.1142047777049956e-09,agree
995,27114,5,6,8,optimal,-15.648116575791393,6,-15.648116576764101,64,6.216135542498453e-11,agree
996,27115,7,2,5,optimal,-6.509011090270007,8,-6.509011089842863,512,6.562343309679563e-11,agree
997,27116,7,6,8,optimal,107.06793506335866,20,107.067935102428,512,3.6490228747701214e-10,agree
998,27117,6,6,5,optimal,4.484380968915488,9,4.4843809635285705,512,1.2012622528031343e-09,agree
999,27118,7,2,4,optimal,5.309248452132795,22,5.309248474473983,1024,4.2079755117928724e-09,agree
