idx,family,seed,proto_status,proto_obj,proto_nodes,ref_obj,rel_diff,verdict
0,0,26119000,optimal,-1.0980935944100836,6,-1.0980935943074541,9.346148726993139e-11,agree
1,1,26120000,optimal,-1.0377519204016457,4,-1.0377519205782053,1.7013666974105374e-10,agree
2,2,26121000,optimal,24.816444981042203,15,24.816444985349754,1.7357649942410464e-10,agree
3,0,26119001,optimal,-0.7685576231811863,13,-0.7685576230187667,1.6241952227602496e-10,agree
4,1,26120001,optimal,-0.3072710086272401,5,-0.30727100797259355,6.546465591839024e-10,agree
5,2,26121001,optimal,33.441564880289675,16,33.44156484787662,9.692445762717353e-10,agree
6,0,26119002,optimal,-0.7244773497003266,19,-0.7244773498961199,1.9579327048546702e-10,agree
7,1,26120002,optimal,-0.16439460642119325,5,-0.16439460635875147,6.24417739736316e-11,agree
8,2,26121002,optimal,46.599542422403125,14,46.59954240862925,2.9557968439591953e-10,agree
9,0,26119003,optimal,0.1340801660669375,13,0.1340801660985502,3.1612684692206017e-11,agree
10,1,26120003,optimal,-2.2728381523222745,8,-2.272838152231635,3.9879432602722346e-11,agree
11,2,26121003,optimal,77.46101666487333,19,77.46101666900276,5.330981922626896e-11,agree
12,0,26119004,optimal,-0.4288467888434603,27,-0.42884678874724247,9.621781149604658e-11,agree
13,1,26120004,optimal,-7.285883721529206,24,-7.2858837200788775,1.9906010056020023e-10,agree
14,2,26121004,optimal,76.55974341681399,8,76.5597434330328,2.1184527713232608e-10,agree
15,0,26119005,optimal,0.2032533655845149,12,0.20325336565834323,7.382833233648967e-11,agree
16,1,26120005,optimal,-6.08530144126332,8,-6.0853014424730905,1.9880199417261592e-10,agree
17,2,26121005,optimal,51.557652576894306,8,51.557652532821905,8.548178335285178e-10,agree
18,0,26119006,optimal,-1.1167916149515584,8,-1.1167916147085346,2.1760892550306584e-10,agree
19,1,26120006,optimal,6.690744337046435e-11,4,0.0,6.690744337046435e-11,agree
20,2,26121006,optimal,25.012737810308995,19,25.01273807562561,1.0607259952831904e-08,agree
21,0,26119007,optimal,-0.5714154053693772,6,-0.5714154051416573,2.2771984298231018e-10,agree
22,1,26120007,optimal,-3.384602783373806,14,-3.3846027827813097,1.750563691785717e-10,agree
23,2,26121007,optimal,96.89365619800768,5,96.8936562233815,2.6187289388697215e-10,agree
24,0,26119008,optimal,-0.7619232114648048,4,-0.7619232121519246,6.871198054980709e-10,agree
25,1,26120008,optimal,-3.5285261778502015,10,-3.5285261773824113,1.3257383606171352e-10,agree
26,2,26121008,optimal,28.918098744427503,17,28.91809878353199,1.3522495125344537e-09,agree
27,0,26119009,optimal,-0.7841184648477311,10,-0.7841184643455419,5.021891791301414e-10,agree
28,1,26120009,optimal,-0.7681385555499745,7,-0.768138554627105,9.22869447528285e-10,agree
29,2,26121009,optimal,38.7772680178222,10,38.777268023571715,1.4827018918170655e-10,agree
30,0,26119010,optimal,-0.9324575310460474,4,-0.9324575308202571,2.2579038638781412e-10,agree
31,1,26120010,optimal,-4.544492023596223,10,-4.544492022934394,1.4563317762134883e-10,agree
