family,seed,instance,rows,cols,ints,status,objective,best_bound,nodes,lp_iterations,wall_s,prop_tightened,prop_crossed,prop_crossed_lp_infeasible,prop_pruned,rc_fixed,rc_skipped,audit,ref_status,ref_objective,verdict,detail
miplib,,p0033,16,33,33,optimal,3089,3089,411,903,0.039,347,76,0,76,204,0,,Optimal,3088.999999999999,match,
miplib,,p0201,133,201,201,optimal,7615,7615,985,18230,2.025,8450,27,0,27,7869,0,,Optimal,7614.999999997075,match,
miplib,,p0282,241,282,282,optimal,258411,258411,1950,8874,2.076,7755,224,0,224,6003,0,,Optimal,258411.0,match,
miplib,,p0548,176,548,548,time_limit,,4732.626423001194,32317,517427,60.026,48542,5360,0,5360,0,0,,Optimal,8691.0,unsolved,not solved within 60s (no incumbent)
miplib,,egout,98,141,55,optimal,568.1007000000001,568.1002872180451,68482,52664,23.495,0,0,0,0,8706,0,,Optimal,568.1007000000001,match,
miplib,,flugpl,18,18,11,optimal,1201500,1201500,2348,2030,0.11,5400,520,0,520,84,0,,Optimal,1201500.0,match,
miplib,,lseu,28,89,89,optimal,1120,1120,8279,21436,1.325,11694,1597,0,1597,23771,0,,Optimal,1120.0000000000002,match,
miplib,,mod008,6,319,319,optimal,307,307,6687,23800,0.88,1068,138,0,138,26043,0,,Optimal,306.99999999999767,match,
miplib,,stein27,118,27,27,optimal,18,17.999999999999996,9484,51052,8.987,9971,0,0,0,58,0,,Optimal,17.999999999999982,match,
miplib,,stein45,331,45,45,time_limit,30,26.5,16886,218732,60.018,8913,0,0,0,40,0,,Optimal,29.999999999999996,unsolved,not solved within 60s (incumbent)
miplib,,bell5,91,104,58,time_limit,8966406.491519999,8962159.126559466,100913,111412,60.081,1784,4,0,4,269177,0,,Optimal,8966406.491520004,unsolved,not solved within 60s (incumbent)
miplib,,bell3a,123,133,71,optimal,878430.3159999999,878429.6025777782,38204,100192,37.277,13829,0,0,0,19900,0,,Optimal,878430.3159999981,match,
miplib,,misc03,96,160,159,optimal,3359.9999999999995,3359.9999999999995,1183,16405,1.779,9196,128,0,128,5095,0,,Optimal,3359.9999999999955,match,
miplib,,misc07,212,260,259,time_limit,2865,2001.25,9245,199612,60.011,90000,451,0,451,50616,0,,Optimal,2809.999999999964,unsolved,not solved within 60s (incumbent)
miplib,,enigma,21,100,100,optimal,0,0,486,3641,0.102,1715,120,0,120,0,0,,Optimal,0.0,match,
miplib,,gt2,29,188,188,optimal,21166,21166,1644,23345,0.58,6874,114,0,114,13146,0,,Optimal,21166.0,match,
miplib,,khb05250,101,1350,24,optimal,106940226,106940226,2300,18899,2.444,0,0,0,0,1070,0,,Optimal,106940226.0,match,
miplib,,vpm1,234,378,168,time_limit,21,17.066666666666666,28954,477612,60.041,0,0,0,0,11202,0,,Optimal,20.0,unsolved,not solved within 60s (incumbent)
miplib,,vpm2,234,378,168,time_limit,,11.948048538521101,24554,297138,60.018,0,0,0,0,0,0,,Optimal,13.75,unsolved,not solved within 60s (no incumbent)
miplib,,dcmulti,290,548,75,optimal,188182,188181.93157894735,3792,27073,10.676,1300,1,0,1,994,0,,Optimal,188182.0,match,
miplib,,rgn,24,180,100,optimal,82.19999923999998,82.19999923999997,3329,23403,0.666,6888,0,0,0,2977,0,,Optimal,82.19999923999991,match,
miplib,,pk1,45,86,55,time_limit,10.999999999999998,5.627304569914381,80014,1203271,60.102,0,0,0,0,236245,0,,Optimal,10.999999999999973,unsolved,not solved within 60s (incumbent)
miplib,,pp08a,136,240,64,time_limit,8730,4747.797619047618,43534,403106,60.057,0,0,0,0,0,0,,Optimal,7350.000000000002,unsolved,not solved within 60s (incumbent)
miplib,,noswot,182,128,100,time_limit,,-43,32490,935155,60.029,16569,0,0,0,0,0,,Optimal,-41.0,unsolved,HiGHS -41.0 differs from published -43; not solved within 60s (no incumbent)
miplib,,fixnet6,478,878,378,time_limit,,2024.5260000000003,22346,151033,60.036,0,0,0,0,0,0,,Optimal,3982.999999999776,unsolved,not solved within 60s (no incumbent)
miplib,,blend2,274,353,264,optimal,7.598985,7.598985,10267,203431,34.023,9,0,0,0,16507,0,,Optimal,7.598985,match,
