family,seed,instance,rows,cols,ints,status,objective,best_bound,nodes,lp_iterations,wall_s,prop_tightened,prop_crossed,prop_crossed_lp_infeasible,prop_pruned,rc_fixed,rc_skipped,audit,ref_status,ref_objective,verdict,detail
random,26000+119,RND0,6,9,6,optimal,42,42,3,4,0.0003,3,0,0,0,5,0,"[0, 0, 0, 0, 0, 0, 0, 0, 0, 0]",Optimal,42.0,match,
random,26000+119,RND1,7,8,5,optimal,-25.800000000000004,-25.800000000000004,6,10,0.0005,7,0,0,0,3,0,"[0, 0, 0, 0, 0, 0, 0, 0, 0, 0]",Optimal,-25.800000000000004,match,
random,26000+119,RND2,5,10,6,optimal,82.25,82.25,1,4,0.0002,1,0,0,0,0,0,"[0, 0, 0, 0, 0, 0, 0, 0, 0, 0]",Optimal,82.25,match,
random,26000+119,RND3,2,5,3,optimal,-60,-60,1,4,0.0001,0,0,0,0,0,0,"[0, 0, 0, 0, 0, 0, 0, 0, 0, 0]",Optimal,-60.0,match,
random,26000+119,RND4,3,8,6,optimal,131,131,3,9,0.0003,1,0,0,0,5,0,"[0, 0, 0, 0, 0, 0, 0, 0, 0, 0]",Optimal,131.0,match,
random,26000+119,RND5,2,3,2,optimal,-40,-40,3,5,0.0002,2,0,0,0,1,0,"[0, 0, 0, 0, 0, 0, 0, 0, 0, 0]",Optimal,-40.0,match,
random,26000+119,RND6,6,4,2,optimal,-77.5,-77.5,1,3,0.0001,2,0,0,0,0,0,"[0, 0, 0, 0, 0, 0, 0, 0, 0, 0]",Optimal,-77.5,match,
random,26000+119,RND7,3,12,10,optimal,-89,-89,3,7,0.0002,10,0,0,0,0,0,"[0, 0, 0, 0, 0, 0, 0, 0, 0, 0]",Optimal,-89.0,match,
random,26000+119,RND8,4,3,2,optimal,51,51,1,2,0.0001,1,0,0,0,0,0,"[0, 0, 0, 0, 0, 0, 0, 0, 0, 0]",Optimal,51.0,match,
random,26000+119,RND9,3,7,5,optimal,42.75,42.75,1,2,0.0002,3,0,0,0,0,0,"[0, 0, 0, 0, 0, 0, 0, 0, 0, 0]",Optimal,42.75,match,
random,26000+119,RND10,5,8,6,optimal,60,60,1,9,0.0002,3,0,0,0,0,0,"[0, 0, 0, 0, 0, 0, 0, 0, 0, 0]",Optimal,60.0,match,
random,26000+119,RND11,5,5,3,optimal,-59.8,-59.8,1,4,0.0002,3,0,0,0,0,0,"[0, 0, 0, 0, 0, 0, 0, 0, 0, 0]",Optimal,-59.8,match,
random,26000+119,RND12,7,8,5,optimal,-36,-36,9,12,0.0004,1,0,0,0,3,0,"[0, 0, 0, 0, 0, 0, 0, 0, 0, 0]",Optimal,-36.0,match,
random,26000+119,RND13,6,6,5,optimal,-8,-8,7,17,0.0006,10,1,0,1,3,0,"[0, 0, 0, 0, 0, 0, 0, 0, 0, 0]",Optimal,-8.0,match,
random,26000+119,RND14,5,9,7,optimal,-111,-111,3,9,0.0002,2,1,0,1,6,0,"[0, 0, 0, 0, 0, 0, 0, 0, 0, 0]",Optimal,-111.0,match,
random,26000+119,RND15,2,11,8,optimal,168,168,3,9,0.0003,1,1,0,1,7,0,"[0, 0, 0, 0, 0, 0, 0, 0, 0, 0]",Optimal,168.0,match,
random,26000+119,RND16,2,6,4,optimal,33,33,1,5,0.0002,0,0,0,0,0,0,"[0, 0, 0, 0, 0, 0, 0, 0, 0, 0]",Optimal,33.0,match,
random,26000+119,RND17,5,11,9,optimal,141,141,7,18,0.0005,0,1,0,1,7,0,"[0, 0, 0, 0, 0, 0, 0, 0, 0, 0]",Optimal,141.0,match,
random,26000+119,RND18,3,11,7,optimal,-122,-122,11,11,0.0005,9,2,0,2,14,0,"[0, 0, 0, 0, 0, 0, 0, 0, 0, 0]",Optimal,-122.0,match,
random,26000+119,RND19,3,8,6,optimal,-34,-34,3,4,0.0003,9,1,0,1,4,0,"[0, 0, 0, 0, 0, 0, 0, 0, 0, 0]",Optimal,-34.0,match,
random,26000+119,RND20,2,8,4,optimal,129,129,1,6,0.0002,1,0,0,0,0,0,"[0, 0, 0, 0, 0, 0, 0, 0, 0, 0]",Optimal,129.0,match,
random,26000+119,RND21,6,6,4,optimal,-41.2,-41.2,1,5,0.0002,3,0,0,0,0,0,"[0, 0, 0, 0, 0, 0, 0, 0, 0, 0]",Optimal,-41.2,match,
random,26000+119,RND22,7,6,5,optimal,-16.2,-16.2,5,14,0.0004,7,0,0,0,4,0,"[0, 0, 0, 0, 0, 0, 0, 0, 0, 0]",Optimal,-16.2,match,
random,26000+119,RND23,6,8,5,infeasible,,,1,0,0.0004,0,1,0,1,0,0,"[0, 0, 0, 0, 0, 0, 0, 0, 0, 0]",Infeasible,0.0,match,
random,26000+119,RND24,4,7,4,optimal,35.666666666666664,35.666666666666664,1,3,0.0002,2,0,0,0,0,0,"[0, 0, 0, 0, 0, 0, 0, 0, 0, 0]",Optimal,35.66666666666667,match,
random,26000+119,RND25,4,7,7,optimal,40,40,3,4,0.0003,4,1,0,1,5,0,"[0, 0, 0, 0, 0, 0, 0, 0, 0, 0]",Optimal,40.0,match,
random,26000+119,RND26,6,9,7,optimal,5.75,5.75,5,17,0.0006,12,0,0,0,5,0,"[0, 0, 0, 0, 0, 0, 0, 0, 0, 0]",Optimal,5.75,match,
random,26000+119,RND27,8,11,9,optimal,43,43,13,25,0.0009,21,0,0,0,25,0,"[0, 0, 0, 0, 0, 0, 0, 0, 0, 0]",Optimal,43.0,match,
random,26000+119,RND28,7,9,5,optimal,84.33333333333333,84.33333333333333,1,6,0.0003,1,0,0,0,0,0,"[0, 0, 0, 0, 0, 0, 0, 0, 0, 0]",Optimal,84.33333333333333,match,
random,26000+119,RND29,7,9,7,optimal,10.2,10.2,5,15,0.0004,8,0,0,0,0,0,"[0, 0, 0, 0, 0, 0, 0, 0, 0, 0]",Optimal,10.2,match,
random,26000+119,RND30,7,7,3,optimal,8.301587301587302,8.301587301587302,3,11,0.0003,0,0,0,0,0,0,"[0, 0, 0, 0, 0, 0, 0, 0, 0, 0]",Optimal,8.301587301587302,match,
random,26000+119,RND31,3,6,4,optimal,-104,-104,1,4,0.0001,0,0,0,0,0,0,"[0, 0, 0, 0, 0, 0, 0, 0, 0, 0]",Optimal,-104.0,match,
random,26000+119,RND32,7,6,4,optimal,6,6,17,21,0.0006,18,0,0,0,0,0,"[0, 0, 0, 0, 0, 0, 0, 0, 0, 0]",Optimal,6.0,match,
random,26000+119,RND33,8,5,4,optimal,0,0,7,11,0.0003,7,3,0,3,1,0,"[0, 0, 0, 0, 0, 0, 0, 0, 0, 0]",Optimal,0.0,match,
random,26000+119,RND34,8,4,2,infeasible,,,1,0,0.0001,1,0,0,0,0,0,"[0, 0, 0, 0, 0, 0, 0, 0, 0, 0]",Infeasible,0.0,match,
random,26000+119,RND35,5,5,4,optimal,-144,-144,1,7,0.0002,0,0,0,0,0,0,"[0, 0, 0, 0, 0, 0, 0, 0, 0, 0]",Optimal,-144.0,match,
random,26000+119,RND36,7,3,2,optimal,-8.333333333333334,-8.333333333333334,1,4,0.0002,2,0,0,0,0,0,"[0, 0, 0, 0, 0, 0, 0, 0, 0, 0]",Optimal,-8.333333333333332,match,
random,26000+119,RND37,8,5,5,optimal,16,16,3,5,0.0003,5,1,0,1,2,0,"[0, 0, 0, 0, 0, 0, 0, 0, 0, 0]",Optimal,16.0,match,
random,26000+119,RND38,7,7,6,optimal,45.625,45.625,8,18,0.0005,9,0,0,0,2,0,"[0, 0, 0, 0, 0, 0, 0, 0, 0, 0]",Optimal,45.625,match,
random,26000+119,RND39,4,8,5,optimal,62.5,62.5,1,9,0.0002,3,0,0,0,0,0,"[0, 0, 0, 0, 0, 0, 0, 0, 0, 0]",Optimal,62.5,match,
random,26000+119,RND40,4,10,8,optimal,-28,-28,11,11,0.0004,25,2,0,2,9,0,"[0, 0, 0, 0, 0, 0, 0, 0, 0, 0]",Optimal,-28.0,match,
random,26000+119,RND41,2,7,4,optimal,72,72,1,3,0.0001,1,0,0,0,0,0,"[0, 0, 0, 0, 0, 0, 0, 0, 0, 0]",Optimal,72.0,match,
random,26000+119,RND42,7,4,2,optimal,16.857142857142858,16.857142857142858,1,3,0.0002,1,0,0,0,0,0,"[0, 0, 0, 0, 0, 0, 0, 0, 0, 0]",Optimal,16.857142857142858,match,
random,26000+119,RND43,2,12,6,optimal,-171,-171,1,5,0.0003,0,0,0,0,0,0,"[0, 0, 0, 0, 0, 0, 0, 0, 0, 0]",Optimal,-171.0,match,
random,26000+119,RND44,3,8,2,optimal,97,97,1,6,0.0001,0,0,0,0,0,0,"[0, 0, 0, 0, 0, 0, 0, 0, 0, 0]",Optimal,97.0,match,
random,26000+119,RND45,3,9,7,optimal,2.666666666666667,2.666666666666667,2,4,0.0002,3,0,0,0,0,0,"[0, 0, 0, 0, 0, 0, 0, 0, 0, 0]",Optimal,2.666666666666667,match,
random,26000+119,RND46,3,7,5,optimal,-68,-68,3,6,0.0003,6,0,0,0,0,0,"[0, 0, 0, 0, 0, 0, 0, 0, 0, 0]",Optimal,-68.0,match,
random,26000+119,RND47,2,7,5,optimal,68,68,3,6,0.0003,0,0,0,0,4,0,"[0, 0, 0, 0, 0, 0, 0, 0, 0, 0]",Optimal,68.0,match,
random,26000+119,RND48,2,4,2,optimal,4,4,1,1,0.0002,2,0,0,0,0,0,"[0, 0, 0, 0, 0, 0, 0, 0, 0, 0]",Optimal,4.0,match,
random,26000+119,RND49,6,11,5,optimal,81.11999999999999,81.11999999999999,1,9,0.0003,4,0,0,0,0,0,"[0, 0, 0, 0, 0, 0, 0, 0, 0, 0]",Optimal,81.12,match,
random,26000+119,RND50,4,12,10,optimal,-117,-117,10,21,0.0005,12,0,0,0,13,0,"[0, 0, 0, 0, 0, 0, 0, 0, 0, 0]",Optimal,-117.0,match,
random,26000+119,RND51,2,12,9,optimal,-39,-39,5,8,0.0002,11,0,0,0,8,0,"[0, 0, 0, 0, 0, 0, 0, 0, 0, 0]",Optimal,-39.0,match,
random,26000+119,RND52,7,5,3,optimal,5.916666666666667,5.916666666666667,3,5,0.0004,3,0,0,0,0,0,"[0, 0, 0, 0, 0, 0, 0, 0, 0, 0]",Optimal,5.916666666666668,match,
random,26000+119,RND53,4,4,1,optimal,0,0,1,0,0.0001,0,0,0,0,0,0,"[0, 0, 0, 0, 0, 0, 0, 0, 0, 0]",Optimal,-0.0,match,
random,26000+119,RND54,4,12,10,optimal,-170.71428571428572,-170.71428571428572,3,13,0.0003,5,1,0,1,8,0,"[0, 0, 0, 0, 0, 0, 0, 0, 0, 0]",Optimal,-170.71428571428572,match,
random,26000+119,RND55,5,6,4,optimal,32.5,32.5,1,4,0.0004,3,0,0,0,0,0,"[0, 0, 0, 0, 0, 0, 0, 0, 0, 0]",Optimal,32.5,match,
random,26000+119,RND56,2,3,2,optimal,0,0,1,0,0.0001,0,0,0,0,0,0,"[0, 0, 0, 0, 0, 0, 0, 0, 0, 0]",Optimal,-0.0,match,
random,26000+119,RND57,6,12,6,optimal,-47.45238095238095,-47.45238095238095,1,7,0.0002,5,0,0,0,0,0,"[0, 0, 0, 0, 0, 0, 0, 0, 0, 0]",Optimal,-47.45238095238095,match,
random,26000+119,RND58,5,7,5,optimal,-18,-18,1,2,0.0002,4,0,0,0,0,0,"[0, 0, 0, 0, 0, 0, 0, 0, 0, 0]",Optimal,-18.0,match,
random,26000+119,RND59,7,7,4,optimal,64.38297872340425,64.38297872340425,1,15,0.0002,1,0,0,0,0,0,"[0, 0, 0, 0, 0, 0, 0, 0, 0, 0]",Optimal,64.38297872340425,match,
random,26000+119,RND60,6,6,5,optimal,-22,-22,3,8,0.0002,12,0,0,0,0,0,"[0, 0, 0, 0, 0, 0, 0, 0, 0, 0]",Optimal,-22.0,match,
random,26000+119,RND61,2,6,5,optimal,36.6,36.6,1,5,0.0001,1,0,0,0,0,0,"[0, 0, 0, 0, 0, 0, 0, 0, 0, 0]",Optimal,36.6,match,
random,26000+119,RND62,4,11,8,optimal,-179.2,-179.2,3,12,0.0003,1,0,0,0,7,0,"[0, 0, 0, 0, 0, 0, 0, 0, 0, 0]",Optimal,-179.2,match,
random,26000+119,RND63,8,3,2,optimal,9,9,3,4,0.0002,3,0,0,0,0,0,"[0, 0, 0, 0, 0, 0, 0, 0, 0, 0]",Optimal,9.0,match,
random,26000+119,RND64,5,8,5,optimal,42.9,42.9,1,8,0.0002,4,0,0,0,0,0,"[0, 0, 0, 0, 0, 0, 0, 0, 0, 0]",Optimal,42.900000000000006,match,
random,26000+119,RND65,6,3,0,infeasible,,,,1,0.0001,,,,,,,,Infeasible,0.0,match,
random,26000+119,RND66,4,8,6,optimal,108.5,108.5,3,11,0.0002,0,0,0,0,5,0,"[0, 0, 0, 0, 0, 0, 0, 0, 0, 0]",Optimal,108.5,match,
random,26000+119,RND67,4,4,2,optimal,-36.166666666666664,-36.166666666666664,1,2,0.0003,2,0,0,0,0,0,"[0, 0, 0, 0, 0, 0, 0, 0, 0, 0]",Optimal,-36.166666666666664,match,
random,26000+119,RND68,7,11,6,optimal,-24.5,-24.5,5,17,0.0005,6,0,0,0,4,0,"[0, 0, 0, 0, 0, 0, 0, 0, 0, 0]",Optimal,-24.5,match,
random,26000+119,RND69,5,6,4,optimal,30.25,30.25,3,8,0.0002,4,0,0,0,3,0,"[0, 0, 0, 0, 0, 0, 0, 0, 0, 0]",Optimal,30.25,match,
random,26000+119,RND70,5,11,7,optimal,-124.25,-124.25,1,11,0.0002,0,0,0,0,0,0,"[0, 0, 0, 0, 0, 0, 0, 0, 0, 0]",Optimal,-124.25,match,
random,26000+119,RND71,8,4,2,optimal,17,17,3,4,0.0004,2,0,0,0,0,0,"[0, 0, 0, 0, 0, 0, 0, 0, 0, 0]",Optimal,17.0,match,
random,26000+119,RND72,2,5,2,infeasible,,,1,0,0.0001,1,0,0,0,0,0,"[0, 0, 0, 0, 0, 0, 0, 0, 0, 0]",Infeasible,0.0,match,
random,26000+119,RND73,3,11,10,optimal,-18,-18,8,12,0.0003,26,1,0,1,13,0,"[0, 0, 0, 0, 0, 0, 0, 0, 0, 0]",Optimal,-18.0,match,
random,26000+119,RND74,8,7,4,optimal,-102,-102,15,30,0.0007,9,4,0,4,7,0,"[0, 0, 0, 0, 0, 0, 0, 0, 0, 0]",Optimal,-102.0,match,
random,26000+119,RND75,7,7,5,optimal,-17.875,-17.875,1,3,0.0003,5,0,0,0,0,0,"[0, 0, 0, 0, 0, 0, 0, 0, 0, 0]",Optimal,-17.875,match,
random,26000+119,RND76,2,5,4,optimal,106,106,1,5,0.0001,3,0,0,0,0,0,"[0, 0, 0, 0, 0, 0, 0, 0, 0, 0]",Optimal,106.0,match,
random,26000+119,RND77,2,4,3,optimal,55,55,3,5,0.0002,0,0,0,0,0,0,"[0, 0, 0, 0, 0, 0, 0, 0, 0, 0]",Optimal,55.0,match,
random,26000+119,RND78,8,6,5,optimal,-1,-1,3,7,0.0003,7,0,0,0,0,0,"[0, 0, 0, 0, 0, 0, 0, 0, 0, 0]",Optimal,-1.0,match,
random,26000+119,RND79,3,7,5,optimal,73,73,3,9,0.0002,5,0,0,0,4,0,"[0, 0, 0, 0, 0, 0, 0, 0, 0, 0]",Optimal,73.0,match,
random,26000+119,RND80,6,5,4,optimal,-29,-29,1,3,0.0003,3,0,0,0,0,0,"[0, 0, 0, 0, 0, 0, 0, 0, 0, 0]",Optimal,-29.0,match,
random,26000+119,RND81,6,5,4,optimal,-14.4,-14.4,3,6,0.0002,5,1,0,1,2,0,"[0, 0, 0, 0, 0, 0, 0, 0, 0, 0]",Optimal,-14.4,match,
random,26000+119,RND82,8,3,2,optimal,33.2,33.2,4,6,0.0003,2,0,0,0,0,0,"[0, 0, 0, 0, 0, 0, 0, 0, 0, 0]",Optimal,33.2,match,
random,26000+119,RND83,3,7,4,optimal,-55,-55,3,8,0.0004,1,0,0,0,0,0,"[0, 0, 0, 0, 0, 0, 0, 0, 0, 0]",Optimal,-55.0,match,
random,26000+119,RND84,7,8,5,optimal,36.888888888888886,36.888888888888886,1,9,0.0002,5,0,0,0,0,0,"[0, 0, 0, 0, 0, 0, 0, 0, 0, 0]",Optimal,36.888888888888886,match,
random,26000+119,RND85,5,8,8,optimal,-11,-11,8,8,0.0004,16,1,0,1,3,0,"[0, 0, 0, 0, 0, 0, 0, 0, 0, 0]",Optimal,-11.0,match,
random,26000+119,RND86,2,4,2,optimal,-36,-36,1,1,0.0002,1,0,0,0,0,0,"[0, 0, 0, 0, 0, 0, 0, 0, 0, 0]",Optimal,-36.0,match,
random,26000+119,RND87,2,9,6,optimal,121,121,4,10,0.0003,4,0,0,0,0,0,"[0, 0, 0, 0, 0, 0, 0, 0, 0, 0]",Optimal,121.0,match,
random,26000+119,RND88,4,9,5,optimal,37.421052631578945,37.421052631578945,1,4,0.0002,3,0,0,0,0,0,"[0, 0, 0, 0, 0, 0, 0, 0, 0, 0]",Optimal,37.421052631578945,match,
random,26000+119,RND89,5,4,3,infeasible,,,1,0,0.0002,0,1,0,1,0,0,"[0, 0, 0, 0, 0, 0, 0, 0, 0, 0]",Infeasible,0.0,match,
random,26000+119,RND90,7,4,2,infeasible,,,1,0,0.0002,0,1,0,1,0,0,"[0, 0, 0, 0, 0, 0, 0, 0, 0, 0]",Infeasible,0.0,match,
random,26000+119,RND91,7,6,2,optimal,98.33333333333334,98.33333333333334,1,10,0.0002,0,0,0,0,0,0,"[0, 0, 0, 0, 0, 0, 0, 0, 0, 0]",Optimal,98.33333333333333,match,
random,26000+119,RND92,2,3,3,optimal,-2,-2,3,2,0.0003,2,1,0,1,2,0,"[0, 0, 0, 0, 0, 0, 0, 0, 0, 0]",Optimal,-2.0,match,
random,26000+119,RND93,4,4,4,optimal,-47,-47,1,4,0.0002,1,0,0,0,0,0,"[0, 0, 0, 0, 0, 0, 0, 0, 0, 0]",Optimal,-47.0,match,
random,26000+119,RND94,5,7,6,optimal,-92,-92,1,5,0.0002,3,0,0,0,0,0,"[0, 0, 0, 0, 0, 0, 0, 0, 0, 0]",Optimal,-92.0,match,
random,26000+119,RND95,8,7,6,optimal,27.285714285714285,27.285714285714285,5,8,0.0006,5,2,0,2,5,0,"[0, 0, 0, 0, 0, 0, 0, 0, 0, 0]",Optimal,27.285714285714285,match,
random,26000+119,RND96,3,6,6,optimal,51,51,1,6,0.0002,2,0,0,0,0,0,"[0, 0, 0, 0, 0, 0, 0, 0, 0, 0]",Optimal,51.0,match,
random,26000+119,RND97,6,7,4,optimal,-17.70175438596491,-17.70175438596491,1,5,0.0002,0,0,0,0,0,0,"[0, 0, 0, 0, 0, 0, 0, 0, 0, 0]",Optimal,-17.70175438596491,match,
random,26000+119,RND98,4,7,5,optimal,101,101,1,6,0.0002,2,0,0,0,0,0,"[0, 0, 0, 0, 0, 0, 0, 0, 0, 0]",Optimal,101.0,match,
random,26000+119,RND99,8,7,6,optimal,26.666666666666664,26.666666666666664,3,9,0.0005,7,0,0,0,0,0,"[0, 0, 0, 0, 0, 0, 0, 0, 0, 0]",Optimal,26.666666666666664,match,
random,3,RND0,6,6,6,optimal,-3,-3,3,11,0.0003,12,0,0,0,0,0,"[0, 0, 0, 0, 0, 0, 0, 0, 0, 0]",Optimal,-3.0,match,
random,3,RND1,7,9,8,optimal,-21,-21,5,19,0.0004,10,0,0,0,6,0,"[0, 0, 0, 0, 0, 0, 0, 0, 0, 0]",Optimal,-21.0,match,
random,3,RND2,5,3,2,optimal,-12.166666666666668,-12.166666666666668,9,8,0.0004,3,0,0,0,0,0,"[0, 0, 0, 0, 0, 0, 0, 0, 0, 0]",Optimal,-12.166666666666666,match,
random,3,RND3,6,4,4,infeasible,,,1,0,0.0002,0,1,0,1,0,0,"[0, 0, 0, 0, 0, 0, 0, 0, 0, 0]",Infeasible,0.0,match,
random,3,RND4,8,6,5,optimal,-45,-45,17,31,0.0008,12,1,0,1,12,0,"[0, 0, 0, 0, 0, 0, 0, 0, 0, 0]",Optimal,-45.0,match,
random,3,RND5,3,6,4,optimal,31.22222222222222,31.22222222222222,10,13,0.0003,8,0,0,0,4,0,"[0, 0, 0, 0, 0, 0, 0, 0, 0, 0]",Optimal,31.22222222222222,match,
random,3,RND6,7,7,3,optimal,-35.33333333333333,-35.33333333333333,3,4,0.0002,3,1,0,1,2,0,"[0, 0, 0, 0, 0, 0, 0, 0, 0, 0]",Optimal,-35.33333333333333,match,
random,3,RND7,4,8,6,optimal,48,48,1,8,0.0002,2,0,0,0,0,0,"[0, 0, 0, 0, 0, 0, 0, 0, 0, 0]",Optimal,48.0,match,
random,3,RND8,6,4,2,infeasible,,,1,3,0.0002,2,0,0,0,0,0,"[0, 0, 0, 0, 0, 0, 0, 0, 0, 0]",Infeasible,0.0,match,
random,3,RND9,6,5,3,optimal,14.777777777777779,14.777777777777779,1,2,0.0002,3,0,0,0,0,0,"[0, 0, 0, 0, 0, 0, 0, 0, 0, 0]",Optimal,14.777777777777779,match,
random,3,RND10,4,4,2,optimal,42.99999999999999,42.99999999999999,1,9,0.0002,0,0,0,0,0,0,"[0, 0, 0, 0, 0, 0, 0, 0, 0, 0]",Optimal,43.0,match,
random,3,RND11,2,4,3,optimal,-34,-34,3,6,0.0003,1,0,0,0,0,0,"[0, 0, 0, 0, 0, 0, 0, 0, 0, 0]",Optimal,-34.0,match,
random,3,RND12,4,6,4,optimal,2,2,1,1,0.0001,3,0,0,0,0,0,"[0, 0, 0, 0, 0, 0, 0, 0, 0, 0]",Optimal,2.0,match,
random,3,RND13,6,12,10,optimal,-209.4,-209.4,13,21,0.0007,24,0,0,0,6,0,"[0, 0, 0, 0, 0, 0, 0, 0, 0, 0]",Optimal,-209.4,match,
random,3,RND14,4,6,4,optimal,74,74,7,11,0.0003,6,0,0,0,0,0,"[0, 0, 0, 0, 0, 0, 0, 0, 0, 0]",Optimal,74.0,match,
random,3,RND15,3,4,4,optimal,-12,-12,5,4,0.0003,3,2,0,2,3,0,"[0, 0, 0, 0, 0, 0, 0, 0, 0, 0]",Optimal,-12.0,match,
random,3,RND16,5,7,3,optimal,-71.25,-71.25,1,8,0.0002,1,0,0,0,0,0,"[0, 0, 0, 0, 0, 0, 0, 0, 0, 0]",Optimal,-71.25,match,
random,3,RND17,5,6,5,optimal,24,24,7,12,0.0004,11,1,0,1,4,0,"[0, 0, 0, 0, 0, 0, 0, 0, 0, 0]",Optimal,24.0,match,
random,3,RND18,3,10,7,optimal,-106,-106,1,8,0.0003,4,0,0,0,0,0,"[0, 0, 0, 0, 0, 0, 0, 0, 0, 0]",Optimal,-106.0,match,
random,3,RND19,5,4,4,optimal,-10,-10,1,7,0.0002,3,0,0,0,0,0,"[0, 0, 0, 0, 0, 0, 0, 0, 0, 0]",Optimal,-10.0,match,
random,3,RND20,6,4,4,optimal,30,30,5,8,0.0004,3,2,0,2,3,0,"[0, 0, 0, 0, 0, 0, 0, 0, 0, 0]",Optimal,30.0,match,
random,3,RND21,2,3,2,optimal,12,12,1,2,0.0002,1,0,0,0,0,0,"[0, 0, 0, 0, 0, 0, 0, 0, 0, 0]",Optimal,12.0,match,
random,3,RND22,2,12,8,optimal,-46.5,-46.5,45,45,0.0013,52,4,0,4,24,0,"[0, 0, 0, 0, 0, 0, 0, 0, 0, 0]",Optimal,-46.5,match,
random,3,RND23,6,7,5,optimal,124,124,3,12,0.0004,2,0,0,0,4,0,"[0, 0, 0, 0, 0, 0, 0, 0, 0, 0]",Optimal,124.0,match,
random,3,RND24,2,10,6,optimal,-194.625,-194.625,3,7,0.0003,6,0,0,0,0,0,"[0, 0, 0, 0, 0, 0, 0, 0, 0, 0]",Optimal,-194.625,match,
random,3,RND25,8,7,5,optimal,-83,-83,3,11,0.0003,2,1,0,1,4,0,"[0, 0, 0, 0, 0, 0, 0, 0, 0, 0]",Optimal,-83.0,match,
random,3,RND26,7,9,6,optimal,-88,-88,5,17,0.0005,11,0,0,0,0,0,"[0, 0, 0, 0, 0, 0, 0, 0, 0, 0]",Optimal,-88.0,match,
random,3,RND27,2,3,2,optimal,-12,-12,1,2,0.0001,1,0,0,0,0,0,"[0, 0, 0, 0, 0, 0, 0, 0, 0, 0]",Optimal,-12.0,match,
random,3,RND28,7,7,5,optimal,-24.375,-24.375,5,11,0.0004,7,0,0,0,4,0,"[0, 0, 0, 0, 0, 0, 0, 0, 0, 0]",Optimal,-24.375,match,
random,3,RND29,8,12,7,optimal,96.55555555555557,96.55555555555557,5,24,0.0005,19,0,0,0,0,0,"[0, 0, 0, 0, 0, 0, 0, 0, 0, 0]",Optimal,96.55555555555559,match,
random,3,RND30,7,6,4,optimal,13.625,13.625,11,22,0.0005,8,0,0,0,3,0,"[0, 0, 0, 0, 0, 0, 0, 0, 0, 0]",Optimal,13.625,match,
random,3,RND31,5,10,9,optimal,82,82,26,42,0.0011,15,1,0,1,26,0,"[0, 0, 0, 0, 0, 0, 0, 0, 0, 0]",Optimal,82.0,match,
random,3,RND32,4,7,3,optimal,-83.36448598130842,-83.36448598130842,1,3,0.0002,2,0,0,0,0,0,"[0, 0, 0, 0, 0, 0, 0, 0, 0, 0]",Optimal,-83.3644859813084,match,
random,3,RND33,4,11,6,optimal,-178.33333333333334,-178.33333333333334,1,8,0.0002,1,0,0,0,0,0,"[0, 0, 0, 0, 0, 0, 0, 0, 0, 0]",Optimal,-178.33333333333334,match,
random,3,RND34,8,10,5,optimal,35.3,35.3,3,9,0.0004,4,0,0,0,4,0,"[0, 0, 0, 0, 0, 0, 0, 0, 0, 0]",Optimal,35.300000000000004,match,
random,3,RND35,2,7,5,optimal,142.4,142.4,5,10,0.0003,0,0,0,0,0,0,"[0, 0, 0, 0, 0, 0, 0, 0, 0, 0]",Optimal,142.4,match,
random,3,RND36,3,7,4,optimal,-78,-78,4,8,0.0003,5,0,0,0,0,0,"[0, 0, 0, 0, 0, 0, 0, 0, 0, 0]",Optimal,-78.0,match,
random,3,RND37,7,9,6,optimal,-111,-111,3,14,0.0003,3,1,0,1,5,0,"[0, 0, 0, 0, 0, 0, 0, 0, 0, 0]",Optimal,-111.0,match,
random,3,RND38,8,5,3,optimal,-39.66666666666667,-39.66666666666667,3,9,0.0002,2,1,0,1,2,0,"[0, 0, 0, 0, 0, 0, 0, 0, 0, 0]",Optimal,-39.666666666666664,match,
random,3,RND39,4,11,8,optimal,-129,-129,1,5,0.0003,1,0,0,0,0,0,"[0, 0, 0, 0, 0, 0, 0, 0, 0, 0]",Optimal,-129.0,match,
random,3,RND40,2,4,2,optimal,86.66666666666666,86.66666666666667,1,4,0.0001,1,0,0,0,0,0,"[0, 0, 0, 0, 0, 0, 0, 0, 0, 0]",Optimal,86.66666666666666,match,
random,3,RND41,6,10,8,optimal,-1,-1,9,26,0.0005,16,0,0,0,9,0,"[0, 0, 0, 0, 0, 0, 0, 0, 0, 0]",Optimal,-1.0,match,
random,3,RND42,7,3,2,infeasible,,,1,0,0.0001,0,1,0,1,0,0,"[0, 0, 0, 0, 0, 0, 0, 0, 0, 0]",Infeasible,0.0,match,
random,3,RND43,2,11,8,optimal,-45,-45,1,3,0.0001,3,0,0,0,0,0,"[0, 0, 0, 0, 0, 0, 0, 0, 0, 0]",Optimal,-45.0,match,
random,3,RND44,6,7,4,optimal,-29.083333333333336,-29.083333333333336,6,10,0.0004,3,1,0,1,6,0,"[0, 0, 0, 0, 0, 0, 0, 0, 0, 0]",Optimal,-29.083333333333332,match,
random,3,RND45,8,8,7,optimal,37,37,11,26,0.0007,19,1,0,1,4,0,"[0, 0, 0, 0, 0, 0, 0, 0, 0, 0]",Optimal,37.0,match,
random,3,RND46,4,10,9,optimal,-45,-45,1,8,0.0002,5,0,0,0,0,0,"[0, 0, 0, 0, 0, 0, 0, 0, 0, 0]",Optimal,-45.0,match,
random,3,RND47,4,3,2,infeasible,,,1,0,0.0001,0,0,0,0,0,0,"[0, 0, 0, 0, 0, 0, 0, 0, 0, 0]",Infeasible,0.0,match,
random,3,RND48,7,6,5,infeasible,,,1,0,0.0002,0,1,0,1,0,0,"[0, 0, 0, 0, 0, 0, 0, 0, 0, 0]",Infeasible,0.0,match,
random,3,RND49,5,3,0,optimal,-3,,,2,0.0001,,,,,,,,Optimal,-3.0,match,
random,3,RND50,5,9,5,optimal,-56,-56,1,8,0.0003,3,0,0,0,0,0,"[0, 0, 0, 0, 0, 0, 0, 0, 0, 0]",Optimal,-56.0,match,
random,3,RND51,2,4,4,optimal,12,12,7,6,0.0002,5,0,0,0,4,0,"[0, 0, 0, 0, 0, 0, 0, 0, 0, 0]",Optimal,12.0,match,
random,3,RND52,7,4,2,optimal,-3,-3,1,2,0.0002,0,0,0,0,0,0,"[0, 0, 0, 0, 0, 0, 0, 0, 0, 0]",Optimal,-3.0,match,
random,3,RND53,5,11,7,optimal,-86.14285714285715,-86.14285714285715,5,10,0.0003,6,0,0,0,0,0,"[0, 0, 0, 0, 0, 0, 0, 0, 0, 0]",Optimal,-86.14285714285714,match,
random,3,RND54,3,8,5,optimal,-47.25,-47.25,7,11,0.0003,2,0,0,0,4,0,"[0, 0, 0, 0, 0, 0, 0, 0, 0, 0]",Optimal,-47.25,match,
random,3,RND55,8,5,2,optimal,-93,-93,1,14,0.0002,0,0,0,0,0,0,"[0, 0, 0, 0, 0, 0, 0, 0, 0, 0]",Optimal,-93.0,match,
random,3,RND56,4,4,3,infeasible,,,1,0,0.0003,0,1,0,1,0,0,"[0, 0, 0, 0, 0, 0, 0, 0, 0, 0]",Infeasible,0.0,match,
random,3,RND57,5,11,9,optimal,142.46153846153845,142.46153846153845,5,11,0.0005,1,0,0,0,8,0,"[0, 0, 0, 0, 0, 0, 0, 0, 0, 0]",Optimal,142.46153846153845,match,
random,3,RND58,4,10,7,optimal,91,91,5,11,0.0007,7,0,0,0,7,0,"[0, 0, 0, 0, 0, 0, 0, 0, 0, 0]",Optimal,91.0,match,
random,3,RND59,6,3,2,optimal,-1.3333333333333333,-1.3333333333333333,3,3,0.0002,3,0,0,0,0,0,"[0, 0, 0, 0, 0, 0, 0, 0, 0, 0]",Optimal,-1.3333333333333333,match,
random,3,RND60,4,4,3,optimal,-64,-64,1,4,0.0002,2,0,0,0,0,0,"[0, 0, 0, 0, 0, 0, 0, 0, 0, 0]",Optimal,-64.0,match,
random,3,RND61,2,10,7,optimal,179,179,1,7,0.0002,0,0,0,0,0,0,"[0, 0, 0, 0, 0, 0, 0, 0, 0, 0]",Optimal,179.0,match,
random,3,RND62,7,5,5,optimal,-26,-26,5,5,0.0006,8,1,0,1,4,0,"[0, 0, 0, 0, 0, 0, 0, 0, 0, 0]",Optimal,-26.0,match,
random,3,RND63,5,7,6,optimal,64,64,1,6,0.0003,1,0,0,0,0,0,"[0, 0, 0, 0, 0, 0, 0, 0, 0, 0]",Optimal,64.0,match,
random,3,RND64,5,11,9,optimal,56,56,5,6,0.0006,4,1,0,1,9,0,"[0, 0, 0, 0, 0, 0, 0, 0, 0, 0]",Optimal,56.0,match,
random,3,RND65,7,10,9,optimal,-102,-102,37,57,0.0014,6,0,0,0,35,0,"[0, 0, 0, 0, 0, 0, 0, 0, 0, 0]",Optimal,-102.000001,match,
random,3,RND66,3,7,6,optimal,-71,-71,3,5,0.0002,4,0,0,0,5,0,"[0, 0, 0, 0, 0, 0, 0, 0, 0, 0]",Optimal,-71.0,match,
random,3,RND67,7,9,4,optimal,10.866666666666669,10.866666666666669,3,5,0.0006,6,0,0,0,0,0,"[0, 0, 0, 0, 0, 0, 0, 0, 0, 0]",Optimal,10.866666666666653,match,
random,3,RND68,4,6,5,optimal,0,0,1,0,0.0002,3,0,0,0,0,0,"[0, 0, 0, 0, 0, 0, 0, 0, 0, 0]",Optimal,0.0,match,
random,3,RND69,6,6,5,optimal,-30,-30,1,8,0.0002,3,0,0,0,0,0,"[0, 0, 0, 0, 0, 0, 0, 0, 0, 0]",Optimal,-30.0,match,
random,3,RND70,3,7,5,optimal,59.57142857142857,59.57142857142857,1,8,0.0002,0,0,0,0,0,0,"[0, 0, 0, 0, 0, 0, 0, 0, 0, 0]",Optimal,59.57142857142857,match,
random,3,RND71,4,8,4,optimal,57.6,57.6,1,1,0.0003,2,0,0,0,0,0,"[0, 0, 0, 0, 0, 0, 0, 0, 0, 0]",Optimal,57.6,match,
random,3,RND72,4,9,8,optimal,-20,-20,4,7,0.0003,8,0,0,0,3,0,"[0, 0, 0, 0, 0, 0, 0, 0, 0, 0]",Optimal,-20.0,match,
random,3,RND73,6,12,8,optimal,-123.83333333333333,-123.83333333333333,7,14,0.0007,9,0,0,0,12,0,"[0, 0, 0, 0, 0, 0, 0, 0, 0, 0]",Optimal,-123.83333333333333,match,
random,3,RND74,5,5,5,optimal,38,38,10,15,0.0004,12,0,0,0,11,0,"[0, 0, 0, 0, 0, 0, 0, 0, 0, 0]",Optimal,38.0,match,
random,3,RND75,8,4,4,optimal,-9,-9,1,0,0.0003,4,0,0,0,0,0,"[0, 0, 0, 0, 0, 0, 0, 0, 0, 0]",Optimal,-9.0,match,
random,3,RND76,5,3,3,infeasible,,,1,0,0.0001,0,1,0,1,0,0,"[0, 0, 0, 0, 0, 0, 0, 0, 0, 0]",Infeasible,0.0,match,
random,3,RND77,2,12,9,optimal,-38,-38,5,7,0.0003,11,0,0,0,8,0,"[0, 0, 0, 0, 0, 0, 0, 0, 0, 0]",Optimal,-38.0,match,
random,3,RND78,2,3,2,optimal,-90,-90,1,1,0.0002,0,0,0,0,0,0,"[0, 0, 0, 0, 0, 0, 0, 0, 0, 0]",Optimal,-90.0,match,
random,3,RND79,3,4,4,optimal,24,24,8,7,0.0002,12,1,0,1,0,0,"[0, 0, 0, 0, 0, 0, 0, 0, 0, 0]",Optimal,24.0,match,
random,3,RND80,8,3,3,optimal,6,6,1,1,0.0001,2,0,0,0,0,0,"[0, 0, 0, 0, 0, 0, 0, 0, 0, 0]",Optimal,6.0,match,
random,3,RND81,4,6,4,optimal,18,18,3,2,0.0005,2,1,0,1,3,0,"[0, 0, 0, 0, 0, 0, 0, 0, 0, 0]",Optimal,18.0,match,
random,3,RND82,2,8,6,optimal,-57,-57,6,11,0.0002,12,0,0,0,0,0,"[0, 0, 0, 0, 0, 0, 0, 0, 0, 0]",Optimal,-57.0,match,
random,3,RND83,4,5,4,optimal,-14,-14,1,5,0.0002,2,0,0,0,0,0,"[0, 0, 0, 0, 0, 0, 0, 0, 0, 0]",Optimal,-14.0,match,
random,3,RND84,2,7,5,optimal,-40,-40,1,5,0.0001,0,0,0,0,0,0,"[0, 0, 0, 0, 0, 0, 0, 0, 0, 0]",Optimal,-40.0,match,
random,3,RND85,5,6,3,optimal,-90.25641025641025,-90.25641025641025,1,4,0.0002,1,0,0,0,0,0,"[0, 0, 0, 0, 0, 0, 0, 0, 0, 0]",Optimal,-90.25641025641025,match,
random,3,RND86,3,6,4,optimal,0.5,0.5,5,5,0.0002,7,0,0,0,0,0,"[0, 0, 0, 0, 0, 0, 0, 0, 0, 0]",Optimal,0.5,match,
random,3,RND87,3,12,10,optimal,-50,-50,3,8,0.0003,6,0,0,0,7,0,"[0, 0, 0, 0, 0, 0, 0, 0, 0, 0]",Optimal,-50.0,match,
random,3,RND88,8,6,5,infeasible,,,1,0,0.0001,0,1,0,1,0,0,"[0, 0, 0, 0, 0, 0, 0, 0, 0, 0]",Infeasible,0.0,match,
random,3,RND89,6,9,7,optimal,23.666666666666664,23.666666666666664,1,10,0.0002,4,0,0,0,0,0,"[0, 0, 0, 0, 0, 0, 0, 0, 0, 0]",Optimal,23.666666666666664,match,
random,3,RND90,7,9,6,optimal,-68,-68,11,22,0.0006,15,1,0,1,2,0,"[0, 0, 0, 0, 0, 0, 0, 0, 0, 0]",Optimal,-68.0,match,
random,3,RND91,5,12,8,optimal,101,101,7,12,0.0004,13,0,0,0,12,0,"[0, 0, 0, 0, 0, 0, 0, 0, 0, 0]",Optimal,101.0,match,
random,3,RND92,3,7,1,optimal,90,90,1,6,0.0001,0,0,0,0,0,0,"[0, 0, 0, 0, 0, 0, 0, 0, 0, 0]",Optimal,90.0,match,
random,3,RND93,8,6,4,optimal,160,160,13,27,0.0006,7,0,0,0,2,0,"[0, 0, 0, 0, 0, 0, 0, 0, 0, 0]",Optimal,160.0,match,
random,3,RND94,5,12,7,optimal,-170,-170,3,18,0.0002,0,0,0,0,0,0,"[0, 0, 0, 0, 0, 0, 0, 0, 0, 0]",Optimal,-170.0,match,
random,3,RND95,8,12,11,optimal,46,46,24,46,0.0012,55,3,0,3,29,0,"[0, 0, 0, 0, 0, 0, 0, 0, 0, 0]",Optimal,46.0,match,
random,3,RND96,4,6,3,optimal,21.5,21.5,4,8,0.0002,1,0,0,0,2,0,"[0, 0, 0, 0, 0, 0, 0, 0, 0, 0]",Optimal,21.5,match,
random,3,RND97,5,10,8,optimal,-114.33333333333334,-114.33333333333334,3,11,0.0003,5,1,0,1,6,0,"[0, 0, 0, 0, 0, 0, 0, 0, 0, 0]",Optimal,-114.33333333333333,match,
random,3,RND98,5,4,4,infeasible,,,1,0,0.0001,0,1,0,1,0,0,"[0, 0, 0, 0, 0, 0, 0, 0, 0, 0]",Infeasible,0.0,match,
random,3,RND99,6,7,5,optimal,10,10,12,17,0.0005,13,1,0,1,7,0,"[0, 0, 0, 0, 0, 0, 0, 0, 0, 0]",Optimal,10.0,match,
random,7,RND0,3,8,6,optimal,-108,-108,1,6,0.0001,0,0,0,0,0,0,"[0, 0, 0, 0, 0, 0, 0, 0, 0, 0]",Optimal,-108.0,match,
random,7,RND1,4,8,6,optimal,-15.428571428571429,-15.428571428571429,3,6,0.0002,1,0,0,0,5,0,"[0, 0, 0, 0, 0, 0, 0, 0, 0, 0]",Optimal,-15.428571428571429,match,
random,7,RND2,2,4,3,optimal,58,58,1,3,0.0001,1,0,0,0,0,0,"[0, 0, 0, 0, 0, 0, 0, 0, 0, 0]",Optimal,58.0,match,
random,7,RND3,2,11,8,optimal,-40,-40,3,4,0.0002,4,1,0,1,7,0,"[0, 0, 0, 0, 0, 0, 0, 0, 0, 0]",Optimal,-40.0,match,
random,7,RND4,7,10,5,optimal,-80.0625,-80.0625,3,9,0.0003,2,0,0,0,0,0,"[0, 0, 0, 0, 0, 0, 0, 0, 0, 0]",Optimal,-80.0625,match,
random,7,RND5,3,4,3,optimal,-15,-15,3,4,0.0001,1,1,0,1,2,0,"[0, 0, 0, 0, 0, 0, 0, 0, 0, 0]",Optimal,-15.0,match,
random,7,RND6,5,7,5,optimal,-129,-129,1,6,0.0002,1,0,0,0,0,0,"[0, 0, 0, 0, 0, 0, 0, 0, 0, 0]",Optimal,-129.0,match,
random,7,RND7,6,11,7,optimal,47.666666666666664,47.666666666666664,7,17,0.0005,6,0,0,0,4,0,"[0, 0, 0, 0, 0, 0, 0, 0, 0, 0]",Optimal,47.666666666666686,match,
random,7,RND8,2,11,7,optimal,150,150,1,2,0.0002,2,0,0,0,0,0,"[0, 0, 0, 0, 0, 0, 0, 0, 0, 0]",Optimal,150.0,match,
random,7,RND9,2,12,8,optimal,134.85714285714286,134.85714285714286,1,6,0.0003,1,0,0,0,0,0,"[0, 0, 0, 0, 0, 0, 0, 0, 0, 0]",Optimal,134.85714285714286,match,
random,7,RND10,2,9,5,optimal,-89,-89,1,5,0.0003,1,0,0,0,0,0,"[0, 0, 0, 0, 0, 0, 0, 0, 0, 0]",Optimal,-89.0,match,
random,7,RND11,4,10,9,optimal,-205.75,-205.75,19,33,0.0007,8,0,0,0,25,0,"[0, 0, 0, 0, 0, 0, 0, 0, 0, 0]",Optimal,-205.75,match,
random,7,RND12,5,5,4,optimal,-18,-18,6,11,0.0003,4,1,0,1,5,0,"[0, 0, 0, 0, 0, 0, 0, 0, 0, 0]",Optimal,-18.0,match,
random,7,RND13,5,5,3,optimal,0,0,1,0,0.0002,0,0,0,0,0,0,"[0, 0, 0, 0, 0, 0, 0, 0, 0, 0]",Optimal,-0.0,match,
random,7,RND14,6,8,4,optimal,-95,-95,1,7,0.0002,0,0,0,0,0,0,"[0, 0, 0, 0, 0, 0, 0, 0, 0, 0]",Optimal,-95.0,match,
random,7,RND15,3,6,6,optimal,-5,-5,5,4,0.0002,0,2,0,2,6,0,"[0, 0, 0, 0, 0, 0, 0, 0, 0, 0]",Optimal,-5.0,match,
random,7,RND16,5,11,8,optimal,176,176,1,6,0.0002,1,0,0,0,0,0,"[0, 0, 0, 0, 0, 0, 0, 0, 0, 0]",Optimal,176.0,match,
random,7,RND17,8,5,3,optimal,-8,-8,1,6,0.0002,2,0,0,0,0,0,"[0, 0, 0, 0, 0, 0, 0, 0, 0, 0]",Optimal,-8.0,match,
random,7,RND18,7,5,3,optimal,29.714285714285715,29.714285714285715,3,6,0.0003,3,0,0,0,2,0,"[0, 0, 0, 0, 0, 0, 0, 0, 0, 0]",Optimal,29.714285714285715,match,
random,7,RND19,5,10,8,optimal,76.60000000000001,76.60000000000001,1,7,0.0002,3,0,0,0,0,0,"[0, 0, 0, 0, 0, 0, 0, 0, 0, 0]",Optimal,76.60000000000001,match,
random,7,RND20,2,3,2,optimal,-8,-8,3,5,0.0002,3,0,0,0,0,0,"[0, 0, 0, 0, 0, 0, 0, 0, 0, 0]",Optimal,-8.0,match,
random,7,RND21,8,5,3,optimal,-41,-41,1,5,0.0002,2,0,0,0,0,0,"[0, 0, 0, 0, 0, 0, 0, 0, 0, 0]",Optimal,-41.0,match,
random,7,RND22,5,6,5,optimal,68.5,68.5,1,7,0.0001,1,0,0,0,0,0,"[0, 0, 0, 0, 0, 0, 0, 0, 0, 0]",Optimal,68.5,match,
random,7,RND23,2,12,10,optimal,152,152,1,6,0.0001,1,0,0,0,0,0,"[0, 0, 0, 0, 0, 0, 0, 0, 0, 0]",Optimal,152.0,match,
random,7,RND24,8,6,2,infeasible,,,1,0,0.0002,0,1,0,1,0,0,"[0, 0, 0, 0, 0, 0, 0, 0, 0, 0]",Infeasible,0.0,match,
random,7,RND25,3,7,6,optimal,10,10,1,4,0.0002,4,0,0,0,0,0,"[0, 0, 0, 0, 0, 0, 0, 0, 0, 0]",Optimal,10.0,match,
random,7,RND26,3,9,8,optimal,100,100,1,3,0.0002,0,0,0,0,0,0,"[0, 0, 0, 0, 0, 0, 0, 0, 0, 0]",Optimal,100.0,match,
random,7,RND27,6,12,6,optimal,-18,-18,5,12,0.0006,4,0,0,0,4,0,"[0, 0, 0, 0, 0, 0, 0, 0, 0, 0]",Optimal,-18.0,match,
random,7,RND28,5,11,9,optimal,22.5,22.5,3,7,0.0004,6,0,0,0,0,0,"[0, 0, 0, 0, 0, 0, 0, 0, 0, 0]",Optimal,22.5,match,
random,7,RND29,3,12,8,optimal,-68,-68,1,8,0.0002,2,0,0,0,0,0,"[0, 0, 0, 0, 0, 0, 0, 0, 0, 0]",Optimal,-68.0,match,
random,7,RND30,6,12,7,optimal,171,171,5,13,0.0006,11,0,0,0,4,0,"[0, 0, 0, 0, 0, 0, 0, 0, 0, 0]",Optimal,171.0,match,
random,7,RND31,8,12,7,optimal,21.291666666666668,21.291666666666668,11,15,0.001,13,1,0,1,5,0,"[0, 0, 0, 0, 0, 0, 0, 0, 0, 0]",Optimal,21.29166666666667,match,
random,7,RND32,6,10,9,optimal,64,64,8,15,0.0006,13,0,0,0,15,0,"[0, 0, 0, 0, 0, 0, 0, 0, 0, 0]",Optimal,64.0,match,
random,7,RND33,5,8,6,optimal,-16.375,-16.375,3,9,0.0003,1,0,0,0,0,0,"[0, 0, 0, 0, 0, 0, 0, 0, 0, 0]",Optimal,-16.375,match,
random,7,RND34,3,6,4,optimal,14.571428571428571,14.571428571428571,1,3,0.0001,3,0,0,0,0,0,"[0, 0, 0, 0, 0, 0, 0, 0, 0, 0]",Optimal,14.571428571428571,match,
random,7,RND35,3,10,7,optimal,211,211,1,4,0.0002,2,0,0,0,0,0,"[0, 0, 0, 0, 0, 0, 0, 0, 0, 0]",Optimal,211.0,match,
random,7,RND36,4,11,9,optimal,-48,-48,1,6,0.0003,4,0,0,0,0,0,"[0, 0, 0, 0, 0, 0, 0, 0, 0, 0]",Optimal,-48.0,match,
random,7,RND37,7,10,7,optimal,66.71428571428572,66.71428571428572,1,9,0.0002,3,0,0,0,0,0,"[0, 0, 0, 0, 0, 0, 0, 0, 0, 0]",Optimal,66.71428571428572,match,
random,7,RND38,7,5,5,optimal,1,1,1,1,0.0002,5,0,0,0,0,0,"[0, 0, 0, 0, 0, 0, 0, 0, 0, 0]",Optimal,1.0,match,
random,7,RND39,2,11,7,optimal,50,50,1,6,0.0001,2,0,0,0,0,0,"[0, 0, 0, 0, 0, 0, 0, 0, 0, 0]",Optimal,50.0,match,
random,7,RND40,2,8,4,optimal,-8.142857142857142,-8.142857142857142,3,6,0.0003,1,0,0,0,0,0,"[0, 0, 0, 0, 0, 0, 0, 0, 0, 0]",Optimal,-8.142857142857142,match,
random,7,RND41,2,9,7,optimal,85,85,1,5,0.0001,2,0,0,0,0,0,"[0, 0, 0, 0, 0, 0, 0, 0, 0, 0]",Optimal,85.0,match,
random,7,RND42,7,11,7,optimal,70.07407407407408,70.07407407407408,11,26,0.0007,16,1,0,1,5,0,"[0, 0, 0, 0, 0, 0, 0, 0, 0, 0]",Optimal,70.07407407407408,match,
random,7,RND43,5,9,5,optimal,-114,-114,1,11,0.0002,0,0,0,0,0,0,"[0, 0, 0, 0, 0, 0, 0, 0, 0, 0]",Optimal,-114.0,match,
random,7,RND44,7,3,1,optimal,1,1,1,2,0.0002,1,0,0,0,0,0,"[0, 0, 0, 0, 0, 0, 0, 0, 0, 0]",Optimal,1.0,match,
random,7,RND45,6,12,8,optimal,-127,-127,13,25,0.0006,14,0,0,0,17,0,"[0, 0, 0, 0, 0, 0, 0, 0, 0, 0]",Optimal,-127.0,match,
random,7,RND46,8,12,7,optimal,-202,-202,22,37,0.0014,18,0,0,0,15,0,"[0, 0, 0, 0, 0, 0, 0, 0, 0, 0]",Optimal,-202.00000000000085,match,
random,7,RND47,6,3,2,optimal,1.666666666666667,1.666666666666667,1,2,0.0001,2,0,0,0,0,0,"[0, 0, 0, 0, 0, 0, 0, 0, 0, 0]",Optimal,1.666666666666667,match,
random,7,RND48,2,8,7,optimal,-206,-206,1,5,0.0002,1,0,0,0,0,0,"[0, 0, 0, 0, 0, 0, 0, 0, 0, 0]",Optimal,-206.0,match,
random,7,RND49,6,11,7,optimal,-205.33333333333334,-205.33333333333334,3,15,0.0004,3,0,0,0,0,0,"[0, 0, 0, 0, 0, 0, 0, 0, 0, 0]",Optimal,-205.33333333333334,match,
random,7,RND50,2,10,7,optimal,-66.53333333333333,-66.53333333333333,1,3,0.0002,4,0,0,0,0,0,"[0, 0, 0, 0, 0, 0, 0, 0, 0, 0]",Optimal,-66.53333333333333,match,
random,7,RND51,8,11,9,optimal,-153,-153,3,16,0.0004,6,0,0,0,6,0,"[0, 0, 0, 0, 0, 0, 0, 0, 0, 0]",Optimal,-153.0,match,
random,7,RND52,6,12,7,optimal,-68.27272727272728,-68.27272727272728,11,24,0.0008,8,0,0,0,7,0,"[0, 0, 0, 0, 0, 0, 0, 0, 0, 0]",Optimal,-68.27272727272748,match,
random,7,RND53,8,3,2,infeasible,,,1,0,0.0019,0,1,0,1,0,0,"[0, 0, 0, 0, 0, 0, 0, 0, 0, 0]",Infeasible,0.0,match,
random,7,RND54,2,6,4,optimal,17,17,3,4,0.0002,3,0,0,0,0,0,"[0, 0, 0, 0, 0, 0, 0, 0, 0, 0]",Optimal,17.0,match,
random,7,RND55,4,9,6,optimal,72,72,3,10,0.0002,2,1,0,1,5,0,"[0, 0, 0, 0, 0, 0, 0, 0, 0, 0]",Optimal,72.0,match,
random,7,RND56,6,4,2,optimal,20,20,3,5,0.001,1,0,0,0,0,0,"[0, 0, 0, 0, 0, 0, 0, 0, 0, 0]",Optimal,20.0,match,
random,7,RND57,4,6,4,optimal,31.5,31.5,1,2,0.0003,4,0,0,0,0,0,"[0, 0, 0, 0, 0, 0, 0, 0, 0, 0]",Optimal,31.5,match,
random,7,RND58,6,6,5,optimal,146,146,1,5,0.0003,2,0,0,0,0,0,"[0, 0, 0, 0, 0, 0, 0, 0, 0, 0]",Optimal,146.0,match,
random,7,RND59,7,3,3,optimal,-24,-24,1,1,0.0002,2,0,0,0,0,0,"[0, 0, 0, 0, 0, 0, 0, 0, 0, 0]",Optimal,-24.0,match,
random,7,RND60,6,6,6,optimal,-50,-50,1,10,0.0003,5,0,0,0,0,0,"[0, 0, 0, 0, 0, 0, 0, 0, 0, 0]",Optimal,-50.0,match,
random,7,RND61,8,11,6,optimal,30.18032786885246,30.18032786885246,14,26,0.0012,15,0,0,0,10,0,"[0, 0, 0, 0, 0, 0, 0, 0, 0, 0]",Optimal,30.180327868852444,match,
random,7,RND62,2,5,4,optimal,16,16,3,5,0.0002,0,0,0,0,0,0,"[0, 0, 0, 0, 0, 0, 0, 0, 0, 0]",Optimal,15.999999999999998,match,
random,7,RND63,8,5,2,optimal,-48,-48,3,13,0.0004,2,0,0,0,1,0,"[0, 0, 0, 0, 0, 0, 0, 0, 0, 0]",Optimal,-48.0,match,
random,7,RND64,5,5,4,optimal,-18,-18,3,5,0.0002,2,1,0,1,2,0,"[0, 0, 0, 0, 0, 0, 0, 0, 0, 0]",Optimal,-18.0,match,
random,7,RND65,8,9,5,optimal,-33.38194444444444,-33.38194444444444,12,17,0.0009,8,0,0,0,2,0,"[0, 0, 0, 0, 0, 0, 0, 0, 0, 0]",Optimal,-33.38194444444445,match,
random,7,RND66,2,9,6,optimal,25.333333333333336,25.333333333333336,3,4,0.0002,1,0,0,0,5,0,"[0, 0, 0, 0, 0, 0, 0, 0, 0, 0]",Optimal,25.333333333333336,match,
random,7,RND67,4,6,3,optimal,-7.527777777777778,-7.527777777777778,3,5,0.0002,3,0,0,0,0,0,"[0, 0, 0, 0, 0, 0, 0, 0, 0, 0]",Optimal,-7.527777777777778,match,
random,7,RND68,5,5,3,optimal,0,0,1,1,0.0002,2,0,0,0,0,0,"[0, 0, 0, 0, 0, 0, 0, 0, 0, 0]",Optimal,-0.0,match,
random,7,RND69,8,10,8,optimal,87.66666666666666,87.66666666666666,3,9,0.0004,6,0,0,0,0,0,"[0, 0, 0, 0, 0, 0, 0, 0, 0, 0]",Optimal,87.66666673333333,match,
random,7,RND70,8,9,5,optimal,48.63970588235294,48.63970588235294,9,18,0.0007,6,0,0,0,8,0,"[0, 0, 0, 0, 0, 0, 0, 0, 0, 0]",Optimal,48.63970588235294,match,
random,7,RND71,4,5,2,optimal,140.33333333333334,140.33333333333334,3,7,0.0002,1,0,0,0,0,0,"[0, 0, 0, 0, 0, 0, 0, 0, 0, 0]",Optimal,140.33333333333334,match,
random,7,RND72,4,9,6,optimal,39.625,39.625,25,35,0.0008,33,0,0,0,13,0,"[0, 0, 0, 0, 0, 0, 0, 0, 0, 0]",Optimal,39.62500000000003,match,
random,7,RND73,5,6,3,optimal,16.8,16.8,5,10,0.0003,4,0,0,0,0,0,"[0, 0, 0, 0, 0, 0, 0, 0, 0, 0]",Optimal,16.8,match,
random,7,RND74,2,7,5,optimal,-55,-55,11,14,0.0003,8,2,0,2,6,0,"[0, 0, 0, 0, 0, 0, 0, 0, 0, 0]",Optimal,-55.0,match,
random,7,RND75,8,5,5,optimal,-8,-8,1,1,0.0002,5,0,0,0,0,0,"[0, 0, 0, 0, 0, 0, 0, 0, 0, 0]",Optimal,-8.0,match,
random,7,RND76,8,9,6,optimal,22,22,1,5,0.0004,5,0,0,0,0,0,"[0, 0, 0, 0, 0, 0, 0, 0, 0, 0]",Optimal,22.0,match,
random,7,RND77,7,12,10,optimal,83.42857142857143,83.42857142857143,13,19,0.001,17,2,0,2,24,0,"[0, 0, 0, 0, 0, 0, 0, 0, 0, 0]",Optimal,83.42857142857143,match,
random,7,RND78,8,5,4,optimal,2.125,2.125,1,2,0.0002,4,0,0,0,0,0,"[0, 0, 0, 0, 0, 0, 0, 0, 0, 0]",Optimal,2.125,match,
random,7,RND79,8,11,7,optimal,-47.714285714285715,-47.714285714285715,7,23,0.0005,4,0,0,0,4,0,"[0, 0, 0, 0, 0, 0, 0, 0, 0, 0]",Optimal,-47.714285714285715,match,
random,7,RND80,5,4,4,optimal,32,32,1,6,0.0003,3,0,0,0,0,0,"[0, 0, 0, 0, 0, 0, 0, 0, 0, 0]",Optimal,32.0,match,
random,7,RND81,7,11,7,optimal,47.111111111111114,47.111111111111114,3,9,0.0003,8,0,0,0,0,0,"[0, 0, 0, 0, 0, 0, 0, 0, 0, 0]",Optimal,47.111111111111114,match,
random,7,RND82,4,8,8,optimal,21,21,21,28,0.0009,9,1,0,1,13,0,"[0, 0, 0, 0, 0, 0, 0, 0, 0, 0]",Optimal,21.0,match,
random,7,RND83,4,8,4,optimal,-51,-51,3,5,0.0002,6,0,0,0,0,0,"[0, 0, 0, 0, 0, 0, 0, 0, 0, 0]",Optimal,-51.0,match,
random,7,RND84,4,6,3,optimal,-59,-59,1,7,0.0002,1,0,0,0,0,0,"[0, 0, 0, 0, 0, 0, 0, 0, 0, 0]",Optimal,-59.0,match,
random,7,RND85,5,12,10,optimal,327.33333333333337,327.33333333333337,18,34,0.0008,7,0,0,0,12,0,"[0, 0, 0, 0, 0, 0, 0, 0, 0, 0]",Optimal,327.3333333333333,match,
random,7,RND86,2,11,7,optimal,-369,-369,1,7,0.0002,0,0,0,0,0,0,"[0, 0, 0, 0, 0, 0, 0, 0, 0, 0]",Optimal,-369.0,match,
random,7,RND87,4,4,3,infeasible,,,1,0,0.0001,0,1,0,1,0,0,"[0, 0, 0, 0, 0, 0, 0, 0, 0, 0]",Infeasible,0.0,match,
random,7,RND88,5,7,6,optimal,45,45,3,5,0.0003,8,0,0,0,0,0,"[0, 0, 0, 0, 0, 0, 0, 0, 0, 0]",Optimal,45.0,match,
random,7,RND89,4,8,5,optimal,182.5,182.5,1,10,0.0002,2,0,0,0,0,0,"[0, 0, 0, 0, 0, 0, 0, 0, 0, 0]",Optimal,182.5,match,
random,7,RND90,2,11,8,optimal,17,17,3,3,0.0002,5,0,0,0,6,0,"[0, 0, 0, 0, 0, 0, 0, 0, 0, 0]",Optimal,17.0,match,
random,7,RND91,8,4,3,optimal,70,70,1,8,0.0002,2,0,0,0,0,0,"[0, 0, 0, 0, 0, 0, 0, 0, 0, 0]",Optimal,70.0,match,
random,7,RND92,8,5,3,infeasible,,,1,0,0.0001,0,1,0,1,0,0,"[0, 0, 0, 0, 0, 0, 0, 0, 0, 0]",Infeasible,0.0,match,
random,7,RND93,3,12,10,optimal,14,14,3,10,0.0003,18,0,0,0,0,0,"[0, 0, 0, 0, 0, 0, 0, 0, 0, 0]",Optimal,14.0,match,
random,7,RND94,8,11,10,optimal,45,45,28,43,0.0012,54,0,0,0,16,0,"[0, 0, 0, 0, 0, 0, 0, 0, 0, 0]",Optimal,45.0,match,
random,7,RND95,6,7,6,optimal,60,60,5,13,0.0003,4,1,0,1,5,0,"[0, 0, 0, 0, 0, 0, 0, 0, 0, 0]",Optimal,60.0,match,
random,7,RND96,5,7,4,optimal,-84.27777777777777,-84.27777777777777,3,12,0.0002,2,0,0,0,0,0,"[0, 0, 0, 0, 0, 0, 0, 0, 0, 0]",Optimal,-84.27777777777777,match,
random,7,RND97,6,3,1,optimal,25.77777777777778,25.77777777777778,1,2,0.0002,1,0,0,0,0,0,"[0, 0, 0, 0, 0, 0, 0, 0, 0, 0]",Optimal,25.77777777777778,match,
random,7,RND98,2,9,5,optimal,-220.66666666666669,-220.66666666666669,3,9,0.0003,3,0,0,0,0,0,"[0, 0, 0, 0, 0, 0, 0, 0, 0, 0]",Optimal,-220.66666666666666,match,
random,7,RND99,3,5,3,optimal,85,85,3,5,0.0004,3,0,0,0,0,0,"[0, 0, 0, 0, 0, 0, 0, 0, 0, 0]",Optimal,85.0,match,
random,26000+120,RND0,7,10,7,optimal,102.3125,102.3125,7,18,0.0006,6,0,0,0,0,0,"[0, 0, 0, 0, 0, 0, 0, 0, 0, 0]",Optimal,102.3125,match,
random,26000+120,RND1,3,3,3,optimal,-6,-6,3,5,0.0003,3,0,0,0,0,0,"[0, 0, 0, 0, 0, 0, 0, 0, 0, 0]",Optimal,-6.0,match,
random,26000+120,RND2,5,3,2,optimal,18,18,3,3,0.0003,1,0,0,0,0,0,"[0, 0, 0, 0, 0, 0, 0, 0, 0, 0]",Optimal,18.0,match,
random,26000+120,RND3,5,3,2,optimal,-2.5,-2.5,1,3,0.0002,0,0,0,0,0,0,"[0, 0, 0, 0, 0, 0, 0, 0, 0, 0]",Optimal,-2.5,match,
random,26000+120,RND4,6,5,3,optimal,-21,-21,1,5,0.0002,2,0,0,0,0,0,"[0, 0, 0, 0, 0, 0, 0, 0, 0, 0]",Optimal,-21.0,match,
random,26000+120,RND5,4,6,4,optimal,-85,-85,1,6,0.0004,0,0,0,0,0,0,"[0, 0, 0, 0, 0, 0, 0, 0, 0, 0]",Optimal,-85.0,match,
random,26000+120,RND6,6,12,6,optimal,39.85714285714286,39.85714285714286,3,14,0.0005,7,0,0,0,0,0,"[0, 0, 0, 0, 0, 0, 0, 0, 0, 0]",Optimal,39.85714285714286,match,
random,26000+120,RND7,4,3,1,infeasible,,,1,2,0.0002,1,0,0,0,0,0,"[0, 0, 0, 0, 0, 0, 0, 0, 0, 0]",Infeasible,0.0,match,
random,26000+120,RND8,7,4,1,optimal,-29.5,-29.5,1,5,0.0002,1,0,0,0,0,0,"[0, 0, 0, 0, 0, 0, 0, 0, 0, 0]",Optimal,-29.5,match,
random,26000+120,RND9,3,4,3,optimal,19,19,5,8,0.0006,2,0,0,0,2,0,"[0, 0, 0, 0, 0, 0, 0, 0, 0, 0]",Optimal,19.0,match,
random,26000+120,RND10,5,8,6,optimal,36.4,36.4,1,4,0.0002,4,0,0,0,0,0,"[0, 0, 0, 0, 0, 0, 0, 0, 0, 0]",Optimal,36.4,match,
random,26000+120,RND11,7,8,7,optimal,131,131,1,8,0.0002,2,0,0,0,0,0,"[0, 0, 0, 0, 0, 0, 0, 0, 0, 0]",Optimal,131.0,match,
random,26000+120,RND12,6,5,4,optimal,-49,-49,4,11,0.0002,1,0,0,0,0,0,"[0, 0, 0, 0, 0, 0, 0, 0, 0, 0]",Optimal,-49.0,match,
random,26000+120,RND13,4,11,7,optimal,-108,-108,1,10,0.0002,1,0,0,0,0,0,"[0, 0, 0, 0, 0, 0, 0, 0, 0, 0]",Optimal,-108.0,match,
random,26000+120,RND14,7,3,2,optimal,-10,-10,1,4,0.0002,2,0,0,0,0,0,"[0, 0, 0, 0, 0, 0, 0, 0, 0, 0]",Optimal,-10.0,match,
random,26000+120,RND15,7,12,7,optimal,-28,-28,5,7,0.0003,7,0,0,0,0,0,"[0, 0, 0, 0, 0, 0, 0, 0, 0, 0]",Optimal,-28.0,match,
random,26000+120,RND16,7,11,6,optimal,111.66666666666667,111.66666666666667,3,14,0.0005,3,1,0,1,5,0,"[0, 0, 0, 0, 0, 0, 0, 0, 0, 0]",Optimal,111.66666666666667,match,
random,26000+120,RND17,8,9,7,optimal,2,2,13,25,0.0012,13,0,0,0,2,0,"[0, 0, 0, 0, 0, 0, 0, 0, 0, 0]",Optimal,2.0,match,
random,26000+120,RND18,3,8,5,optimal,216.66666666666669,216.66666666666669,4,11,0.0004,1,0,0,0,4,0,"[0, 0, 0, 0, 0, 0, 0, 0, 0, 0]",Optimal,216.66666666666666,match,
random,26000+120,RND19,5,7,6,optimal,-40,-40,3,6,0.0004,6,0,0,0,0,0,"[0, 0, 0, 0, 0, 0, 0, 0, 0, 0]",Optimal,-40.0,match,
random,26000+120,RND20,2,10,5,optimal,119,119,1,5,0.0003,0,0,0,0,0,0,"[0, 0, 0, 0, 0, 0, 0, 0, 0, 0]",Optimal,119.0,match,
random,26000+120,RND21,3,12,8,optimal,-72,-72,5,6,0.0005,8,1,0,1,10,0,"[0, 0, 0, 0, 0, 0, 0, 0, 0, 0]",Optimal,-72.0,match,
random,26000+120,RND22,7,12,9,optimal,-57,-57,5,17,0.0008,7,0,0,0,7,0,"[0, 0, 0, 0, 0, 0, 0, 0, 0, 0]",Optimal,-57.0,match,
random,26000+120,RND23,2,10,8,optimal,19,19,8,9,0.0004,11,1,0,1,6,0,"[0, 0, 0, 0, 0, 0, 0, 0, 0, 0]",Optimal,19.0,match,
random,26000+120,RND24,7,7,6,optimal,52,52,1,8,0.0004,4,0,0,0,0,0,"[0, 0, 0, 0, 0, 0, 0, 0, 0, 0]",Optimal,52.0,match,
random,26000+120,RND25,6,9,8,optimal,66,66,1,14,0.0003,3,0,0,0,0,0,"[0, 0, 0, 0, 0, 0, 0, 0, 0, 0]",Optimal,66.0,match,
random,26000+120,RND26,5,7,4,optimal,-92,-92,1,5,0.0003,3,0,0,0,0,0,"[0, 0, 0, 0, 0, 0, 0, 0, 0, 0]",Optimal,-92.0,match,
random,26000+120,RND27,8,7,5,optimal,87,87,12,34,0.0008,19,0,0,0,3,0,"[0, 0, 0, 0, 0, 0, 0, 0, 0, 0]",Optimal,87.00000000000001,match,
random,26000+120,RND28,2,12,11,optimal,-60,-60,1,6,0.0003,1,0,0,0,0,0,"[0, 0, 0, 0, 0, 0, 0, 0, 0, 0]",Optimal,-60.0,match,
random,26000+120,RND29,6,5,2,optimal,-2.5,-2.5,1,5,0.0003,2,0,0,0,0,0,"[0, 0, 0, 0, 0, 0, 0, 0, 0, 0]",Optimal,-2.5,match,
random,26000+120,RND30,6,11,10,optimal,53,53,18,28,0.0014,26,3,0,3,14,0,"[0, 0, 0, 0, 0, 0, 0, 0, 0, 0]",Optimal,53.0,match,
random,26000+120,RND31,8,5,3,infeasible,,,1,1,0.0004,3,0,0,0,0,0,"[0, 0, 0, 0, 0, 0, 0, 0, 0, 0]",Infeasible,0.0,match,
random,26000+120,RND32,6,5,4,optimal,1,1,6,9,0.0006,6,0,0,0,0,0,"[0, 0, 0, 0, 0, 0, 0, 0, 0, 0]",Optimal,1.0,match,
random,26000+120,RND33,2,11,10,optimal,-87,-87,3,7,0.0004,4,1,0,1,9,0,"[0, 0, 0, 0, 0, 0, 0, 0, 0, 0]",Optimal,-87.0,match,
random,26000+120,RND34,5,5,4,optimal,-27,-27,7,8,0.0005,5,1,0,1,3,0,"[0, 0, 0, 0, 0, 0, 0, 0, 0, 0]",Optimal,-27.0,match,
random,26000+120,RND35,2,7,7,optimal,-117,-117,3,7,0.0003,4,1,0,1,5,0,"[0, 0, 0, 0, 0, 0, 0, 0, 0, 0]",Optimal,-117.0,match,
random,26000+120,RND36,2,10,6,optimal,-121,-121,3,7,0.0003,3,0,0,0,0,0,"[0, 0, 0, 0, 0, 0, 0, 0, 0, 0]",Optimal,-121.0,match,
random,26000+120,RND37,5,12,6,optimal,203,203,3,17,0.0007,0,0,0,0,5,0,"[0, 0, 0, 0, 0, 0, 0, 0, 0, 0]",Optimal,203.0,match,
random,26000+120,RND38,4,10,8,optimal,127,127,1,9,0.0004,3,0,0,0,0,0,"[0, 0, 0, 0, 0, 0, 0, 0, 0, 0]",Optimal,127.0,match,
random,26000+120,RND39,8,12,8,optimal,-70.82758620689656,-70.82758620689656,13,34,0.0014,16,1,0,1,10,0,"[0, 0, 0, 0, 0, 0, 0, 0, 0, 0]",Optimal,-70.82758620689656,match,
random,26000+120,RND40,6,11,8,optimal,40.666666666666664,40.666666666666664,5,12,0.0007,13,0,0,0,4,0,"[0, 0, 0, 0, 0, 0, 0, 0, 0, 0]",Optimal,40.66666666666667,match,
random,26000+120,RND41,8,11,10,optimal,15,15,8,13,0.0009,22,0,0,0,10,0,"[0, 0, 0, 0, 0, 0, 0, 0, 0, 0]",Optimal,15.0,match,
random,26000+120,RND42,5,9,6,optimal,56,56,2,5,0.0004,4,0,0,0,5,0,"[0, 0, 0, 0, 0, 0, 0, 0, 0, 0]",Optimal,56.0,match,
random,26000+120,RND43,2,6,3,optimal,73,73,1,5,0.0002,0,0,0,0,0,0,"[0, 0, 0, 0, 0, 0, 0, 0, 0, 0]",Optimal,73.0,match,
random,26000+120,RND44,4,7,4,optimal,19,19,1,3,0.0003,3,0,0,0,0,0,"[0, 0, 0, 0, 0, 0, 0, 0, 0, 0]",Optimal,19.0,match,
random,26000+120,RND45,6,6,4,optimal,-27.333333333333332,-27.333333333333332,1,3,0.0003,2,0,0,0,0,0,"[0, 0, 0, 0, 0, 0, 0, 0, 0, 0]",Optimal,-27.333333333333332,match,
random,26000+120,RND46,6,3,3,optimal,44,44,3,6,0.0003,1,1,0,1,2,0,"[0, 0, 0, 0, 0, 0, 0, 0, 0, 0]",Optimal,44.0,match,
random,26000+120,RND47,6,3,2,infeasible,,,1,0,0.0003,0,1,0,1,0,0,"[0, 0, 0, 0, 0, 0, 0, 0, 0, 0]",Infeasible,0.0,match,
random,26000+120,RND48,3,8,7,optimal,9,9,3,3,0.0002,6,1,0,1,4,0,"[0, 0, 0, 0, 0, 0, 0, 0, 0, 0]",Optimal,9.0,match,
random,26000+120,RND49,2,8,7,optimal,-84,-84,5,10,0.0002,8,0,0,0,4,0,"[0, 0, 0, 0, 0, 0, 0, 0, 0, 0]",Optimal,-84.0,match,
random,26000+120,RND50,2,6,3,optimal,158.2,158.2,3,7,0.0002,1,0,0,0,0,0,"[0, 0, 0, 0, 0, 0, 0, 0, 0, 0]",Optimal,158.2,match,
random,26000+120,RND51,5,4,3,optimal,-8,-8,3,6,0.0002,5,0,0,0,0,0,"[0, 0, 0, 0, 0, 0, 0, 0, 0, 0]",Optimal,-8.0,match,
random,26000+120,RND52,4,7,5,optimal,47.2,47.2,1,4,0.0002,2,0,0,0,0,0,"[0, 0, 0, 0, 0, 0, 0, 0, 0, 0]",Optimal,47.2,match,
random,26000+120,RND53,7,11,7,optimal,-35.666666666666664,-35.666666666666664,6,17,0.0005,9,0,0,0,11,0,"[0, 0, 0, 0, 0, 0, 0, 0, 0, 0]",Optimal,-35.666666666666664,match,
random,26000+120,RND54,4,11,9,optimal,-28,-28,1,2,0.0002,6,0,0,0,0,0,"[0, 0, 0, 0, 0, 0, 0, 0, 0, 0]",Optimal,-28.0,match,
random,26000+120,RND55,7,9,5,optimal,-74.2,-74.2,3,14,0.0005,2,0,0,0,0,0,"[0, 0, 0, 0, 0, 0, 0, 0, 0, 0]",Optimal,-74.2,match,
random,26000+120,RND56,4,3,1,infeasible,,,1,3,0.0002,0,0,0,0,0,0,"[0, 0, 0, 0, 0, 0, 0, 0, 0, 0]",Infeasible,0.0,match,
random,26000+120,RND57,8,4,1,optimal,-5,-5,3,7,0.0006,1,0,0,0,0,0,"[0, 0, 0, 0, 0, 0, 0, 0, 0, 0]",Optimal,-5.000000000000001,match,
random,26000+120,RND58,2,8,7,optimal,-28,-28,19,18,0.0008,7,4,0,4,17,0,"[0, 0, 0, 0, 0, 0, 0, 0, 0, 0]",Optimal,-28.0,match,
random,26000+120,RND59,4,12,8,optimal,-198.77777777777777,-198.7777777777778,3,16,0.0004,9,0,0,0,0,0,"[0, 0, 0, 0, 0, 0, 0, 0, 0, 0]",Optimal,-198.77777777777777,match,
random,26000+120,RND60,4,12,10,optimal,-218,-218,1,13,0.0003,0,0,0,0,0,0,"[0, 0, 0, 0, 0, 0, 0, 0, 0, 0]",Optimal,-218.0,match,
random,26000+120,RND61,8,9,7,optimal,29.5,29.5,9,27,0.0012,17,0,0,0,3,0,"[0, 0, 0, 0, 0, 0, 0, 0, 0, 0]",Optimal,29.500000000000007,match,
random,26000+120,RND62,8,11,7,optimal,8.25,8.25,5,7,0.0006,7,2,0,2,6,0,"[0, 0, 0, 0, 0, 0, 0, 0, 0, 0]",Optimal,8.25,match,
random,26000+120,RND63,3,12,9,optimal,87,87,3,8,0.0004,5,0,0,0,8,0,"[0, 0, 0, 0, 0, 0, 0, 0, 0, 0]",Optimal,87.0,match,
random,26000+120,RND64,2,10,7,optimal,-165,-165,1,8,0.0003,2,0,0,0,0,0,"[0, 0, 0, 0, 0, 0, 0, 0, 0, 0]",Optimal,-165.0,match,
random,26000+120,RND65,5,10,6,optimal,197.12345679012344,197.12345679012344,7,20,0.0008,2,0,0,0,0,0,"[0, 0, 0, 0, 0, 0, 0, 0, 0, 0]",Optimal,197.12345679012347,match,
random,26000+120,RND66,8,6,3,optimal,42,42,3,12,0.0005,3,0,0,0,0,0,"[0, 0, 0, 0, 0, 0, 0, 0, 0, 0]",Optimal,42.0,match,
random,26000+120,RND67,4,7,7,optimal,109,109,1,5,0.0002,3,0,0,0,0,0,"[0, 0, 0, 0, 0, 0, 0, 0, 0, 0]",Optimal,109.0,match,
random,26000+120,RND68,7,10,5,optimal,96.05555555555554,96.05555555555556,6,15,0.0008,6,2,0,2,4,0,"[0, 0, 0, 0, 0, 0, 0, 0, 0, 0]",Optimal,96.05555555555556,match,
random,26000+120,RND69,3,5,4,optimal,-28,-28,1,5,0.0002,1,0,0,0,0,0,"[0, 0, 0, 0, 0, 0, 0, 0, 0, 0]",Optimal,-28.0,match,
random,26000+120,RND70,4,6,4,optimal,6,6,1,2,0.0002,3,0,0,0,0,0,"[0, 0, 0, 0, 0, 0, 0, 0, 0, 0]",Optimal,6.0,match,
random,26000+120,RND71,3,4,3,optimal,-43,-43,1,5,0.0002,1,0,0,0,0,0,"[0, 0, 0, 0, 0, 0, 0, 0, 0, 0]",Optimal,-43.0,match,
random,26000+120,RND72,7,9,6,optimal,-43.714285714285715,-43.714285714285715,20,32,0.0017,22,1,0,1,6,0,"[0, 0, 0, 0, 0, 0, 0, 0, 0, 0]",Optimal,-43.714285714285715,match,
random,26000+120,RND73,7,5,1,optimal,-30,-30,1,4,0.0002,1,0,0,0,0,0,"[0, 0, 0, 0, 0, 0, 0, 0, 0, 0]",Optimal,-30.0,match,
random,26000+120,RND74,5,7,7,optimal,14,14,7,12,0.0003,14,0,0,0,0,0,"[0, 0, 0, 0, 0, 0, 0, 0, 0, 0]",Optimal,14.0,match,
random,26000+120,RND75,4,12,10,optimal,51,51,5,8,0.0004,8,0,0,0,9,0,"[0, 0, 0, 0, 0, 0, 0, 0, 0, 0]",Optimal,51.0,match,
random,26000+120,RND76,8,3,1,infeasible,,,1,2,0.0001,0,0,0,0,0,0,"[0, 0, 0, 0, 0, 0, 0, 0, 0, 0]",Infeasible,0.0,match,
random,26000+120,RND77,5,9,6,optimal,6.391304347826087,6.391304347826087,5,10,0.0003,8,0,0,0,4,0,"[0, 0, 0, 0, 0, 0, 0, 0, 0, 0]",Optimal,6.391304347826087,match,
random,26000+120,RND78,5,11,8,optimal,116.25,116.25,8,23,0.0009,13,0,0,0,13,0,"[0, 0, 0, 0, 0, 0, 0, 0, 0, 0]",Optimal,116.25,match,
random,26000+120,RND79,4,9,5,optimal,45.08163265306122,45.08163265306122,1,5,0.0006,2,0,0,0,0,0,"[0, 0, 0, 0, 0, 0, 0, 0, 0, 0]",Optimal,45.08163265306122,match,
random,26000+120,RND80,5,4,3,optimal,54,54,1,2,0.0003,2,0,0,0,0,0,"[0, 0, 0, 0, 0, 0, 0, 0, 0, 0]",Optimal,54.0,match,
random,26000+120,RND81,6,7,6,optimal,128.25,128.25,1,9,0.0003,4,0,0,0,0,0,"[0, 0, 0, 0, 0, 0, 0, 0, 0, 0]",Optimal,128.25,match,
random,26000+120,RND82,3,4,3,optimal,-58,-58,1,5,0.0001,1,0,0,0,0,0,"[0, 0, 0, 0, 0, 0, 0, 0, 0, 0]",Optimal,-58.0,match,
random,26000+120,RND83,2,3,3,optimal,40,40,1,1,0.0001,1,0,0,0,0,0,"[0, 0, 0, 0, 0, 0, 0, 0, 0, 0]",Optimal,40.0,match,
random,26000+120,RND84,2,7,5,optimal,-166,-166,1,9,0.0002,0,0,0,0,0,0,"[0, 0, 0, 0, 0, 0, 0, 0, 0, 0]",Optimal,-166.0,match,
random,26000+120,RND85,6,8,5,optimal,54.285714285714285,54.285714285714285,3,12,0.0003,6,0,0,0,0,0,"[0, 0, 0, 0, 0, 0, 0, 0, 0, 0]",Optimal,54.285714285714285,match,
random,26000+120,RND86,2,11,9,optimal,49,49,5,6,0.0002,5,1,0,1,8,0,"[0, 0, 0, 0, 0, 0, 0, 0, 0, 0]",Optimal,49.0,match,
random,26000+120,RND87,2,6,4,optimal,-31,-31,1,2,0.0002,2,0,0,0,0,0,"[0, 0, 0, 0, 0, 0, 0, 0, 0, 0]",Optimal,-31.0,match,
random,26000+120,RND88,3,6,6,optimal,8,8,3,7,0.0003,9,0,0,0,0,0,"[0, 0, 0, 0, 0, 0, 0, 0, 0, 0]",Optimal,8.0,match,
random,26000+120,RND89,2,6,5,optimal,11,11,1,2,0.0002,3,0,0,0,0,0,"[0, 0, 0, 0, 0, 0, 0, 0, 0, 0]",Optimal,11.0,match,
random,26000+120,RND90,4,5,4,optimal,-59.8,-59.8,5,7,0.0003,3,0,0,0,0,0,"[0, 0, 0, 0, 0, 0, 0, 0, 0, 0]",Optimal,-59.8,match,
random,26000+120,RND91,3,3,3,optimal,44,44,1,6,0.0001,1,0,0,0,0,0,"[0, 0, 0, 0, 0, 0, 0, 0, 0, 0]",Optimal,44.0,match,
random,26000+120,RND92,4,7,5,optimal,110,110,12,20,0.0005,4,0,0,0,8,0,"[0, 0, 0, 0, 0, 0, 0, 0, 0, 0]",Optimal,110.0,match,
random,26000+120,RND93,7,11,9,optimal,27,27,1,7,0.0003,7,0,0,0,0,0,"[0, 0, 0, 0, 0, 0, 0, 0, 0, 0]",Optimal,27.0,match,
random,26000+120,RND94,8,12,8,optimal,-34,-34.00000000000001,9,17,0.0007,19,0,0,0,0,0,"[0, 0, 0, 0, 0, 0, 0, 0, 0, 0]",Optimal,-33.99999999999999,match,
random,26000+120,RND95,7,5,3,optimal,-20,-20,1,6,0.0002,2,0,0,0,0,0,"[0, 0, 0, 0, 0, 0, 0, 0, 0, 0]",Optimal,-20.0,match,
random,26000+120,RND96,3,4,4,optimal,-9,-9,3,10,0.0008,7,0,0,0,0,0,"[0, 0, 0, 0, 0, 0, 0, 0, 0, 0]",Optimal,-9.0,match,
random,26000+120,RND97,8,10,7,optimal,-14.214285714285714,-14.214285714285714,7,10,0.0004,12,0,0,0,0,0,"[0, 0, 0, 0, 0, 0, 0, 0, 0, 0]",Optimal,-14.214285714285714,match,
random,26000+120,RND98,8,11,7,optimal,-34,-34,7,21,0.0006,6,0,0,0,4,0,"[0, 0, 0, 0, 0, 0, 0, 0, 0, 0]",Optimal,-34.0,match,
random,26000+120,RND99,2,4,3,optimal,-42,-42,1,2,0.0002,0,0,0,0,0,0,"[0, 0, 0, 0, 0, 0, 0, 0, 0, 0]",Optimal,-42.0,match,
random,31,RND0,5,3,3,optimal,21,21,3,2,0.0002,3,1,0,1,2,0,"[0, 0, 0, 0, 0, 0, 0, 0, 0, 0]",Optimal,21.0,match,
random,31,RND1,7,9,8,optimal,13.5,13.5,12,15,0.0005,18,3,0,3,5,0,"[0, 0, 0, 0, 0, 0, 0, 0, 0, 0]",Optimal,13.5,match,
random,31,RND2,6,6,5,optimal,18,18,3,8,0.0003,6,0,0,0,3,0,"[0, 0, 0, 0, 0, 0, 0, 0, 0, 0]",Optimal,18.0,match,
random,31,RND3,2,6,4,optimal,67,67,1,5,0.0002,2,0,0,0,0,0,"[0, 0, 0, 0, 0, 0, 0, 0, 0, 0]",Optimal,67.0,match,
random,31,RND4,7,4,2,optimal,-10,-10,1,3,0.0002,2,0,0,0,0,0,"[0, 0, 0, 0, 0, 0, 0, 0, 0, 0]",Optimal,-10.0,match,
random,31,RND5,8,5,1,optimal,5,5,1,2,0.0002,1,0,0,0,0,0,"[0, 0, 0, 0, 0, 0, 0, 0, 0, 0]",Optimal,5.0,match,
random,31,RND6,8,7,6,optimal,-43.5,-43.5,5,14,0.0005,12,1,0,1,4,0,"[0, 0, 0, 0, 0, 0, 0, 0, 0, 0]",Optimal,-43.5,match,
random,31,RND7,5,9,7,optimal,106.1875,106.1875,7,17,0.0004,9,0,0,0,6,0,"[0, 0, 0, 0, 0, 0, 0, 0, 0, 0]",Optimal,106.1875,match,
random,31,RND8,5,4,2,optimal,122,122,1,6,0.0001,1,0,0,0,0,0,"[0, 0, 0, 0, 0, 0, 0, 0, 0, 0]",Optimal,122.0,match,
random,31,RND9,2,6,4,optimal,-118,-118,1,6,0.0002,0,0,0,0,0,0,"[0, 0, 0, 0, 0, 0, 0, 0, 0, 0]",Optimal,-118.0,match,
random,31,RND10,5,10,6,optimal,-98.25,-98.25,5,12,0.0004,0,0,0,0,5,0,"[0, 0, 0, 0, 0, 0, 0, 0, 0, 0]",Optimal,-98.25,match,
random,31,RND11,3,3,1,optimal,-0.3333333333333335,-0.3333333333333335,1,2,0.0008,1,0,0,0,0,0,"[0, 0, 0, 0, 0, 0, 0, 0, 0, 0]",Optimal,-0.3333333333333335,match,
random,31,RND12,3,11,6,optimal,17.851851851851855,17.851851851851855,3,4,0.0002,7,0,0,0,0,0,"[0, 0, 0, 0, 0, 0, 0, 0, 0, 0]",Optimal,17.851851851851855,match,
random,31,RND13,6,3,1,infeasible,,,1,0,0.0001,0,1,0,1,0,0,"[0, 0, 0, 0, 0, 0, 0, 0, 0, 0]",Infeasible,0.0,match,
random,31,RND14,2,3,3,optimal,-84,-84,1,3,0.0001,2,0,0,0,0,0,"[0, 0, 0, 0, 0, 0, 0, 0, 0, 0]",Optimal,-84.0,match,
random,31,RND15,7,12,12,optimal,-60,-60,10,14,0.0006,21,1,0,1,21,0,"[0, 0, 0, 0, 0, 0, 0, 0, 0, 0]",Optimal,-60.0,match,
random,31,RND16,8,7,6,optimal,8,8,5,9,0.0005,11,0,0,0,3,0,"[0, 0, 0, 0, 0, 0, 0, 0, 0, 0]",Optimal,8.0,match,
random,31,RND17,6,9,5,optimal,-3.1333333333333337,-3.1333333333333337,9,16,0.0005,9,0,0,0,3,0,"[0, 0, 0, 0, 0, 0, 0, 0, 0, 0]",Optimal,-3.1333333333333364,match,
random,31,RND18,7,4,3,optimal,3,3,1,1,0.0002,2,0,0,0,0,0,"[0, 0, 0, 0, 0, 0, 0, 0, 0, 0]",Optimal,3.0,match,
random,31,RND19,5,6,2,optimal,50.54464285714286,50.54464285714286,1,5,0.0002,1,0,0,0,0,0,"[0, 0, 0, 0, 0, 0, 0, 0, 0, 0]",Optimal,50.54464285714286,match,
random,31,RND20,2,8,7,optimal,-226,-226,1,9,0.0002,0,0,0,0,0,0,"[0, 0, 0, 0, 0, 0, 0, 0, 0, 0]",Optimal,-226.0,match,
random,31,RND21,5,6,4,infeasible,,,1,0,0.0001,0,1,0,1,0,0,"[0, 0, 0, 0, 0, 0, 0, 0, 0, 0]",Infeasible,0.0,match,
random,31,RND22,8,7,4,optimal,-104.25,-104.25,3,13,0.0003,2,1,0,1,3,0,"[0, 0, 0, 0, 0, 0, 0, 0, 0, 0]",Optimal,-104.25,match,
random,31,RND23,2,4,4,optimal,-14,-14,1,1,0.0002,2,0,0,0,0,0,"[0, 0, 0, 0, 0, 0, 0, 0, 0, 0]",Optimal,-14.0,match,
random,31,RND24,6,11,8,optimal,-34,-34,3,11,0.0003,7,1,0,1,6,0,"[0, 0, 0, 0, 0, 0, 0, 0, 0, 0]",Optimal,-34.0,match,
random,31,RND25,8,11,8,optimal,-27.1,-27.1,19,40,0.0017,11,0,0,0,6,0,"[0, 0, 0, 0, 0, 0, 0, 0, 0, 0]",Optimal,-27.100000000000005,match,
random,31,RND26,5,9,7,optimal,158,158,5,15,0.0004,4,0,0,0,5,0,"[0, 0, 0, 0, 0, 0, 0, 0, 0, 0]",Optimal,158.0,match,
random,31,RND27,2,4,3,optimal,-8,-8,3,3,0.0005,3,1,0,1,2,0,"[0, 0, 0, 0, 0, 0, 0, 0, 0, 0]",Optimal,-8.0,match,
random,31,RND28,8,4,2,optimal,-26,-26,3,10,0.0003,1,0,0,0,0,0,"[0, 0, 0, 0, 0, 0, 0, 0, 0, 0]",Optimal,-26.0,match,
random,31,RND29,4,12,8,optimal,-117,-117,20,38,0.0006,34,0,0,0,18,0,"[0, 0, 0, 0, 0, 0, 0, 0, 0, 0]",Optimal,-117.0,match,
random,31,RND30,3,10,8,optimal,246,246,1,8,0.0002,1,0,0,0,0,0,"[0, 0, 0, 0, 0, 0, 0, 0, 0, 0]",Optimal,246.0,match,
random,31,RND31,2,6,5,optimal,-14,-14,1,1,0.0001,2,0,0,0,0,0,"[0, 0, 0, 0, 0, 0, 0, 0, 0, 0]",Optimal,-14.0,match,
random,31,RND32,2,3,2,optimal,-54,-54,1,2,0.0001,1,0,0,0,0,0,"[0, 0, 0, 0, 0, 0, 0, 0, 0, 0]",Optimal,-54.0,match,
random,31,RND33,2,4,3,optimal,-44,-44,1,3,0.0001,0,0,0,0,0,0,"[0, 0, 0, 0, 0, 0, 0, 0, 0, 0]",Optimal,-44.0,match,
random,31,RND34,2,4,3,infeasible,,,1,0,0.0001,0,1,0,1,0,0,"[0, 0, 0, 0, 0, 0, 0, 0, 0, 0]",Infeasible,0.0,match,
random,31,RND35,4,3,3,optimal,-11,-11,1,4,0.0001,2,0,0,0,0,0,"[0, 0, 0, 0, 0, 0, 0, 0, 0, 0]",Optimal,-11.0,match,
random,31,RND36,8,3,2,infeasible,,,1,0,0.0001,0,1,0,1,0,0,"[0, 0, 0, 0, 0, 0, 0, 0, 0, 0]",Infeasible,0.0,match,
random,31,RND37,7,9,7,optimal,17.857142857142858,17.857142857142858,8,18,0.0006,12,0,0,0,5,0,"[0, 0, 0, 0, 0, 0, 0, 0, 0, 0]",Optimal,17.857142857142858,match,
random,31,RND38,3,10,5,optimal,70,70,1,8,0.0002,1,0,0,0,0,0,"[0, 0, 0, 0, 0, 0, 0, 0, 0, 0]",Optimal,70.0,match,
random,31,RND39,5,6,6,optimal,-21,-21,5,7,0.0004,11,0,0,0,4,0,"[0, 0, 0, 0, 0, 0, 0, 0, 0, 0]",Optimal,-21.0,match,
random,31,RND40,2,3,2,optimal,-12,-12,1,3,0.0001,0,0,0,0,0,0,"[0, 0, 0, 0, 0, 0, 0, 0, 0, 0]",Optimal,-12.0,match,
random,31,RND41,3,3,3,optimal,-52,-52,1,2,0.0002,2,0,0,0,0,0,"[0, 0, 0, 0, 0, 0, 0, 0, 0, 0]",Optimal,-52.0,match,
random,31,RND42,4,4,3,optimal,-39,-39,1,5,0.0002,3,0,0,0,0,0,"[0, 0, 0, 0, 0, 0, 0, 0, 0, 0]",Optimal,-39.0,match,
random,31,RND43,3,4,2,optimal,-85.66666666666667,-85.66666666666667,3,5,0.0002,1,0,0,0,0,0,"[0, 0, 0, 0, 0, 0, 0, 0, 0, 0]",Optimal,-85.66666666666667,match,
random,31,RND44,2,8,7,optimal,-116,-116,4,10,0.0002,3,0,0,0,0,0,"[0, 0, 0, 0, 0, 0, 0, 0, 0, 0]",Optimal,-116.0,match,
random,31,RND45,6,12,10,optimal,48,48,8,20,0.0004,18,0,0,0,6,0,"[0, 0, 0, 0, 0, 0, 0, 0, 0, 0]",Optimal,48.0,match,
random,31,RND46,7,4,4,optimal,40,40,1,8,0.0002,4,0,0,0,0,0,"[0, 0, 0, 0, 0, 0, 0, 0, 0, 0]",Optimal,40.0,match,
random,31,RND47,5,10,7,optimal,44,44,13,19,0.0007,25,1,0,1,6,0,"[0, 0, 0, 0, 0, 0, 0, 0, 0, 0]",Optimal,44.0,match,
random,31,RND48,2,3,2,optimal,-41,-41,1,3,0.0001,0,0,0,0,0,0,"[0, 0, 0, 0, 0, 0, 0, 0, 0, 0]",Optimal,-41.0,match,
random,31,RND49,3,7,4,optimal,24.833333333333332,24.833333333333332,4,7,0.0002,3,0,0,0,0,0,"[0, 0, 0, 0, 0, 0, 0, 0, 0, 0]",Optimal,24.833333333333332,match,
random,31,RND50,5,5,3,optimal,37.77777777777778,37.77777777777778,3,4,0.0002,3,1,0,1,2,0,"[0, 0, 0, 0, 0, 0, 0, 0, 0, 0]",Optimal,37.77777777777778,match,
random,31,RND51,8,11,8,optimal,89.4047619047619,89.4047619047619,7,17,0.0005,11,1,0,1,6,0,"[0, 0, 0, 0, 0, 0, 0, 0, 0, 0]",Optimal,89.40476190476191,match,
random,31,RND52,7,11,10,optimal,21,21,37,71,0.0019,57,3,0,3,39,0,"[0, 0, 0, 0, 0, 0, 0, 0, 0, 0]",Optimal,20.99999999999999,match,
random,31,RND53,5,10,8,optimal,21,21,3,5,0.0002,7,1,0,1,6,0,"[0, 0, 0, 0, 0, 0, 0, 0, 0, 0]",Optimal,21.0,match,
random,31,RND54,7,10,9,optimal,37.142857142857146,37.142857142857146,17,42,0.0007,39,2,0,2,15,0,"[0, 0, 0, 0, 0, 0, 0, 0, 0, 0]",Optimal,37.142857142857146,match,
random,31,RND55,4,10,6,optimal,-113.57142857142857,-113.57142857142857,3,10,0.0002,6,0,0,0,0,0,"[0, 0, 0, 0, 0, 0, 0, 0, 0, 0]",Optimal,-113.57142857142857,match,
random,31,RND56,4,8,6,optimal,-76,-76,3,11,0.0021,5,1,0,1,2,0,"[0, 0, 0, 0, 0, 0, 0, 0, 0, 0]",Optimal,-76.0,match,
random,31,RND57,7,7,5,optimal,-20,-20,3,6,0.0002,4,1,0,1,0,0,"[0, 0, 0, 0, 0, 0, 0, 0, 0, 0]",Optimal,-20.0,match,
random,31,RND58,2,12,7,optimal,92,92,1,3,0.0002,1,0,0,0,0,0,"[0, 0, 0, 0, 0, 0, 0, 0, 0, 0]",Optimal,92.0,match,
random,31,RND59,2,5,5,optimal,6,6,1,1,0.0002,2,0,0,0,0,0,"[0, 0, 0, 0, 0, 0, 0, 0, 0, 0]",Optimal,6.0,match,
random,31,RND60,4,6,3,optimal,-12.333333333333334,-12.333333333333334,7,9,0.0004,3,0,0,0,2,0,"[0, 0, 0, 0, 0, 0, 0, 0, 0, 0]",Optimal,-12.333333333333334,match,
random,31,RND61,7,10,7,optimal,52.75,52.75,13,23,0.0008,9,1,0,1,11,0,"[0, 0, 0, 0, 0, 0, 0, 0, 0, 0]",Optimal,52.75,match,
random,31,RND62,4,5,5,optimal,-70,-70,3,8,0.0003,3,1,0,1,3,0,"[0, 0, 0, 0, 0, 0, 0, 0, 0, 0]",Optimal,-70.0,match,
random,31,RND63,8,3,2,infeasible,,,1,0,0.0002,0,1,0,1,0,0,"[0, 0, 0, 0, 0, 0, 0, 0, 0, 0]",Infeasible,0.0,match,
random,31,RND64,4,8,7,optimal,-39,-39,1,2,0.0005,4,0,0,0,0,0,"[0, 0, 0, 0, 0, 0, 0, 0, 0, 0]",Optimal,-39.0,match,
random,31,RND65,2,6,5,optimal,-31.5,-31.5,5,6,0.0002,0,0,0,0,3,0,"[0, 0, 0, 0, 0, 0, 0, 0, 0, 0]",Optimal,-31.5,match,
random,31,RND66,2,3,2,optimal,44,44,1,5,0.0001,2,0,0,0,0,0,"[0, 0, 0, 0, 0, 0, 0, 0, 0, 0]",Optimal,44.0,match,
random,31,RND67,3,6,3,optimal,-121,-121,4,11,0.0002,1,0,0,0,0,0,"[0, 0, 0, 0, 0, 0, 0, 0, 0, 0]",Optimal,-121.0,match,
random,31,RND68,8,3,2,infeasible,,,1,1,0.0001,1,0,0,0,0,0,"[0, 0, 0, 0, 0, 0, 0, 0, 0, 0]",Infeasible,0.0,match,
random,31,RND69,5,6,6,optimal,12,12,3,7,0.0003,4,0,0,0,0,0,"[0, 0, 0, 0, 0, 0, 0, 0, 0, 0]",Optimal,12.0,match,
random,31,RND70,4,12,5,optimal,58.125,58.125,1,4,0.0002,3,0,0,0,0,0,"[0, 0, 0, 0, 0, 0, 0, 0, 0, 0]",Optimal,58.125,match,
random,31,RND71,2,4,2,optimal,-2,-2,1,1,0.0001,2,0,0,0,0,0,"[0, 0, 0, 0, 0, 0, 0, 0, 0, 0]",Optimal,-2.0,match,
random,31,RND72,7,3,1,optimal,2,2,1,2,0.0001,1,0,0,0,0,0,"[0, 0, 0, 0, 0, 0, 0, 0, 0, 0]",Optimal,2.0,match,
random,31,RND73,7,7,5,optimal,-23,-23,1,2,0.0002,5,0,0,0,0,0,"[0, 0, 0, 0, 0, 0, 0, 0, 0, 0]",Optimal,-23.0,match,
random,31,RND74,7,11,7,optimal,-47,-47,5,11,0.0003,9,0,0,0,0,0,"[0, 0, 0, 0, 0, 0, 0, 0, 0, 0]",Optimal,-47.0,match,
random,31,RND75,7,11,9,optimal,67.5,67.5,13,26,0.0007,18,0,0,0,15,0,"[0, 0, 0, 0, 0, 0, 0, 0, 0, 0]",Optimal,67.5,match,
random,31,RND76,8,3,2,infeasible,,,1,4,0.0002,2,0,0,0,0,0,"[0, 0, 0, 0, 0, 0, 0, 0, 0, 0]",Infeasible,0.0,match,
random,31,RND77,5,9,6,optimal,142,142,5,8,0.0003,4,1,0,1,6,0,"[0, 0, 0, 0, 0, 0, 0, 0, 0, 0]",Optimal,142.0,match,
random,31,RND78,8,9,5,optimal,60.47747747747748,60.47747747747748,5,12,0.0006,4,0,0,0,3,0,"[0, 0, 0, 0, 0, 0, 0, 0, 0, 0]",Optimal,60.477477477477485,match,
random,31,RND79,8,10,5,optimal,-34.93333333333334,-34.93333333333334,3,13,0.0005,4,0,0,0,4,0,"[0, 0, 0, 0, 0, 0, 0, 0, 0, 0]",Optimal,-34.93333333333334,match,
random,31,RND80,7,3,2,optimal,-2,-2,5,8,0.0004,3,0,0,0,1,0,"[0, 0, 0, 0, 0, 0, 0, 0, 0, 0]",Optimal,-2.0,match,
random,31,RND81,6,5,4,infeasible,,,1,1,0.0002,4,0,0,0,0,0,"[0, 0, 0, 0, 0, 0, 0, 0, 0, 0]",Infeasible,0.0,match,
random,31,RND82,5,7,5,optimal,-10.428571428571429,-10.428571428571429,1,8,0.0002,4,0,0,0,0,0,"[0, 0, 0, 0, 0, 0, 0, 0, 0, 0]",Optimal,-10.428571428571429,match,
random,31,RND83,3,12,10,optimal,-104,-104,7,15,0.0004,7,2,0,2,15,0,"[0, 0, 0, 0, 0, 0, 0, 0, 0, 0]",Optimal,-104.0,match,
random,31,RND84,2,10,8,optimal,-228,-228,1,7,0.0002,0,0,0,0,0,0,"[0, 0, 0, 0, 0, 0, 0, 0, 0, 0]",Optimal,-228.0,match,
random,31,RND85,3,9,6,optimal,81.25,81.25,5,11,0.0004,5,0,0,0,4,0,"[0, 0, 0, 0, 0, 0, 0, 0, 0, 0]",Optimal,81.25,match,
random,31,RND86,2,5,3,optimal,90,90,1,3,0.0002,0,0,0,0,0,0,"[0, 0, 0, 0, 0, 0, 0, 0, 0, 0]",Optimal,90.0,match,
random,31,RND87,3,6,3,optimal,50,50,1,3,0.0002,1,0,0,0,0,0,"[0, 0, 0, 0, 0, 0, 0, 0, 0, 0]",Optimal,50.0,match,
random,31,RND88,7,3,2,optimal,-12,-12,6,7,0.0004,5,0,0,0,0,0,"[0, 0, 0, 0, 0, 0, 0, 0, 0, 0]",Optimal,-12.0,match,
random,31,RND89,6,9,6,optimal,111.14814814814814,111.14814814814814,1,4,0.0003,4,0,0,0,0,0,"[0, 0, 0, 0, 0, 0, 0, 0, 0, 0]",Optimal,111.14814814814814,match,
random,31,RND90,5,6,5,optimal,46,46,5,11,0.0004,9,1,0,1,4,0,"[0, 0, 0, 0, 0, 0, 0, 0, 0, 0]",Optimal,46.0,match,
random,31,RND91,6,6,6,optimal,-1,-1,1,3,0.0002,6,0,0,0,0,0,"[0, 0, 0, 0, 0, 0, 0, 0, 0, 0]",Optimal,-1.0,match,
random,31,RND92,4,5,5,optimal,60,60,6,8,0.0003,10,0,0,0,3,0,"[0, 0, 0, 0, 0, 0, 0, 0, 0, 0]",Optimal,60.0,match,
random,31,RND93,3,11,9,optimal,-142.5,-142.5,1,5,0.0002,3,0,0,0,0,0,"[0, 0, 0, 0, 0, 0, 0, 0, 0, 0]",Optimal,-142.5,match,
random,31,RND94,2,8,5,optimal,163,163,1,5,0.0002,1,0,0,0,0,0,"[0, 0, 0, 0, 0, 0, 0, 0, 0, 0]",Optimal,163.0,match,
random,31,RND95,5,8,6,optimal,25.5,25.5,7,17,0.0005,10,1,0,1,0,0,"[0, 0, 0, 0, 0, 0, 0, 0, 0, 0]",Optimal,25.5,match,
random,31,RND96,7,8,6,optimal,-37.5,-37.5,21,24,0.0014,18,0,0,0,12,0,"[0, 0, 0, 0, 0, 0, 0, 0, 0, 0]",Optimal,-37.5,match,
random,31,RND97,6,10,8,optimal,-3.1428571428571423,-3.1428571428571423,20,29,0.0011,34,1,0,1,20,0,"[0, 0, 0, 0, 0, 0, 0, 0, 0, 0]",Optimal,-3.142857142857143,match,
random,31,RND98,4,12,10,optimal,147,147,3,10,0.0004,8,0,0,0,0,0,"[0, 0, 0, 0, 0, 0, 0, 0, 0, 0]",Optimal,147.0,match,
random,31,RND99,7,5,3,optimal,48.25,48.25,1,3,0.0002,2,0,0,0,0,0,"[0, 0, 0, 0, 0, 0, 0, 0, 0, 0]",Optimal,48.25,match,
random,47,RND0,2,8,8,optimal,63,63,7,8,0.0003,16,1,0,1,6,0,"[0, 0, 0, 0, 0, 0, 0, 0, 0, 0]",Optimal,63.0,match,
random,47,RND1,2,12,9,optimal,191,191,7,9,0.0003,6,1,0,1,16,0,"[0, 0, 0, 0, 0, 0, 0, 0, 0, 0]",Optimal,191.0,match,
random,47,RND2,4,11,7,optimal,116.05555555555556,116.05555555555556,3,9,0.0004,4,0,0,0,0,0,"[0, 0, 0, 0, 0, 0, 0, 0, 0, 0]",Optimal,116.05555555555556,match,
random,47,RND3,3,9,6,optimal,-82,-82,4,10,0.0005,9,0,0,0,5,0,"[0, 0, 0, 0, 0, 0, 0, 0, 0, 0]",Optimal,-82.0,match,
random,47,RND4,7,10,8,optimal,159,159,4,16,0.0005,10,0,0,0,0,0,"[0, 0, 0, 0, 0, 0, 0, 0, 0, 0]",Optimal,159.0,match,
random,47,RND5,6,3,2,optimal,28,28,3,5,0.0002,2,0,0,0,0,0,"[0, 0, 0, 0, 0, 0, 0, 0, 0, 0]",Optimal,28.0,match,
random,47,RND6,6,9,6,optimal,29.666666666666664,29.666666666666664,3,12,0.0003,11,0,0,0,0,0,"[0, 0, 0, 0, 0, 0, 0, 0, 0, 0]",Optimal,29.666666666666664,match,
random,47,RND7,7,11,9,optimal,-77.125,-77.125,12,19,0.0006,6,2,0,2,0,0,"[0, 0, 0, 0, 0, 0, 0, 0, 0, 0]",Optimal,-77.125,match,
random,47,RND8,5,11,8,optimal,73,73,15,26,0.0007,28,0,0,0,14,0,"[0, 0, 0, 0, 0, 0, 0, 0, 0, 0]",Optimal,73.0,match,
random,47,RND9,7,4,3,optimal,4,4,1,1,0.0002,3,0,0,0,0,0,"[0, 0, 0, 0, 0, 0, 0, 0, 0, 0]",Optimal,4.0,match,
random,47,RND10,3,5,3,optimal,84.66666666666667,84.66666666666667,1,3,0.0001,2,0,0,0,0,0,"[0, 0, 0, 0, 0, 0, 0, 0, 0, 0]",Optimal,84.66666666666667,match,
random,47,RND11,6,10,7,optimal,-50.4,-50.4,13,27,0.0009,20,0,0,0,7,0,"[0, 0, 0, 0, 0, 0, 0, 0, 0, 0]",Optimal,-50.399999999999984,match,
random,47,RND12,7,9,7,optimal,17,17,7,12,0.0007,8,0,0,0,7,0,"[0, 0, 0, 0, 0, 0, 0, 0, 0, 0]",Optimal,17.0,match,
random,47,RND13,4,8,6,optimal,-128,-128,1,8,0.0002,0,0,0,0,0,0,"[0, 0, 0, 0, 0, 0, 0, 0, 0, 0]",Optimal,-128.0,match,
random,47,RND14,8,5,3,optimal,113.33333333333333,113.33333333333333,1,3,0.0002,2,0,0,0,0,0,"[0, 0, 0, 0, 0, 0, 0, 0, 0, 0]",Optimal,113.33333333333333,match,
random,47,RND15,2,7,6,optimal,224,224,3,9,0.0003,0,1,0,1,5,0,"[0, 0, 0, 0, 0, 0, 0, 0, 0, 0]",Optimal,224.0,match,
random,47,RND16,3,10,8,optimal,-116,-116,4,11,0.0003,10,0,0,0,7,0,"[0, 0, 0, 0, 0, 0, 0, 0, 0, 0]",Optimal,-116.0,match,
random,47,RND17,6,11,7,optimal,-35,-35,9,20,0.0007,10,0,0,0,0,0,"[0, 0, 0, 0, 0, 0, 0, 0, 0, 0]",Optimal,-35.0,match,
random,47,RND18,7,9,8,optimal,-115,-115,16,29,0.0009,25,1,0,1,9,0,"[0, 0, 0, 0, 0, 0, 0, 0, 0, 0]",Optimal,-115.0,match,
random,47,RND19,6,10,7,optimal,-113,-113,5,17,0.0005,6,0,0,0,4,0,"[0, 0, 0, 0, 0, 0, 0, 0, 0, 0]",Optimal,-113.0,match,
random,47,RND20,4,9,6,optimal,123.5,123.5,2,4,0.0003,1,0,0,0,0,0,"[0, 0, 0, 0, 0, 0, 0, 0, 0, 0]",Optimal,123.5,match,
random,47,RND21,5,7,4,optimal,39.111111111111114,39.111111111111114,1,9,0.0003,0,0,0,0,0,0,"[0, 0, 0, 0, 0, 0, 0, 0, 0, 0]",Optimal,39.111111111111114,match,
random,47,RND22,3,11,10,optimal,-88.42857142857143,-88.42857142857143,9,15,0.0005,20,0,0,0,0,0,"[0, 0, 0, 0, 0, 0, 0, 0, 0, 0]",Optimal,-88.42857142857143,match,
random,47,RND23,4,3,3,optimal,13,13,1,3,0.0002,3,0,0,0,0,0,"[0, 0, 0, 0, 0, 0, 0, 0, 0, 0]",Optimal,13.0,match,
random,47,RND24,3,10,7,optimal,167,167,1,8,0.0003,2,0,0,0,0,0,"[0, 0, 0, 0, 0, 0, 0, 0, 0, 0]",Optimal,167.0,match,
random,47,RND25,5,9,9,optimal,58,58,13,26,0.0009,29,2,0,2,9,0,"[0, 0, 0, 0, 0, 0, 0, 0, 0, 0]",Optimal,58.0,match,
random,47,RND26,3,10,6,optimal,15,15,1,4,0.0002,0,0,0,0,0,0,"[0, 0, 0, 0, 0, 0, 0, 0, 0, 0]",Optimal,15.0,match,
random,47,RND27,4,3,3,optimal,36,36,1,1,0.0002,3,0,0,0,0,0,"[0, 0, 0, 0, 0, 0, 0, 0, 0, 0]",Optimal,36.0,match,
random,47,RND28,5,3,1,optimal,-3.428571428571427,-3.428571428571427,1,3,0.0002,0,0,0,0,0,0,"[0, 0, 0, 0, 0, 0, 0, 0, 0, 0]",Optimal,-3.428571428571427,match,
random,47,RND29,4,11,7,optimal,81,81,13,15,0.0006,16,2,0,2,5,0,"[0, 0, 0, 0, 0, 0, 0, 0, 0, 0]",Optimal,81.0,match,
random,47,RND30,3,6,4,optimal,0,0,1,0,0.0002,4,0,0,0,0,0,"[0, 0, 0, 0, 0, 0, 0, 0, 0, 0]",Optimal,-0.0,match,
random,47,RND31,5,4,1,optimal,42,42,1,6,0.0002,0,0,0,0,0,0,"[0, 0, 0, 0, 0, 0, 0, 0, 0, 0]",Optimal,42.0,match,
random,47,RND32,6,3,3,optimal,16,16,1,3,0.0002,1,0,0,0,0,0,"[0, 0, 0, 0, 0, 0, 0, 0, 0, 0]",Optimal,16.0,match,
random,47,RND33,3,12,8,optimal,55,55,1,6,0.0002,1,0,0,0,0,0,"[0, 0, 0, 0, 0, 0, 0, 0, 0, 0]",Optimal,55.0,match,
random,47,RND34,2,3,1,optimal,8,8,1,2,0.0001,1,0,0,0,0,0,"[0, 0, 0, 0, 0, 0, 0, 0, 0, 0]",Optimal,8.0,match,
random,47,RND35,8,10,9,optimal,-62,-62,5,15,0.0005,9,0,0,0,7,0,"[0, 0, 0, 0, 0, 0, 0, 0, 0, 0]",Optimal,-62.0,match,
random,47,RND36,6,10,7,optimal,-124,-124,3,9,0.0005,6,0,0,0,0,0,"[0, 0, 0, 0, 0, 0, 0, 0, 0, 0]",Optimal,-124.0,match,
random,47,RND37,6,12,8,optimal,68.5,68.5,4,14,0.0005,10,0,0,0,6,0,"[0, 0, 0, 0, 0, 0, 0, 0, 0, 0]",Optimal,68.5,match,
random,47,RND38,4,12,8,optimal,60,60,5,17,0.0004,4,0,0,0,7,0,"[0, 0, 0, 0, 0, 0, 0, 0, 0, 0]",Optimal,60.0,match,
random,47,RND39,3,12,5,optimal,-40.4,-40.4,3,8,0.0003,5,0,0,0,0,0,"[0, 0, 0, 0, 0, 0, 0, 0, 0, 0]",Optimal,-40.4,match,
random,47,RND40,8,9,6,optimal,52.532051282051285,52.532051282051285,15,26,0.0011,12,2,0,2,10,0,"[0, 0, 0, 0, 0, 0, 0, 0, 0, 0]",Optimal,52.532051282051285,match,
random,47,RND41,6,10,7,optimal,17.6,17.6,9,17,0.0008,10,0,0,0,6,0,"[0, 0, 0, 0, 0, 0, 0, 0, 0, 0]",Optimal,17.6,match,
random,47,RND42,8,4,4,optimal,7,7,5,7,0.0004,5,1,0,1,0,0,"[0, 0, 0, 0, 0, 0, 0, 0, 0, 0]",Optimal,7.0,match,
random,47,RND43,5,7,5,optimal,12.777777777777779,12.777777777777779,9,17,0.0006,12,1,0,1,3,0,"[0, 0, 0, 0, 0, 0, 0, 0, 0, 0]",Optimal,12.777777777777777,match,
random,47,RND44,2,9,6,optimal,77,77,3,6,0.0002,3,0,0,0,4,0,"[0, 0, 0, 0, 0, 0, 0, 0, 0, 0]",Optimal,77.0,match,
random,47,RND45,3,9,7,optimal,-44.42857142857143,-44.42857142857143,4,6,0.0003,3,0,0,0,0,0,"[0, 0, 0, 0, 0, 0, 0, 0, 0, 0]",Optimal,-44.42857142857142,match,
random,47,RND46,8,6,5,optimal,-18,-18,1,2,0.0002,4,0,0,0,0,0,"[0, 0, 0, 0, 0, 0, 0, 0, 0, 0]",Optimal,-18.0,match,
random,47,RND47,3,6,3,optimal,-99,-99,1,3,0.0002,0,0,0,0,0,0,"[0, 0, 0, 0, 0, 0, 0, 0, 0, 0]",Optimal,-99.0,match,
random,47,RND48,6,6,4,optimal,-20,-20,1,6,0.0002,2,0,0,0,0,0,"[0, 0, 0, 0, 0, 0, 0, 0, 0, 0]",Optimal,-20.0,match,
random,47,RND49,8,4,3,optimal,67.8,67.8,3,5,0.0003,2,0,0,0,0,0,"[0, 0, 0, 0, 0, 0, 0, 0, 0, 0]",Optimal,67.8,match,
random,47,RND50,7,6,5,infeasible,,,1,0,0.0002,0,1,0,1,0,0,"[0, 0, 0, 0, 0, 0, 0, 0, 0, 0]",Infeasible,0.0,match,
random,47,RND51,4,6,4,optimal,-32,-32,1,2,0.0002,1,0,0,0,0,0,"[0, 0, 0, 0, 0, 0, 0, 0, 0, 0]",Optimal,-32.0,match,
random,47,RND52,5,4,2,optimal,32,32,1,1,0.0002,1,0,0,0,0,0,"[0, 0, 0, 0, 0, 0, 0, 0, 0, 0]",Optimal,32.0,match,
random,47,RND53,5,4,1,optimal,23,23,1,4,0.0002,1,0,0,0,0,0,"[0, 0, 0, 0, 0, 0, 0, 0, 0, 0]",Optimal,23.0,match,
random,47,RND54,4,12,10,optimal,68,68,5,10,0.0004,15,0,0,0,0,0,"[0, 0, 0, 0, 0, 0, 0, 0, 0, 0]",Optimal,68.0,match,
random,47,RND55,7,9,4,optimal,72.5,72.5,5,9,0.0004,5,0,0,0,3,0,"[0, 0, 0, 0, 0, 0, 0, 0, 0, 0]",Optimal,72.5,match,
random,47,RND56,6,5,1,optimal,36.333333333333336,36.333333333333336,1,8,0.0002,0,0,0,0,0,0,"[0, 0, 0, 0, 0, 0, 0, 0, 0, 0]",Optimal,36.333333333333336,match,
random,47,RND57,6,9,5,optimal,86.66666666666667,86.66666666666667,7,12,0.0006,8,0,0,0,0,0,"[0, 0, 0, 0, 0, 0, 0, 0, 0, 0]",Optimal,86.66666666666667,match,
random,47,RND58,2,12,10,optimal,-52,-52,3,3,0.0003,5,0,0,0,9,0,"[0, 0, 0, 0, 0, 0, 0, 0, 0, 0]",Optimal,-52.0,match,
random,47,RND59,4,12,7,optimal,-159.2,-159.2,3,12,0.0003,4,0,0,0,6,0,"[0, 0, 0, 0, 0, 0, 0, 0, 0, 0]",Optimal,-159.2,match,
random,47,RND60,5,8,5,optimal,-241.875,-241.875,1,12,0.0004,0,0,0,0,0,0,"[0, 0, 0, 0, 0, 0, 0, 0, 0, 0]",Optimal,-241.875,match,
random,47,RND61,2,11,9,optimal,-91,-91,1,8,0.0003,0,0,0,0,0,0,"[0, 0, 0, 0, 0, 0, 0, 0, 0, 0]",Optimal,-91.0,match,
random,47,RND62,8,10,7,optimal,-54.75,-54.75,9,22,0.0008,18,0,0,0,4,0,"[0, 0, 0, 0, 0, 0, 0, 0, 0, 0]",Optimal,-54.75,match,
random,47,RND63,3,11,8,optimal,136,136,1,13,0.0003,0,0,0,0,0,0,"[0, 0, 0, 0, 0, 0, 0, 0, 0, 0]",Optimal,136.0,match,
random,47,RND64,2,12,7,optimal,-11,-11,5,5,0.0004,10,0,0,0,6,0,"[0, 0, 0, 0, 0, 0, 0, 0, 0, 0]",Optimal,-11.000000000000002,match,
random,47,RND65,8,4,2,optimal,-6.857142857142858,-6.857142857142858,1,2,0.0002,1,0,0,0,0,0,"[0, 0, 0, 0, 0, 0, 0, 0, 0, 0]",Optimal,-6.857142857142858,match,
random,47,RND66,6,5,2,optimal,-111,-111,1,4,0.0002,1,0,0,0,0,0,"[0, 0, 0, 0, 0, 0, 0, 0, 0, 0]",Optimal,-111.0,match,
random,47,RND67,8,7,4,optimal,-18,-18,1,1,0.0002,3,0,0,0,0,0,"[0, 0, 0, 0, 0, 0, 0, 0, 0, 0]",Optimal,-18.0,match,
random,47,RND68,8,7,5,optimal,28.142857142857142,28.142857142857142,7,15,0.0005,8,1,0,1,2,0,"[0, 0, 0, 0, 0, 0, 0, 0, 0, 0]",Optimal,28.142857142857146,match,
random,47,RND69,5,10,8,optimal,-103.75,-103.75,3,13,0.0004,5,0,0,0,0,0,"[0, 0, 0, 0, 0, 0, 0, 0, 0, 0]",Optimal,-103.75,match,
random,47,RND70,8,12,7,optimal,71.11111111111111,71.11111111111111,3,19,0.0004,4,0,0,0,0,0,"[0, 0, 0, 0, 0, 0, 0, 0, 0, 0]",Optimal,71.11111111111111,match,
random,47,RND71,6,9,9,optimal,29,29,12,19,0.0009,15,1,0,1,13,0,"[0, 0, 0, 0, 0, 0, 0, 0, 0, 0]",Optimal,29.0,match,
random,47,RND72,7,5,3,infeasible,,,1,3,0.0002,2,0,0,0,0,0,"[0, 0, 0, 0, 0, 0, 0, 0, 0, 0]",Infeasible,0.0,match,
random,47,RND73,3,5,2,optimal,-60.42857142857143,-60.42857142857143,1,3,0.0002,0,0,0,0,0,0,"[0, 0, 0, 0, 0, 0, 0, 0, 0, 0]",Optimal,-60.42857142857143,match,
random,47,RND74,3,12,6,optimal,120,120,1,4,0.0002,0,0,0,0,0,0,"[0, 0, 0, 0, 0, 0, 0, 0, 0, 0]",Optimal,120.0,match,
random,47,RND75,6,9,5,optimal,5.111111111111111,5.111111111111111,1,2,0.0003,5,0,0,0,0,0,"[0, 0, 0, 0, 0, 0, 0, 0, 0, 0]",Optimal,5.111111111111111,match,
random,47,RND76,4,11,9,optimal,40,40,3,5,0.0004,8,0,0,0,7,0,"[0, 0, 0, 0, 0, 0, 0, 0, 0, 0]",Optimal,40.0,match,
random,47,RND77,6,4,2,infeasible,,,1,3,0.0002,1,0,0,0,0,0,"[0, 0, 0, 0, 0, 0, 0, 0, 0, 0]",Infeasible,0.0,match,
random,47,RND78,7,8,7,optimal,51.375,51.375,7,14,0.0004,8,0,0,0,4,0,"[0, 0, 0, 0, 0, 0, 0, 0, 0, 0]",Optimal,51.375,match,
random,47,RND79,6,7,5,optimal,-73,-73,1,7,0.0002,3,0,0,0,0,0,"[0, 0, 0, 0, 0, 0, 0, 0, 0, 0]",Optimal,-73.0,match,
random,47,RND80,7,5,4,optimal,2,2,5,10,0.0003,7,0,0,0,0,0,"[0, 0, 0, 0, 0, 0, 0, 0, 0, 0]",Optimal,2.0,match,
random,47,RND81,3,9,6,optimal,-99,-99,3,10,0.0003,2,0,0,0,4,0,"[0, 0, 0, 0, 0, 0, 0, 0, 0, 0]",Optimal,-99.0,match,
random,47,RND82,6,10,8,optimal,-6,-6,3,6,0.0002,8,0,0,0,5,0,"[0, 0, 0, 0, 0, 0, 0, 0, 0, 0]",Optimal,-6.0,match,
random,47,RND83,3,12,9,optimal,25,25,9,13,0.0004,7,2,0,2,9,0,"[0, 0, 0, 0, 0, 0, 0, 0, 0, 0]",Optimal,25.0,match,
random,47,RND84,7,3,2,optimal,-35,-35,1,5,0.0001,1,0,0,0,0,0,"[0, 0, 0, 0, 0, 0, 0, 0, 0, 0]",Optimal,-35.0,match,
random,47,RND85,2,9,7,optimal,63,63,1,7,0.0002,0,0,0,0,0,0,"[0, 0, 0, 0, 0, 0, 0, 0, 0, 0]",Optimal,63.0,match,
random,47,RND86,3,7,4,optimal,61,61,1,6,0.0002,1,0,0,0,0,0,"[0, 0, 0, 0, 0, 0, 0, 0, 0, 0]",Optimal,61.0,match,
random,47,RND87,4,8,5,optimal,-150,-150,3,11,0.0002,4,0,0,0,0,0,"[0, 0, 0, 0, 0, 0, 0, 0, 0, 0]",Optimal,-150.0,match,
random,47,RND88,7,12,10,optimal,47,47,3,13,0.0004,4,0,0,0,7,0,"[0, 0, 0, 0, 0, 0, 0, 0, 0, 0]",Optimal,47.0,match,
random,47,RND89,3,7,4,optimal,-63,-63,1,6,0.0002,0,0,0,0,0,0,"[0, 0, 0, 0, 0, 0, 0, 0, 0, 0]",Optimal,-63.0,match,
random,47,RND90,6,6,4,optimal,15,15,5,8,0.0003,5,0,0,0,0,0,"[0, 0, 0, 0, 0, 0, 0, 0, 0, 0]",Optimal,15.0,match,
random,47,RND91,2,10,8,optimal,-32,-32,3,5,0.0002,7,0,0,0,0,0,"[0, 0, 0, 0, 0, 0, 0, 0, 0, 0]",Optimal,-32.0,match,
random,47,RND92,2,11,6,optimal,-74,-74,3,9,0.0002,5,0,0,0,0,0,"[0, 0, 0, 0, 0, 0, 0, 0, 0, 0]",Optimal,-74.0,match,
random,47,RND93,5,8,5,optimal,50,50,1,12,0.0003,2,0,0,0,0,0,"[0, 0, 0, 0, 0, 0, 0, 0, 0, 0]",Optimal,50.0,match,
random,47,RND94,2,5,5,optimal,-20,-20,3,4,0.0002,4,1,0,1,3,0,"[0, 0, 0, 0, 0, 0, 0, 0, 0, 0]",Optimal,-20.0,match,
random,47,RND95,4,5,4,optimal,0,0,1,2,0.0001,1,0,0,0,0,0,"[0, 0, 0, 0, 0, 0, 0, 0, 0, 0]",Optimal,-0.0,match,
random,47,RND96,5,3,2,optimal,-20,-20,1,3,0.0002,1,0,0,0,0,0,"[0, 0, 0, 0, 0, 0, 0, 0, 0, 0]",Optimal,-20.0,match,
random,47,RND97,5,7,7,optimal,-39,-39,3,6,0.0003,9,0,0,0,0,0,"[0, 0, 0, 0, 0, 0, 0, 0, 0, 0]",Optimal,-39.0,match,
random,47,RND98,3,11,8,optimal,56.5,56.5,3,6,0.0002,5,0,0,0,7,0,"[0, 0, 0, 0, 0, 0, 0, 0, 0, 0]",Optimal,56.5,match,
random,47,RND99,2,6,4,optimal,-30,-30,1,2,0.0002,0,0,0,0,0,0,"[0, 0, 0, 0, 0, 0, 0, 0, 0, 0]",Optimal,-30.0,match,
