instance,rows,cols,status,objective,ref_objective,ref_status,rel_err,primal_res,dual_res,gap,iterations,chk_objective,chk_row_viol,chk_bound_viol,chk_row_viol_abs,chk_bound_viol_abs,wall_s,ref_wall_s,verdict,reason
AUG3D,1000,3873,optimal,554.0677260772763,554.0677257925397,Optimal,5.139022359498379e-10,1.512e-09,4.441e-16,5.13e-10,1,554.0677260772791,1.5118857277229836e-09,0.0,3.023771455445967e-09,0.0,0.028,54.184,pass,
AUG3DC,1000,3873,optimal,771.2624386889747,771.2624386889654,Optimal,1.2087092830579317e-14,4.108e-15,4.441e-16,2.179e-14,1,771.2624386889552,4.107825191113079e-15,0.0,8.215650382226158e-15,0.0,0.03,56.426,pass,
AUG3DCQP,1000,3873,optimal,993.3621479110739,993.3621465250958,Optimal,1.395239461645873e-09,1.186e-12,0.0,2.191e-09,11,993.3621479110848,1.1861622795095172e-12,0.0,2.3723245590190345e-12,0.0,0.065,58.209,pass,
AUG3DQP,1000,3873,optimal,675.2376724991086,675.237671274926,Optimal,1.812965492223012e-09,8.882e-16,0.0,3.863e-09,12,675.2376724991118,8.881784197001252e-16,0.0,1.7763568394002505e-15,0.0,0.055,13.522,pass,
CONT-050,2401,2597,optimal,-4.563850904303262,-4.563850868314486,Optimal,7.885616213555125e-09,7.923e-15,0.0,8.514e-11,9,-4.563850904303299,7.923280638290892e-15,0.0,7.98666688339722e-15,0.0,0.133,1.899,pass,
CVXQP1_M,500,1000,optimal,1087511.5720654752,1087511.567321501,Optimal,4.362228718071994e-09,2.402e-10,0.0,7.434e-09,12,1087511.572065475,2.402200343405119e-10,0.0,1.6815402403835833e-09,0.0,0.118,0.103,pass,
CVXQP1_S,50,100,optimal,11590.718134411447,11590.718119426765,Optimal,1.2928173868869788e-09,3.855e-12,0.0,3.197e-09,9,11590.718134411443,3.855455637286858e-12,0.0,2.6988189461008005e-11,0.0,0.002,0.003,pass,
CVXQP2_M,250,1000,optimal,820155.432173013,820155.4310157005,Optimal,1.4110892811015488e-09,2.199e-11,0.0,7.955e-09,9,820155.4321730112,2.19859686012569e-11,0.0,1.539017802087983e-10,0.0,0.053,0.081,pass,
CVXQP2_S,25,100,optimal,8120.940479792419,8120.940477250686,Optimal,3.129850560843828e-10,3.095e-12,0.0,9.726e-09,7,8120.940479792417,3.0947942621293936e-12,0.0,2.1663559834905755e-11,0.0,0.002,0.002,pass,
CVXQP3_M,750,1000,optimal,1362828.7418265091,1362828.741602146,Optimal,1.646304131667371e-10,1.034e-10,0.0,2.65e-10,14,1362828.7418265087,1.0340287356517105e-10,0.0,7.238201149561974e-10,0.0,0.165,0.128,pass,
CVXQP3_S,75,100,optimal,11943.432269280167,11943.432202309958,Optimal,5.607283426670178e-09,3.853e-11,0.0,5.679e-09,8,11943.432269280167,3.853273256027023e-11,0.0,2.6972912792189163e-10,0.0,0.002,0.003,pass,
DPKLO1,77,133,optimal,0.37009621711427004,0.7125222100437303,Optimal,0.34242599292946024,2.108e-14,2.241e-16,1.661e-15,2,0.37009621711427,36.533826499999996,0.0,36.533826499999996,0.0,0.003,0.002,FAIL,objective 0.37009621711427004 vs HiGHS 0.7125222100437303 (rel err 0.342); violation row 36.5 bound 0
DUAL1,1,85,optimal,0.03501296621894708,0.03501296573347797,Optimal,4.854691093569841e-10,1.11e-16,0.0,5.235e-10,11,0.035012966218947124,1.1102230246251565e-16,0.0,2.220446049250313e-16,0.0,0.011,0.003,pass,
DUAL2,1,96,optimal,0.033733676433338494,0.03373367612271829,Optimal,3.1062020316996453e-10,0.0,0.0,3.638e-09,8,0.033733676433338404,0.0,0.0,0.0,0.0,0.012,0.004,pass,
DUAL3,1,111,optimal,0.13575583819973483,0.13575583686602166,Optimal,1.3337131676838254e-09,3.331e-16,0.0,2.515e-09,9,0.13575583819973433,3.3306690738754696e-16,0.0,6.661338147750939e-16,0.0,0.012,0.004,pass,
DUAL4,1,75,optimal,0.7460908422118104,0.7460908418021004,Optimal,4.0971004366952e-10,1.11e-16,0.0,4.594e-09,8,0.7460908422118105,1.1102230246251565e-16,0.0,2.220446049250313e-16,0.0,0.007,0.002,pass,
DUALC1,215,9,optimal,6155.250829960942,6155.250829462688,Optimal,8.094778803416662e-11,1.11e-16,0.0,1.954e-09,9,6155.250829960942,1.1102230246251565e-16,0.0,2.220446049250313e-16,0.0,0.005,0.002,pass,
DUALC2,229,7,optimal,3551.307692714081,3551.3076926706444,Optimal,1.2231144474363538e-11,0.0,0.0,8.013e-10,8,3551.307692714081,0.0,0.0,0.0,0.0,0.004,0.002,pass,
DUALC5,278,8,optimal,427.2323271160742,427.23232677638873,Optimal,7.950837274549096e-10,0.0,0.0,1.048e-09,9,427.23232711607415,0.0,0.0,0.0,0.0,0.006,0.002,pass,
DUALC8,503,8,optimal,18309.358832915008,18309.358832734157,Optimal,9.877527886711723e-12,0.0,0.0,1.327e-09,9,18309.358832915,0.0,0.0,0.0,0.0,0.01,0.003,pass,
GENHS28,8,10,optimal,0.9271736938128764,0.9271736937663909,Optimal,4.6485482130265154e-11,6.046e-10,3.331e-16,2.412e-11,1,0.9271736938128764,6.045536293797227e-10,0.0,1.2091072587594454e-09,0.0,0.0,0.0,pass,
GOULDQP2,349,699,optimal,0.00018427762093497086,0.00018820251727912074,Optimal,3.9248963441498755e-06,1.51e-14,0.0,7.063e-09,14,0.00018427762093495975,1.509903313490213e-14,0.0,1.509903313490213e-14,0.0,0.008,0.268,FAIL,objective 0.00018427762093497086 vs HiGHS 0.00018820251727912074 (rel err 3.92e-06)
GOULDQP3,349,699,optimal,2.0627839714034053,2.062783971803583,Optimal,1.9399882597991852e-10,3.442e-15,0.0,3.207e-11,14,2.0627839714943548,3.4416913763379853e-15,0.0,3.4416913763379853e-15,0.0,0.01,0.055,pass,
HS118,17,15,optimal,664.8204500679674,664.8204499999999,Optimal,1.022342928202535e-10,0.0,0.0,1.997e-10,10,664.8204500679674,0.0,0.0,0.0,0.0,0.001,0.001,pass,
HS21,1,2,optimal,-99.95999999865774,-99.96,Optimal,1.3427949784063375e-11,0.0,0.0,1.591e-11,6,-99.95999999865774,0.0,0.0,0.0,0.0,0.0,0.0,pass,
HS268,5,5,optimal,4.058165359310806e-09,3.637978807091713e-12,Optimal,4.054527380503714e-09,0.0,2.204e-16,8.738e-09,16,4.050889401696622e-09,0.0,0.0,0.0,0.0,0.0,0.001,pass,
HS35,1,3,optimal,0.11111111112676753,0.11111111111111605,Optimal,1.5651480111955607e-11,0.0,0.0,7.571e-11,8,0.11111111112676575,0.0,0.0,0.0,0.0,0.0,0.0,pass,
HS35MOD,1,3,optimal,0.2500000019283686,0.25000000000000266,Optimal,1.928365911396668e-09,0.0,0.0,3.287e-09,12,0.2500000019283686,0.0,0.0,0.0,0.0,0.0,0.0,pass,
HS51,3,5,optimal,0,0.0,Optimal,0.0,7.866e-10,1.499e-16,8.882e-16,1,-8.881784197001252e-16,7.865782469806959e-10,0.0,7.865782469806959e-10,0.0,0.0,0.001,pass,
HS52,3,5,optimal,5.326647569047901,5.326647564469916,Optimal,8.594495969008568e-10,1.082e-09,1.776e-16,7.236e-10,1,5.326647569047901,1.0817529233486667e-09,0.0,1.0817529233486667e-09,0.0,0.0,0.001,pass,
HS53,3,5,optimal,4.093023255813954,4.093023255813954,Optimal,0.0,1.665e-16,0.0,1.597e-09,5,4.093023255813954,1.1102230246251565e-16,0.0,1.1102230246251565e-16,0.0,0.0,0.0,pass,
HS76,3,4,optimal,-4.681818171963492,-4.68181818181818,Optimal,2.1048847584009238e-09,0.0,0.0,3.574e-09,6,-4.681818171963492,0.0,0.0,0.0,0.0,0.0,0.001,pass,
KSIP,1001,20,optimal,0.5757979412744382,,Not Set,,0.0,1.529e-14,2.183e-09,16,0.5757979412744382,0.0,0.0,0.0,0.0,0.128,0.024,FAIL,no HiGHS reference (Not Set)
LASER,1000,1002,optimal,2409601.348321212,,Not Set,,0.0,2.795e-13,1.472e-09,18,2409601.3483211673,0.0,0.0,0.0,0.0,0.031,0.014,FAIL,no HiGHS reference (Not Set)
LOTSCHD,7,12,optimal,2398.4158958685175,2398.4158914488967,Optimal,1.8427249636615954e-09,2.339e-12,0.0,1.901e-09,7,2398.4158958685175,2.3385737790704297e-12,0.0,2.7903013233299134e-11,0.0,0.0,0.001,pass,
MOSARQP1,700,2500,optimal,-952.8754429137093,,Solve error,,0.0,0.0,2.526e-10,10,-952.8754429137022,0.0,0.0,0.0,0.0,0.034,4.712,FAIL,no HiGHS reference (Solve error)
MOSARQP2,600,900,optimal,-1597.4821166505355,,Time limit reached,,0.0,0.0,6.431e-10,10,-1597.4821166505362,0.0,0.0,0.0,0.0,0.022,300.002,FAIL,no HiGHS reference (Time limit reached)
PRIMAL1,85,325,optimal,-0.0350129656894941,-0.035012965733477314,Optimal,4.398321290510765e-11,0.0,2.412e-16,5.752e-10,9,-0.0350129656894941,0.0,0.0,0.0,0.0,0.013,0.031,pass,
PRIMAL2,96,649,optimal,-0.03373367606103322,-0.03373367612271849,Optimal,6.168527494354592e-11,0.0,5.36e-16,7.06e-11,7,-0.03373367606103322,0.0,0.0,0.0,0.0,0.018,0.065,pass,
PRIMAL3,111,745,optimal,-0.13575583044141426,-0.135755836866021,Optimal,6.424606735500049e-09,0.0,5.522e-15,9.268e-09,8,-0.13575583044141426,0.0,0.0,0.0,0.0,0.058,0.177,pass,
PRIMAL4,75,1489,optimal,-0.7460908306950607,-0.7460908418020976,Optimal,1.110703695683668e-08,0.0,1.507e-17,6.847e-09,10,-0.7460908306950607,0.0,0.0,0.0,0.0,0.048,2.201,pass,
PRIMALC1,9,230,optimal,-6155.250820345611,-6155.247234107041,Optimal,5.826311168147214e-07,0.0,1.934e-14,1.835e-09,9,-6155.250820345611,0.0,0.0,0.0,0.0,0.004,0.003,pass,
PRIMALC2,7,231,optimal,-3551.307691059936,-3551.307579670494,Optimal,3.136575466432612e-08,0.0,2.29e-15,5.593e-10,10,-3551.307691059936,0.0,0.0,0.0,0.0,0.004,0.002,pass,
PRIMALC5,8,287,optimal,-427.2323267320665,-427.23232674029487,Optimal,1.9259706211786986e-11,0.0,4.009e-13,2.374e-10,8,-427.2323267320665,0.0,0.0,0.0,0.0,0.005,0.003,pass,
PRIMALC8,8,520,optimal,-18309.42978824248,-18309.266838114247,Optimal,8.899871833971738e-06,0.0,5.33e-12,6.779e-11,11,-18309.42978824248,0.0,0.0,0.0,0.0,0.009,0.005,FAIL,objective -18309.42978824248 vs HiGHS -18309.266838114247 (rel err 8.9e-06)
Q25FV47,820,1571,optimal,13744447.898387173,,Time limit reached,,5.72e-10,0.0,4.444e-10,33,13744447.898386374,5.719903890170976e-10,0.0,5.719903890170976e-10,0.0,0.684,300.164,FAIL,no HiGHS reference (Time limit reached)
QADLITTL,56,97,optimal,480318.85857669666,480318.85854477616,Optimal,6.6456893375051e-11,2.134e-13,0.0,1.289e-10,12,480318.8585766968,2.1342443767852988e-13,0.0,2.2737367544323206e-13,0.0,0.002,0.005,pass,
QAFIRO,27,32,optimal,-1.5907817936380106,-1.5907817938917632,Optimal,1.5951438184839517e-10,1.421e-14,0.0,1.817e-10,10,-1.5907817936380106,1.4210854715202004e-14,0.0,1.4210854715202004e-14,0.0,0.001,0.001,pass,
QBANDM,305,472,optimal,16352.342058461392,16352.34203674664,Optimal,1.327929153006721e-09,1.569e-10,0.0,3.836e-09,22,16352.342058461392,1.569187307591636e-10,0.0,1.569187307591636e-10,0.0,0.015,0.036,pass,
QBEACONF,173,262,optimal,164712.06065917845,164712.0601497,Optimal,3.093145956486179e-09,8.142e-09,1.152e-13,3.268e-09,12,164712.06065917845,8.141996849911205e-09,0.0,8.141996849911205e-09,0.0,0.014,0.005,pass,
QBORE3D,233,315,optimal,3100.2008018784873,3102.1387967591113,Optimal,0.0006247286171233609,3.156e-10,0.0,1.351e-10,16,3100.200801878488,3.155946615152061e-10,0.0,3.155946615152061e-10,0.0,0.011,0.009,FAIL,objective 3100.2008018784873 vs HiGHS 3102.1387967591113 (rel err 0.000625)
QBRANDY,220,249,optimal,28375.114856803764,28375.11485714028,Optimal,1.1859570589548112e-11,8.302e-11,2.809e-15,1.154e-11,17,28375.114856803757,6.366462912410498e-11,0.0,6.366462912410498e-11,0.0,0.012,0.012,pass,
QCAPRI,271,353,optimal,66793293.266459666,,Solve error,,2.244e-10,8.231e-10,1.956e-12,47,66793293.26645974,2.2436097424360923e-10,0.0,2.2436097424360923e-10,0.0,0.032,0.013,FAIL,no HiGHS reference (Solve error)
QE226,223,282,optimal,212.65343330737983,,Not Set,,1.324e-11,3.889e-16,4.39e-09,18,212.65343330737977,1.3242225289618521e-11,0.0,1.3242225289618521e-11,0.0,0.019,0.063,FAIL,no HiGHS reference (Not Set)
QETAMACR,400,688,optimal,86760.36988531672,86760.36962614699,Optimal,2.9871902084938722e-09,3.946e-10,0.0,7.275e-09,32,86760.36988531666,3.946294875111992e-10,0.0,3.946294875111992e-10,0.0,0.054,0.118,pass,
QFFFFF80,524,854,optimal,873147.4605725456,873149.2770688732,Optimal,2.0803960734152143e-06,2.91e-11,1.59e-13,1.271e-10,39,873147.4605725454,2.9103830456733704e-11,0.0,2.9103830456733704e-11,0.0,0.134,0.095,FAIL,objective 873147.4605725456 vs HiGHS 873149.2770688732 (rel err 2.08e-06)
QFORPLAN,161,421,optimal,7456631460.811377,7456631475.8003435,Optimal,2.0101525723080856e-09,1.208e-09,0.0,1.316e-12,34,7456631460.811374,1.2083560066039357e-09,0.0,1.2083560066039357e-09,0.0,0.037,0.03,pass,
QGFRDXPN,616,1092,optimal,100790584870.94348,100790584870.42386,Optimal,5.155469664179455e-12,1.528e-09,0.0,7.984e-12,30,100790584870.94348,1.5280628136512276e-09,0.0,1.5280628136512276e-09,0.0,0.143,0.134,pass,
QGROW15,300,645,optimal,-101693640.467504,,Solve error,,1.021e-09,0.0,2.526e-11,18,-101693640.467504,1.020887418723465e-09,0.0,1.020887418723465e-09,0.0,0.105,0.066,FAIL,no HiGHS reference (Solve error)
QGROW22,440,946,optimal,-149628953.46695262,,Time limit reached,,1.381e-09,0.0,1.112e-10,21,-149628953.46695265,1.3813214974049615e-09,0.0,1.3813214974049615e-09,0.0,0.277,300.001,FAIL,no HiGHS reference (Time limit reached)
QGROW7,140,301,optimal,-42798713.87064556,,Time limit reached,,9.743e-10,0.0,1.076e-10,17,-42798713.87064556,9.742788022449637e-10,0.0,9.742788022449637e-10,0.0,0.042,300.001,FAIL,no HiGHS reference (Time limit reached)
QISRAEL,174,142,optimal,25347837.79526809,25347837.78993466,Optimal,2.1040955776946367e-10,0.0,0.0,6.396e-10,24,25347837.79526807,0.0,0.0,0.0,0.0,0.02,0.013,pass,
QPCBLEND,74,83,optimal,-0.007842540273835878,-0.007842543074204738,Optimal,2.800368860411684e-09,1.99e-12,0.0,5.821e-09,14,-0.007842540273835893,1.9901575701898307e-12,0.0,1.9901575701898307e-12,0.0,0.002,0.004,pass,
QPCBOEI1,351,384,optimal,11503914.014854532,11503914.009767529,Optimal,4.421975953158305e-10,2.078e-10,0.0,1.404e-09,20,11503914.014854532,2.0780437133289012e-10,0.0,2.0780437133289012e-10,0.0,0.018,0.155,pass,
QPCBOEI2,166,143,optimal,8171962.244753779,8171962.244330588,Optimal,5.17857403897967e-11,5.943e-09,0.0,4.568e-10,34,8171962.24475378,5.942638214850859e-09,0.0,5.942638214850859e-09,0.0,0.008,0.008,pass,
QPCSTAIR,356,467,optimal,6204387.477812482,,Not Set,,3.348e-10,1.137e-13,7.418e-10,26,6204387.477812482,3.3480625547588545e-10,0.0,3.3480625547588545e-10,0.0,0.025,32.875,FAIL,no HiGHS reference (Not Set)
QPILOTNO,975,2172,optimal,4728586.900554332,,Not Set,,3.013e-09,0.0,3.035e-09,28,4728586.900554329,3.0132508585018144e-09,0.0,3.0132508585018144e-09,0.0,0.749,0.186,FAIL,no HiGHS reference (Not Set)
QPTEST,2,2,optimal,4.371875000235914,4.371875,Optimal,5.396163223986247e-11,0.0,0.0,6.116e-11,7,4.371875000235914,0.0,0.0,0.0,0.0,0.0,0.001,pass,
QRECIPE,91,180,optimal,-266.61599924071356,-266.61600000000027,Optimal,2.8478662435776077e-09,8.042e-10,1.07e-12,5.62e-09,13,-266.6159992407134,8.042432749191833e-10,0.0,8.042432749191833e-10,0.0,0.008,0.003,pass,
QSC205,205,203,optimal,-0.005813951791888247,-0.005813953482223395,Optimal,1.6903351478941842e-09,1.622e-13,2.205e-16,1.886e-09,11,-0.005813951791888248,1.6222334357206527e-13,0.0,1.6222334357206527e-13,0.0,0.015,0.003,pass,
QSCAGR25,471,500,optimal,201737938.39027554,201737938.37071,Optimal,9.698499266466644e-11,7.276e-12,0.0,2.766e-10,20,201737938.39027545,7.275957614183426e-12,0.0,7.275957614183426e-12,0.0,0.011,0.118,pass,
QSCAGR7,129,140,optimal,26865948.59498287,26865948.58902269,Optimal,2.2184890794854286e-10,1.393e-11,0.0,7.545e-10,19,26865948.594982874,1.3932283282030568e-11,0.0,1.3932283282030568e-11,0.0,0.003,0.005,pass,
QSCFXM1,330,457,numerical_failure,,16882691.639317475,Optimal,,1.49e-07,1.323e-12,1.765e-15,51,,,,,,0.035,0.041,FAIL,status numerical_failure: converged on the scaled problem but not on the original model
QSCFXM2,660,914,numerical_failure,,27776161.578617923,Optimal,,7.677e-07,1.323e-12,3.353e-15,60,,,,,,0.095,0.183,FAIL,status numerical_failure: converged on the scaled problem but not on the original model
QSCFXM3,990,1371,numerical_failure,,30816354.47796901,Optimal,,6.519e-08,3.969e-12,7.253e-16,58,,,,,,0.142,0.513,FAIL,status numerical_failure: converged on the scaled problem but not on the original model
QSCORPIO,388,358,optimal,1880.5095530224162,1880.5095529819666,Optimal,2.1509887797982082e-11,4.311e-13,0.0,5.871e-11,14,1880.5095530224169,4.310996004619483e-13,0.0,4.310996004619483e-13,0.0,0.006,0.009,pass,
QSCRS8,490,1169,optimal,904.5600162872615,904.5600138571947,Optimal,2.6864628168783167e-09,2.577e-13,1.113e-16,4.367e-09,23,904.5600162872628,2.576542683351475e-13,0.0,2.576542683351475e-13,0.0,0.062,0.13,pass,
QSCSD1,77,760,optimal,8.666666732284524,8.666666674333348,Optimal,6.686674182793326e-09,1.729e-14,0.0,6.371e-09,9,8.666666732284531,1.728688153200178e-14,0.0,1.728688153200178e-14,0.0,0.008,0.018,pass,
QSCSD6,147,1350,optimal,50.80821391303829,50.80821387965111,Optimal,6.57121582614931e-10,1.562e-13,0.0,2.998e-10,14,50.80821391303826,1.5615880426477716e-13,0.0,1.5615880426477716e-13,0.0,0.022,0.138,pass,
QSCSD8,397,2750,optimal,940.7635745992886,,Time limit reached,,8.971e-14,0.0,1.108e-09,12,940.7635745992862,8.970602038971265e-14,0.0,8.970602038971265e-14,0.0,0.043,300.001,FAIL,no HiGHS reference (Time limit reached)
QSCTAP1,300,480,optimal,1415.8611117120818,1415.8611111115304,Optimal,4.241598258984573e-10,1.51e-14,0.0,8.067e-10,16,1415.8611117120824,1.509903313490213e-14,0.0,3.019806626980426e-14,0.0,0.009,0.407,pass,
QSCTAP2,1090,1880,optimal,1735.0264989626323,,Not Set,,5.218e-15,0.0,1.216e-09,15,1735.0264989626326,5.218048215738236e-15,0.0,1.0436096431476471e-14,0.0,0.037,62.734,FAIL,no HiGHS reference (Not Set)
QSCTAP3,1480,2480,optimal,1438.7546821419487,,Not Set,,5.107e-15,0.0,1.363e-09,15,1438.7546821419471,5.10702591327572e-15,0.0,1.021405182655144e-14,0.0,0.051,0.574,FAIL,no HiGHS reference (Not Set)
QSEBA,515,1028,optimal,81481800.3604658,81481800.35682765,Optimal,4.464982722360086e-11,1.31e-09,0.0,1.038e-10,28,81481800.36046576,1.310012250468647e-09,0.0,1.310012250468647e-09,0.0,0.027,0.024,pass,
QSHARE1B,117,225,optimal,720078.319017459,,Solve error,,1.696e-10,0.0,2.553e-09,23,720078.3190174592,7.675604191646028e-11,0.0,7.676371752065193e-11,0.0,0.013,0.014,FAIL,no HiGHS reference (Solve error)
QSHARE2B,96,79,optimal,11703.691723212438,11703.691721516367,Optimal,1.4491762385394555e-10,1.101e-13,0.0,3.801e-10,19,11703.691723212438,1.1013412404281553e-13,0.0,1.1013412404281553e-13,0.0,0.004,0.005,pass,
QSHELL,536,1775,optimal,1572636848418.0989,1572636842999.024,Optimal,3.445852725183317e-09,1.455e-11,0.0,5.335e-09,32,1572636848418.0884,1.4551915228366852e-11,0.0,1.4551915228366852e-11,0.0,0.275,1.755,pass,
QSHIP04L,402,2118,optimal,2420015.5344088115,2420015.534110433,Optimal,1.2329611906761958e-10,3.591e-12,0.0,1.468e-10,16,2420015.53440882,3.5910193889829327e-12,0.0,3.5910193889829327e-12,0.0,0.027,0.118,pass,
QSHIP04S,402,1458,optimal,2424993.675822067,2424993.6730046105,Optimal,1.1618408088504138e-09,6.231e-11,0.0,1.593e-09,15,2424993.675822064,6.231004269486586e-11,0.0,6.231004269486586e-11,0.0,0.018,0.051,pass,
QSHIP08S,778,2387,optimal,2385728.8609707053,2385728.8513905657,Optimal,4.015602833836968e-09,6.514e-11,0.0,5.449e-09,16,2385728.860970702,6.513752662711274e-11,0.0,6.513752662711274e-11,0.0,0.081,0.14,pass,
QSHIP12S,1151,2763,optimal,3056962.2533713826,3056962.249278291,Optimal,1.3389407966108824e-09,9.388e-11,0.0,2.083e-09,18,3056962.2533713793,9.387963186199803e-11,0.0,9.387963186199803e-11,0.0,0.105,0.193,pass,
QSIERRA,1227,2036,optimal,23750458.182496995,,Solve error,,2.522e-13,0.0,2.509e-10,21,23750458.182496876,2.5223908388622685e-13,0.0,4.547473508864641e-13,0.0,0.356,33.624,FAIL,no HiGHS reference (Solve error)
QSTAIR,356,467,optimal,7985452.756392923,,Time limit reached,,7.909e-09,2.274e-13,7.46e-11,29,7985452.756392926,7.909076060741427e-09,0.0,7.909076060741427e-09,0.0,0.031,300.001,FAIL,no HiGHS reference (Time limit reached)
QSTANDAT,359,1075,optimal,6411.838442670119,6411.838388888912,Optimal,8.387798214285569e-09,1.979e-13,0.0,9.264e-09,16,6411.838442670119,1.9794423172190627e-13,0.0,1.9794423172190627e-13,0.0,0.018,0.04,pass,
S268,5,5,optimal,4.058165359310806e-09,3.637978807091713e-12,Optimal,4.054527380503714e-09,0.0,2.204e-16,8.738e-09,16,4.050889401696622e-09,0.0,0.0,0.0,0.0,0.0,0.001,pass,
TAME,1,2,optimal,0,0.0,Optimal,0.0,1.166e-15,0.0,5.777e-10,5,0.0,1.1657341758564144e-15,0.0,2.3314683517128287e-15,0.0,0.0,0.001,pass,
VALUES,1,202,nonconvex,,-1.396621144713958,Optimal,,0.0,0.0,0.0,0,,,,,,0.006,0.004,FAIL,status nonconvex: Q is not positive semidefinite in the minimisation sense
YAO,2000,2002,numerical_failure,,197.7042559403107,Optimal,,1.908e-05,1.669e-05,0.5521,49,,,,,,0.075,0.06,FAIL,status numerical_failure: no progress in 30 iterations
ZECEVIC2,2,2,optimal,-4.1249999999336655,-4.124999999999997,Optimal,1.608044337417321e-11,0.0,0.0,8.684e-11,6,-4.1249999999336655,0.0,0.0,0.0,0.0,0.0,0.001,pass,
