case,download_url,download_bytes,download_sha256,mps_bytes,mps_sha256,emps_encoded_sha256,expander
ken-07,https://www.netlib.org/lp/data/kennington/ken-07.gz,79462,9bdd6e98a922e3d400cbfdf45adf7a4734a64df4a0b371f1dba391802a4828d5,718748,3a30cf7bfc1a5598ac1f05aad102bc2a23dd5749493c7e76396c818a62d36b47,e8db4d0fb38044e91f9b69052344ca91d233dba975ffd54fac5ad2f0c3feb0ab,"emps.c (netlib lp/data/emps.c, sha256 fee41f54...), gcc 13.3.0"
ken-11,https://www.netlib.org/lp/data/kennington/ken-11.gz,459994,5c5b40787e0a1f1c4d5de313908bacfec9b57ce83c2528c2bd7050f1ccd98d34,4167698,58a9a2b483f7d4889d8316487f3d7d8906a56dfb4afa68331f1530a3fd4dba05,99af9207c87bc169854781d2d9b6e2e127cebd6ff7fe6f64db05889c672e7429,"emps.c (netlib lp/data/emps.c, sha256 fee41f54...), gcc 13.3.0"
ken-13,https://www.netlib.org/lp/data/kennington/ken-13.gz,886197,c9a42842f00ad05ecf7b3e65c27c147a650e6a381148faf1926aa75095a616c8,8254122,f381842db705d5c7968131c330f22f2b15f9def2f758525678bc3b3d9484e4cb,83c87d3e156597c073cb91ca19bdceee20bed6c39784faf2ac0abbf28476df8b,"emps.c (netlib lp/data/emps.c, sha256 fee41f54...), gcc 13.3.0"
ken-18,https://www.netlib.org/lp/data/kennington/ken-18.gz,3058937,33f3563faf0e7b437033565e657065ac63f0a8b822a95ebbc523c8d9cf5cb201,29855000,99718e2de6d29d06495b2ed753a9d4ca6a129ff2f3301207bbf8f8f3c350b8ed,4b0701d5a90d4cb0c4629dc847a5bd89fe4e97dbc1eb820cab32b6964d8875ba,"emps.c (netlib lp/data/emps.c, sha256 fee41f54...), gcc 13.3.0"
cre-a,https://www.netlib.org/lp/data/kennington/cre-a.gz,59156,ab1f59ad09e5b22d1bea20348f5c1898253b2f29505eee35313385f1ba552df8,659682,aa51b637ee954bb256737b2f182c2d67f7bbe2230310c16a7bfb5e6dad6556f1,bf533a33689c83a8bb5df34a7c3cd9437095b88a04091c2cac4c61dbfc8bb923,"emps.c (netlib lp/data/emps.c, sha256 fee41f54...), gcc 13.3.0"
cre-b,https://www.netlib.org/lp/data/kennington/cre-b.gz,551412,435c8b2f78614b9b550db07ccfb96c13c04ea0caeeeb18ce31da755449ea6de5,10478735,1636ddb200a23f58e4a8ea36ffa6f6bdc73d5bfbce5ca9ee4a3d9f9b6e987bfc,d9bef0998e1521c18bf50190ad832ec8c9aa09899aeaab762c07bce77c9846da,"emps.c (netlib lp/data/emps.c, sha256 fee41f54...), gcc 13.3.0"
cre-c,https://www.netlib.org/lp/data/kennington/cre-c.gz,52398,448b9437ad545305cab246dd6f8e9484ed1e7fec6a8dafd4ceb0c7e23ad5acf6,587817,4f6d5732ce519187aa93003c1411283dd937016c0c550253b4eef2b2c0ecfa3a,042133f66847690cc9bda46e92234008cd896c652e352518d621871a51093315,"emps.c (netlib lp/data/emps.c, sha256 fee41f54...), gcc 13.3.0"
cre-d,https://www.netlib.org/lp/data/kennington/cre-d.gz,517167,8c1fbf84e01770e4d3b469b10ce7041c22b39289696a0eaa6a0d206041ee98ea,9964196,88a36b25e70f347c49d3d35719e76f39877b9166543c30dc64ff9c386cb4cf81,ad54dce0dd94085c1ff159e0c4fd4b591a4b4d9fc149853db16d5f6840ff58c5,"emps.c (netlib lp/data/emps.c, sha256 fee41f54...), gcc 13.3.0"
osa-07,https://www.netlib.org/lp/data/kennington/osa-07.gz,357609,ac38967f57dafaede2520d95fe2f321728e41d743dc45384f322089011a03b83,5388666,a52d1b5eaad78788d56fa5d555f8bae8e4b13e67dca7684d01c9d7fa41d44c7b,2f701d7236053effde22e8f95e1a28859a309db541119b0f93fea21620de4570,"emps.c (netlib lp/data/emps.c, sha256 fee41f54...), gcc 13.3.0"
osa-14,https://www.netlib.org/lp/data/kennington/osa-14.gz,750928,49bf6a1547ad9c277d3da07dad5f12c408196e0c0a130023407b4bdd77d52658,11800249,4037b2c6d969133c7ac57742e281be467964efd0e4b65ab6404eba7262aa5b0d,f1b3d4e9d2871cc5e63b9727be6f4e5535cc2a812b3b1f791da29c585a0d593f,"emps.c (netlib lp/data/emps.c, sha256 fee41f54...), gcc 13.3.0"
osa-30,https://www.netlib.org/lp/data/kennington/osa-30.gz,1383646,ca1c3125b6d2969e39e001b49c5d6b064daf5987059c3bc3a37f403214937d39,22495351,b5ddda8cdba6614df8b2b28da167358fb82c91bc06a958797749d649ed4b05bc,a2aeb34ad75fac797a3e3f432d9a46265576ebcc02d3bc879f6f22534cb4e767,"emps.c (netlib lp/data/emps.c, sha256 fee41f54...), gcc 13.3.0"
osa-60,https://www.netlib.org/lp/data/kennington/osa-60.gz,3184930,f6ceb958c59ad0673dfc7ef17c7bf266c71c4d854819a3fc2a9d7da520d47ca1,52402461,6a317c5ce3ae1308312648f4e6881a481ee0dee9b5d8c69f0e56400dc82845a3,436da0a159417dc34ef2cd152c5f13cfadeed6b5748a8c8c1f35dd38fa114fa2,"emps.c (netlib lp/data/emps.c, sha256 fee41f54...), gcc 13.3.0"
pds-02,https://www.netlib.org/lp/data/kennington/pds-02.gz,68493,f79d268dc3dca73a810098715bb0ffd1113ed59e87449591f0d2721976f5a872,801690,bf286e139ef240b3bf3c802b3e9a5d1a068b253953a8b49fa7c6f3962e1e41cd,74a47a6da595d2624e5de2de787e1521ae72373c7ed3f22a5915341e56577a3f,"emps.c (netlib lp/data/emps.c, sha256 fee41f54...), gcc 13.3.0"
pds-06,https://www.netlib.org/lp/data/kennington/pds-06.gz,267810,02234bdebfa0eb68a4e68f6f796196a6c7dbb9df4c202f7e9abe837ef43e0756,3124272,e1c50e57b38cafc1dec2d58905558c5b741857f9a3a47bb15e72e48ed3e86d42,bd0251c66057c9f56bffd1cb125b05f396e8e950f439c3374af2da16bec1d037,"emps.c (netlib lp/data/emps.c, sha256 fee41f54...), gcc 13.3.0"
pds-10,https://www.netlib.org/lp/data/kennington/pds-10.gz,455961,8ba7011728cc7237875be3468f6e3e4eb4d67c1b866cfc5855788bb84155c00f,5331274,3b188a766c3489d0d03bffa23c0a0936c001555e292631fb63cebc3d706fb4bf,3b1703e30a4b3cf29cc8550059bc30cda5d2a1f634a2474c8f60d17d4f4b9aae,"emps.c (netlib lp/data/emps.c, sha256 fee41f54...), gcc 13.3.0"
pds-20,https://www.netlib.org/lp/data/kennington/pds-20.gz,968814,70f5504ae7e14e1c7aa7f9293d1c26e931e067010943f9e006ff9c955a4d71c6,11550890,1c9a78e3ae1c7368d15c59446e644bf2545072c0711e22d17cc70526c572e626,75b6d303eab8dfd1f43b3da1ed8e03cac8146036f3ef3455e8844ef6648e678c,"emps.c (netlib lp/data/emps.c, sha256 fee41f54...), gcc 13.3.0"
pds-30,https://plato.asu.edu/ftp/lptestset/pds/pds-30.bz2,1332573,9cd55024e004590e96f663a619525bcd5a287157d991ccddbe34af9afbcc24ad,16907835,e74aa72538a2cdfcbf7703daa408c4b058a5b3c080896c7a1e5f23421a21964e,c2e2946c8a0a22846c893731839f6ce7f4a5af6c305ffced488eded776ffdbc9,"emps.c (netlib lp/data/emps.c, sha256 fee41f54...), gcc 13.3.0"
pds-40,https://plato.asu.edu/ftp/lptestset/pds/pds-40.bz2,1909312,9f8a7e44003404c75143fbe9333fd5895a155b29e6bcb46972aaec60d6327cfd,23186582,28c7cd5677c34c62e352812820b456141cceff495a01c14caf403c730e205301,73d0e65919ea3ed3810acc36341423902d2173f290d54a8e602bb6ed22b05e9b,"emps.c (netlib lp/data/emps.c, sha256 fee41f54...), gcc 13.3.0"
pds-50,https://plato.asu.edu/ftp/lptestset/pds/pds-50.bz2,2418345,94dd82831ee2730917cf589caaedf508f746add2e9361245f28a9f4360bf0005,29355621,ae266eb1e5b0b9e8bbbaea71c9653274ac188c8f7c042e5777d9733b2ee150fe,f4aec7b02825ae892d0354326fea3ec76533e3a05548e9dccb935a235ecdcbb6,"emps.c (netlib lp/data/emps.c, sha256 fee41f54...), gcc 13.3.0"
pds-60,https://plato.asu.edu/ftp/lptestset/pds/pds-60.bz2,2889951,dc985a2e67e321b9836f7077bb44baf3d7452885bf7e2dda361ed160b43a44b1,35755374,4ee0d3910f25e78c607e899edff4997b2bfe7db72d904c723b3bd37167b39a3e,4cf0d47f71d89904caf286daf39eb38a3d7b97ddf602186200dcd510786a34d5,"emps.c (netlib lp/data/emps.c, sha256 fee41f54...), gcc 13.3.0"
pds-70,https://plato.asu.edu/ftp/lptestset/pds/pds-70.bz2,3384069,0b4ccbe39b5632205b536338df8c0b5e68e9b17d1b0cf7e0f4fde1fd45c7554a,41427969,835be6a7a988791403cfce03280122bd6e02550e04ffe6e8c854b71d01ee7b04,c353b07144cdebd0e2864245fb01d95442bd41bca8b886518d1f1542c9c01f14,"emps.c (netlib lp/data/emps.c, sha256 fee41f54...), gcc 13.3.0"
pds-80,https://plato.asu.edu/ftp/lptestset/pds/pds-80.bz2,3784726,328fa6d12c2665140bf5052d2365bf3b2a7b417811c37e216ff2421e26f45d5e,46138350,bb0f1548f387316490f763da4ecee1a9f363cc2b70a55d739f87a33ccf8c0f0e,8703bf5ff00c27a08a94d5cbe582f75322314d2655b7c9362a2f845c29275c1a,"emps.c (netlib lp/data/emps.c, sha256 fee41f54...), gcc 13.3.0"
pds-90,https://plato.asu.edu/ftp/lptestset/pds/pds-90.bz2,4187238,5bed53cfaf92333812026b7e2d13958f997bf5ffa052fe5ddf2fd4d90e7e25a9,50443438,ce83889ca3bb6b3344fce5226d0f5dc41af508b001d98e9b8b221f8aeb4af5e5,3f73862cc461111b1a706414b743af52f945b82afc29d6bb1d699fede17e6369,"emps.c (netlib lp/data/emps.c, sha256 fee41f54...), gcc 13.3.0"
pds-100,https://plato.asu.edu/ftp/lptestset/pds/pds-100.bz2,4566703,15075babe6a96d6a68ecf66801ff107f7d222246b0c4396aa80a18451febd474,54528713,8d1932a46d11da99b8cd84976c47260045e53c62eba4a129561a54a9b7e8da65,f975753ab31d05d2af60b7de37f2964661c602802d289828432cabe119eff7f6,"emps.c (netlib lp/data/emps.c, sha256 fee41f54...), gcc 13.3.0"
fome11,https://plato.asu.edu/ftp/lptestset/fome/fome11.bz2,317744,fac1c417a7b71377318ec6ed2594949dd8d347b8843844e73d859358bdbd5a09,2883340,99a745d9b65e4da1777e32479c53fca33968871c48117582456e732c4231b576,df501dc4aba1070eac6988df08c41be64df0427c37b6ef107c4b94ab17ad2ae1,"emps.c (netlib lp/data/emps.c, sha256 fee41f54...), gcc 13.3.0"
fome12,https://plato.asu.edu/ftp/lptestset/fome/fome12.bz2,608186,8ed7f524344c1bd3742f977e6aaea1c11b190b07a636d1cf26c4242e8dc08218,5766620,f4fce1046a53a3e22834372a231b04e49ed02b454cee25f6842f45edf8950120,a5a990fcfdb59d42d0574aa79b0c857565b83ef37995a759d21cedfaf0d9ce59,"emps.c (netlib lp/data/emps.c, sha256 fee41f54...), gcc 13.3.0"
fome13,https://plato.asu.edu/ftp/lptestset/fome/fome13.bz2,1175155,a024471c4e229119c856d342fa472bc42ca1fe70f0938fd060928d48c21b41b6,11533180,396b166f7ffb3d1d679b3dbed45572575d1c9b16c0a6905377bf3297c6ee9a83,5fb2448460a9a5c35bc4976c35e8fa30170f08fcc2c4e0d58672cbedeb8f9694,"emps.c (netlib lp/data/emps.c, sha256 fee41f54...), gcc 13.3.0"
fome21,https://plato.asu.edu/ftp/lptestset/fome/fome21.bz2,1726788,7351ec5e78741cbba60b0be0b763ab8581358d170bf399fa73ba249af67db574,23099675,02a86fa16fc8d8d4e8ec92991258eb74e34d9d5c31026056da24f6fb628e4c56,07f51f5ff0276484762b05bcac4663632a907838ea51275f170527de55b81a86,"emps.c (netlib lp/data/emps.c, sha256 fee41f54...), gcc 13.3.0"
rail507,https://plato.asu.edu/ftp/lptestset/rail/rail507.bz2,367694,2cd8ac52777a8a5915417aa1f2b35bc13f3f83f9a97f097c3849613f7c432045,14870910,1c164fd15f844d48d9a296f10ecefe038d44577d7e403d30989c595d28ea4eb0,5e63e6b056cb3e1a4042a551ed2e9ca3940ba6479ed9f60767820ea351d5bb37,"emps.c (netlib lp/data/emps.c, sha256 fee41f54...), gcc 13.3.0"
rail516,https://plato.asu.edu/ftp/lptestset/rail/rail516.bz2,291799,11695ec4ca766d2c9b269a04b01129326f74a0176433a4bb87ab0a26b148b3a7,11424225,3c0b00f293edcf450126c448c36c184cbb7e66c53ab2042e1acdb74bf468483a,25d3d712bb7cd0f044a3a49b59e07473b48a917f30edf9fc1f55a4c74d445b4e,"emps.c (netlib lp/data/emps.c, sha256 fee41f54...), gcc 13.3.0"
rail582,https://plato.asu.edu/ftp/lptestset/rail/rail582.bz2,336719,a354c3b76ee608ee11b183d2fc2c92b5df1303ee93f9454c742f8c615e26a99c,14408565,7d686248ac0441419163c210aeb50ea5111c00dcc46a7070b10f0e1a8db8e369,471e7e72846f28af064f070eda4dde383c058e3ddfefcaaaa161eb365da43f1e,"emps.c (netlib lp/data/emps.c, sha256 fee41f54...), gcc 13.3.0"
rail2586,https://plato.asu.edu/ftp/lptestset/rail/rail2586.bz2,5854372,a91a9c3f3fb92fa3a26601b62b42e067402362178c2e624543319fd704f17904,279806289,5bd3ddb9021263833541a8f12cffedefc1bfd09672998afc832d3bbfe2649467,f405f65b3ced7f0b01b2d019202533a8ce78a3ce63e67ca9b0d951f37b3a8886,"emps.c (netlib lp/data/emps.c, sha256 fee41f54...), gcc 13.3.0"
rail4284,https://plato.asu.edu/ftp/lptestset/rail/rail4284.bz2,8384295,e214e677828de645a7950ce3e543fe3e51bd1a6fe011f0be51b2e34e8e199011,387806346,ac652cfdca3bc4dce5057ef592709342df61972b76b3b0a6670d9c9d41c73586,b5ea473bee15af7edfc2afb89492eb66f6e696d0a76caa61d2fbf48389eb3393,"emps.c (netlib lp/data/emps.c, sha256 fee41f54...), gcc 13.3.0"
