case,verdict,engine_status,engine_obj,engine_wall,best_bound,nodes,row_viol,bound_viol,int_viol,ref_status,ref_obj,ref_wall,download_sha256,mps_sha256
ej,time_limit,time_limit,,120.06,3269.4847322090736,4921988,,,,Time limit reached,25508.000000000004,300.04,8a427d75008db853496fc29759c11bb77fddd5e0a0934601710f95a0a1935b00,e399183cc756b262856f9b89914f0b05f00095c31244faebfdf8f27412555748
stein9inf,infeasible_match,infeasible,,0.01,,47,,,,Infeasible,inf,0.02,781a4c3f672b5eb1c2442e1fec284e1c5261f05b8f0dcf6d189dc0b72b4d624d,9be1de986e04f17304319ee26701ab081274fe9657610866af0be2c62dfadc3b
flugplinf,infeasible_match,infeasible,,0.17,,1953,,,,Infeasible,inf,0.08,79432a23a30bc01029efa6a5a23ab5cd3955fd6fedd4e87eaa8900d6e981ab55,af9133a98214fbd08f839188a15c5df58b9d0976df2cf27ce22454c261550916
enlight4,infeasible_match,infeasible,,0.02,,149,,,,Infeasible,inf,0.17,aedbc5548d52217e0c585f942ed45e69884c19cefee6cdc2203cdc87ac45d49a,186960641817b3d03ca570975a24d024bc61698b5ff6ea2aeb3b06f2aad9bd2d
gr4x6,match,optimal,202.34999999999997,0.03,202.34999999999997,98,0.0,0.0,0.0,Optimal,202.35,0.03,ecb539938284a6453b8b94f47dfdd88d635e47cfd2977365f7246bb62ed562c7,ea26ad68f05f0bc48027634871bc270916657da096b72d670fcf755b3a43c739
p2m2p1m1p0n100,time_limit,time_limit,,120.0,80424,3352259,,,,Time limit reached,inf,300.03,44d6e3f614e6c0a8daf2a51ca303f0e54e23c2f311f2e1aaa8f861c8c304dd19,62ab91fbfd74b4a1dbc7021e1dd67fdb5cb2cad7580b9ec691f05aa1647ae90f
markshare_4_0,match,optimal,1,97.66,1,1827372,0.0,0.0,0.0,Optimal,1.0,297.6,1a1feb04f5637db9f69be53bd6224fcd9fe5b8d750870d9b2002b535d25f4353,a05d1c8c1a1e0646ea31965fd5e05af7a41801db3cb1820b2ab4cd95c7bc32db
stein15inf,infeasible_match,infeasible,,0.04,,97,,,,Infeasible,inf,0.13,ccb3b1a6a84ce77b42659a2799701c95e6b5bdf1676fc759f10957ea60242fdc,3d02264dc16a75dfc36f35035d39117bb903fde24bf1ab907ff1ea7be3ef6abe
g503inf,infeasible_match,infeasible,,0.0,,3,,,,Infeasible,inf,0.0,fe476ccbd62d58180b212f192e70d77098acf6fe6f3e4535da6e99f684f63998,8e079859b332440d14ab9ae2904274177a9546c60bfc1a51cbfe62578d5deac8
markshare_5_0,time_limit,time_limit,9,120.2,0,1430463,,,,Time limit reached,8.999999999999797,300.02,5309e16f917ec25e9f70402a8c039d4595a91c9499f682b1483babfff5f55b4a,4e06f6b0ccc05c6d2116aaedfe5b25b0bec1e6b7cb98b825c240389cffeca5cf
b-ball,time_limit,time_limit,-1.5,120.04,-1.7999999999999998,56459,,,,Optimal,-1.500001,0.31,67c5cb2dc43704d11f456537f6a951cb8d5bfb6d74c90fb1827a3bc34abf3586,b0d21fd470e519128ac6003ea3f3a46625d7b987494532c5bfcc10dacd04d0a6
markshare1,time_limit,time_limit,11,120.29,0,1121155,,,,Time limit reached,20.999999999999982,300.01,83516aa1a1d503f01fcea273586406486623370158a119164bd2ffa3594d4752,7084187bf6377b664fd78949e597783872b5a40e8b2c2d3e6dec310678f46242
enlight8,time_limit,time_limit,,120.14,23,253018,,,,Optimal,27.00000000000027,5.23,012d661241f3ef70a7ae28d89408a030ed0b7c538ccbd1e0d820af49fd7397a3,76b60485ea01d852b66407cc9d351ed19ffe07e3f9b37df15a2cf53bc5000ba8
neos-1425699,other:no_json,no_json,,50.53,,,,,,Optimal,3179698977.0,0.42,66f7ae93f5715a025ebc2d2ff9b90abdd62b7bd1edefc48307ec38c19d9e722e,91d7a42312b6ab8500958b5db188e38a601001ff32c5ef86d4c4da40f9a45d80
enlight9,time_limit,time_limit,,120.28,20,184221,,,,Infeasible,inf,14.04,925841b99e712bd9bdb754f93fafc777c6c751d3640130ff8beef09db0f8bfb0,7b083ac4d78d0ec586c0658869f5dbafb0d3a0599e62763a66b515c5d1843996
gen-ip054,time_limit,time_limit,6863.353484804,120.33,6788.352419649516,262983,,,,Time limit reached,6853.511773376,300.03,b5089ebc97c43bd583fcadf30955b8800861044d632d747c0b7ac73f19b9e6f3,8b71b70a6f92ea9bde78b375f4366e7cc021cfb517df87130775f8b8bdf47333
neos-5192052-neckar,match,optimal,-11670000,0.01,-11670000,9,0.0,0.0,0.0,Optimal,-11669999.999999994,0.1,a683554818c078fca80fe21c0f452463d5d6a051f6898d9da641d5d9f9575906,a6ff16186db48baf15a598d7ae5030859c38be4bfc1f75c93285ccd4df1b1c63
enlight_hard,time_limit,time_limit,,120.16,24,131250,,,,Optimal,37.0,23.7,942168c2126a2a91ae3ec1ededea59bc1af0cad55f94223edf4c03d20e831f66,572ca23c17d0ad734895e8338af458525a753ee76bdb117d2917e4069c6b65b0
gen-ip016,time_limit,time_limit,-9442.538910407999,120.53,-9500.029118293787,351634,,,,Time limit reached,-9448.11238512,300.02,ba1599099bccf0cf78cbc7e4c181f03a3af877b1ba596dac67ad296c81220bee,486fc81a093d278ab259ccebf885ad74692aa31f58bb359704375e74ede42fb5
ran13x13,time_limit,time_limit,3358,120.09,3038.943833943834,68756,,,,Optimal,3251.999999999999,54.22,ddf6f7b055f8cc7442c39a5f3853c3813a8b1f18ae66378d752938337b9cc579,2976a3bd124a0f7018e4c047bff941abe920edd8b0181f9f4f94f7d86bf7a99b
enlight11,time_limit,time_limit,,120.19,17,136185,,,,Infeasible,inf,97.94,a2cc7c5a9bfd6e80b185c5f67f6b0aefa9f8579a2bd485c7c7856fc6cf814780,2137d389c5982c0248ae1a272437354237b73aeca49b73f7bc31b1e66de97407
f2gap40400,match,optimal,20772,0.49,20772,507,0.0,0.0,0.0,Optimal,20772.0,0.02,f592e8d127e1f3c5d36d65b05ddcb88ad5bf34d23de7e22941fd050221314a74,1a679dbf2a216467f9028f62ec15a0499d2dea3915b66c539e5f62c6ecf8651c
timtab1,time_limit,time_limit,,120.08,297107.0000001,100532,,,,Optimal,764773.9999997794,102.13,5867d1a9c1067a849211c1a61bdb8839fb0025255dde09989d0ed333e0674d7a,bc196d8cba1f846a3de1cdbed4463f6444186105ef3d3545935091b8403b0435
neos-5140963-mincio,time_limit,time_limit,14393,120.08,11172.42857142857,68750,,,,Time limit reached,14392.999999999998,300.03,cf5cafaab453d0d450f7e654dfc85e0492a1a20d9229c0371158a6cc88b1de4b,90df12b469c63c23b8f1441d528b0fda0b161b30d01204497757ec5b2edb073e
rlp1,time_limit,time_limit,15,120.01,13.244444444444456,6156,,,,Optimal,15.0,0.57,edd6f521c7abe8b2de7425601d1739599b44d27bc192e8c757fe9b5ba03fa2c3,bb527fc97c0f9bb12f9274708a29988ca4be0b054d50fbccd17940a89372cbd1
gen-ip002,time_limit,time_limit,-4771.636391500001,120.33,-4815.467161408667,183598,,,,Time limit reached,-4772.258675,300.02,cb37e723fa2187947981215bf9c8ba40d452984d7b9be3467e9f9d18f0343f78,30ed071e531beea561b330dd8e590eb641a5ec6d4e3f41a8d54735ce27db01b6
gen-ip021,time_limit,time_limit,2364.3209851467,120.23,2345.9862861619213,191541,,,,Time limit reached,2363.0855364918,300.03,9ac8b2fb75d669fab7dc382f633a6579a07524faea4f3ddf5ded6e21a054ce93,ab3150e5e4ba4fd022f5a0ccab21bef329b6da8001cb67eedacb11221f2e7c54
k16x240b,time_limit,time_limit,,120.1,6619.133,97560,,,,Time limit reached,11392.999999999993,300.01,9419777aed4f6f709363418843c01d447253f8545ab886dda1834c98f82bed71,f143388581113bc4c2d50032a501c7d0c817f5b211b72e9576d4e4f40a0ca665
beavma,time_limit,time_limit,,120.01,261116.78045891694,55974,,,,Optimal,383285.0,0.38,0c0ffc4296db278854e7a027d4f0d1e1fa7ecb1a161eba5d4ea41c07561adf4c,4c31106d0684dd6e52b59a04d4df1f1b0d9c354edd6302bea8cd1d0729d383c1
ran12x21,time_limit,time_limit,4021,120.06,3399.9438137626207,60818,,,,Optimal,3664.0,55.77,15ad9b8724f5ba4f6ac958e442040a68abab37943e6a0a4cdf59f8a24e03e2b6,556fd7ddd3d50fd42c99557e1ce0d1db60578461d792bec078880443abbc42e3
neos-3611689-kaihu,time_limit,time_limit,,120.03,109.994,41132,,,,Optimal,119.0,3.37,60004f4ee9cef8f8e7e9d811d5de63e75e6e96b577a54c923ef1971b89a87039,892d138554ba6d7c139af0ca5f758a205bf2152e941429791c63f62e68e34b6b
neos-3610040-iskar,time_limit,time_limit,37,120.04,35.335625,42309,,,,Optimal,36.99999999999998,2.93,21af4a188c565a06e2c4ad3776b1925f48d9782425c0a6b80fe67adfe2e9320d,943ccf5cbd459159e6ede61d5bdc6cf836e7b83e8b6277de4674cf593f6a411d
supportcase16,match,optimal,288,0.29,288,187,0.0,0.0,0.0,Optimal,287.99999999999955,0.11,2063fbcfb893abb2c80662ba88e473b13cbc89402aeae2c2f2b7d4c19647b663,6427f1ae8ce20dbb084d51fefc8b0ca48146898347b6fa8d73402691b94b8013
stein45inf,infeasible_match,infeasible,,4.64,,917,,,,Infeasible,inf,2.28,980e5e737fd24b511021159eeb19d612be5b858206d4f87333c4fafb2a52a184,e9481f22f42760de9cf91de662f39f87c23980f29c2a4d3e8eeeb2472c83818a
supportcase14,match,optimal,288,0.29,288,144,0.0,0.0,0.0,Optimal,288.0000000000003,0.1,a8cb263fed392f55c3a506274e69b5172ae82d308cf05240bde0c8070df7c5f5,175c440459a37bfa756619e6b499de802e38202fe2279f4ac46aa4bc5e526a81
neos-3611447-jijia,time_limit,time_limit,111,120.03,102.42375000000001,40559,,,,Optimal,107.0,4.1,58d5cd2bd2d01352c44d285aad64afbc49a84cc0d2a70234aa297f2a4a874766,e642dd9e9407cd3a9a9dc0be512c5bf8840affa1ae3c51228837095a6eb8304e
sp150x300d,time_limit,time_limit,,120.01,10.68579862249918,20588,,,,Optimal,69.0,0.12,47051527397e27d1a62d0462ded35042d5eb5f4c4a3b5e3257c82279b97f1e42,339aa4411ef126df72dc66718090fc6915debdc44d732a0f0be903310e52cf4a
nexp-50-20-1-1,time_limit,time_limit,,120.01,14.848484848484853,5137,,,,Optimal,29.0,0.11,2517cf480d3f4378ae9dcdc501582d4c32bd0b679817beda4b745ad05a793a96,b7449ad1fb059d1965225e63b9dfef6928361a40ecff2902e97fe56a36011dba
neos-3046615-murg,time_limit,time_limit,,120.02,404,24578,,,,Time limit reached,1602.0,300.01,07d98d3032b201c023a7628a75974093c945987119a19803bcc69f0476956e19,d8bfe7f051fdf60fdd27c0c5e7e6286729561275f13d87e2f71b1e78b19ccaf5
neos859080,infeasible_match,infeasible,,11.92,,4745,,,,Infeasible,inf,2.92,bace2c785ab613cdd997b74197a44eca35b7b7871b18e4d958a9e83fa5ee205b,127e8c4b5e67ac665bd5c7ff062375364c8716c2b31bdb38334ab23befa95fc7

