name,status
25fv47,pass
80bau3b,timeout
adlittle,pass
afiro,pass
agg,pass
agg2,pass
agg3,pass
bandm,pass
beaconfd,pass
blend,pass
bnl1,pass
bnl2,pass
boeing1,pass
boeing2,pass
bore3d,pass
brandy,pass
capri,pass
cycle,solver_failed
czprob,pass
d2q06c,timeout
d6cube,timeout
degen2,solver_failed
degen3,timeout
dfl001,timeout
e226,pass
etamacro,pass
fffff800,pass
finnis,pass
fit1d,pass
fit1p,pass
fit2d,timeout
fit2p,timeout
forplan,pass
ganges,pass
gfrd-pnc,pass
greenbea,timeout
greenbeb,timeout
grow15,pass
grow22,pass
grow7,pass
israel,pass
kb2,pass
lotfi,pass
maros,solver_failed
maros-r7,pass
modszk1,pass
nesm,pass
perold,timeout
pilot,timeout
pilot.ja,solver_failed
pilot.we,highs_failed
pilot4,highs_failed
pilot87,timeout
pilotnov,solver_failed
recipe,pass
sc105,pass
sc205,pass
sc50a,pass
sc50b,pass
scagr25,pass
scagr7,pass
scfxm1,pass
scfxm2,pass
scfxm3,pass
scorpion,pass
scrs8,pass
scsd1,pass
scsd6,pass
scsd8,pass
sctap1,pass
sctap2,pass
sctap3,pass
seba,pass
share1b,pass
share2b,pass
shell,pass
ship04l,pass
ship04s,pass
ship08l,pass
ship08s,pass
ship12l,pass
ship12s,pass
sierra,pass
stair,pass
standata,pass
standgub,pass
standmps,pass
stocfor1,pass
stocfor2,pass
tuff,pass
vtp.base,pass
wood1p,pass
woodw,timeout
