case,in_denominator,verdict,pass,strict,engine_status,objective,reference_status,reference_objective,checker_objective,abs_objective_error,rel_objective_error,row_violation_rel,bound_violation,worst_row,iterations,wall_s,message
25fv47,True,pass,True,True,optimal,5501.8458882866835,Optimal,5501.845888286757,5501.8458882866835,7.366907084360719e-11,1.3389882657463404e-14,2.6912520948639906e-12,7.454533854327758e-14,RH096,2667,0.161,dual 2667 + primal 0 iterations
80bau3b,True,pass,True,True,optimal,987224.1924090897,Optimal,987224.1924090902,987224.1924090897,5.820766091346741e-10,5.896093446760578e-16,1.5916157281026244e-12,0.0,MG9NG...,3679,0.222,dual 3679 + primal 0 iterations
adlittle,True,pass,True,True,optimal,225494.9631623803,Optimal,225494.9631623803,225494.9631623803,0.0,0.0,4.263256414560601e-14,0.0,....33,95,0.003,dual 95 + primal 0 iterations
afiro,True,pass,True,True,optimal,-464.75314285714285,Optimal,-464.75314285714285,-464.75314285714285,0.0,0.0,1.4210854715202004e-14,0.0,R19,23,0.002,dual 23 + primal 0 iterations
agg,True,pass,True,True,optimal,-35991767.286576495,Optimal,-35991767.2865765,-35991767.286576495,7.450580596923828e-09,2.0700791204833662e-16,1.1641532182693481e-10,0.0,INV00304,134,0.007,dual 134 + primal 0 iterations
agg2,True,pass,True,True,optimal,-20239252.355977118,Optimal,-20239252.355977118,-20239252.355977118,0.0,0.0,2.9103830456733704e-11,0.0,I0010103,168,0.008,dual 168 + primal 0 iterations
agg3,True,pass,True,True,optimal,10312115.935089212,Optimal,10312115.935089216,10312115.935089212,3.725290298461914e-09,3.6125372541495624e-16,2.9103830456733704e-11,0.0,I0010103,167,0.008,dual 167 + primal 0 iterations
bandm,True,pass,True,True,optimal,-158.62801845012083,Optimal,-158.62801845012078,-158.62801845012083,5.684341886080802e-14,3.5834412745111574e-16,3.4416913763379853e-13,0.0,...53,523,0.016,dual 523 + primal 0 iterations
beaconfd,True,pass,True,True,optimal,33592.48580719999,Optimal,33592.4858072,33592.48580719999,7.275957614183426e-12,2.1659479610835895e-16,1.3073986337985843e-11,0.0,51940,121,0.006,dual 121 + primal 0 iterations
blend,True,pass,True,True,optimal,-30.812149845828223,Optimal,-30.812149845828237,-30.812149845828223,1.4210854715202004e-14,4.612094510219987e-16,1.7763568394002505e-15,0.0,32,114,0.003,dual 114 + primal 0 iterations
bnl1,True,pass,True,True,optimal,1977.629561522886,Optimal,1977.6295615228878,1977.629561522886,1.8189894035458565e-12,9.197826726179854e-16,1.1368683772161603e-13,4.235699363673645e-14,LWR10002,1026,0.042,dual 1026 + primal 0 iterations
bnl2,True,pass,True,True,optimal,1811.2365403585466,Optimal,1811.2365403585482,1811.2365403585466,1.5916157281026244e-12,8.787453723672955e-16,2.7711166694643907e-13,0.0,OTT10004,2070,0.141,dual 2070 + primal 0 iterations
boeing1,True,pass,True,True,optimal,-335.2135675071267,Optimal,-335.21356750712675,-335.2135675071267,5.684341886080802e-14,1.69573741550898e-16,5.684341886080802e-14,2.842170943040401e-14,P1012X32,453,0.014,dual 453 + primal 0 iterations
boeing2,True,pass,True,True,optimal,-315.0187280152027,Optimal,-315.0187280152027,-315.0187280152027,0.0,0.0,1.9984014443252818e-15,0.0,FLAV*4,167,0.005,dual 167 + primal 0 iterations
bore3d,True,pass,True,True,optimal,1373.0803942084929,Optimal,1373.0803942084926,1373.0803942084929,2.2737367544323206e-13,1.6559385481161197e-16,4.547473508864641e-13,0.0,UPT...XI,182,0.005,dual 182 + primal 0 iterations
brandy,True,pass,True,True,optimal,1518.509896488128,Optimal,1518.5098964881279,1518.509896488128,2.2737367544323206e-13,1.4973473401067803e-16,2.2737367544323206e-13,4.372570681600617e-15,10124A,344,0.011,dual 344 + primal 0 iterations
capri,True,pass,True,True,optimal,2690.012913768161,Optimal,2690.0129137681593,2690.012913768161,1.8189894035458565e-12,6.762009930271388e-16,1.1333156635373598e-12,6.661338147750939e-15,VLRES,325,0.008,dual 325 + primal 0 iterations
cycle,True,pass,True,True,optimal,-5.226393024894103,Optimal,-5.226393024894102,-5.226393024894103,8.881784197001252e-16,1.699409928548421e-16,1.7767274001277372e-13,6.537500462614248e-14,NFL.DEBD,1908,0.139,dual 1895 + primal 13 iterations
czprob,True,pass,True,True,optimal,2185196.6988565787,Optimal,2185196.698856578,2185196.6988565787,4.656612873077393e-10,2.1309811036754735e-16,1.7763568394002505e-13,0.0,.B2PLP,1842,0.059,dual 1842 + primal 0 iterations
d2q06c,True,pass,True,True,optimal,122784.21081418934,Optimal,122784.2108141893,122784.21081418934,4.3655745685100555e-11,3.555485301865504e-16,4.3655745685100555e-11,2.3086577048812027e-13,0D0FTD,5923,1.084,dual 5923 + primal 0 iterations
d6cube,True,pass,True,True,optimal,315.49166666666656,Optimal,315.49166666666696,315.49166666666656,3.979039320256561e-13,1.2612185172106682e-15,2.801912663385184e-12,8.425641137169543e-13,2005,482,0.073,dual 482 + primal 0 iterations
degen2,True,pass,True,True,optimal,-1435.178,Optimal,-1435.178,-1435.178,0.0,0.0,3.3306690738754696e-16,6.661338147750939e-16,P027029C,555,0.02,dual 555 + primal 0 iterations
degen3,True,pass,True,True,optimal,-987.2940000000002,Optimal,-987.2940000000007,-987.2940000000002,4.547473508864641e-13,4.60599731069432e-16,3.552713678800501e-15,1.7763568394002505e-15,P084043A,2339,0.292,dual 2339 + primal 0 iterations
dfl001,True,pass,True,True,optimal,11266396.046671372,Optimal,11266396.04667138,11266396.046671372,7.450580596923828e-09,6.613100201750034e-16,1.0089706847793423e-12,2.5619506516250112e-12,R4421,23293,14.09,dual 23293 + primal 0 iterations
e226,True,pass,True,True,optimal,-11.638929066370526,Optimal,-11.638929066370537,-11.638929066370533,1.0658141036401503e-14,9.15732106933883e-16,9.008808395376055e-15,9.94572850368271e-16,...187,390,0.01,dual 390 + primal 0 iterations
etamacro,True,pass,True,True,optimal,-755.7152333749132,Optimal,-755.7152333005275,-755.7152333749132,7.438563898176653e-08,9.843077882245808e-11,1.7763568394002505e-13,5.329070518200751e-16,COSTEN50,731,0.017,dual 716 + primal 15 iterations
fffff800,True,pass,True,True,optimal,555679.5648174963,Optimal,555679.5648174963,555679.5648174963,0.0,0.0,6.394884621840902e-14,0.0,..P.NE,1025,0.034,dual 1025 + primal 0 iterations
finnis,True,pass,True,True,optimal,172791.06559561158,Optimal,172791.06559561164,172791.06559561158,5.820766091346741e-11,3.368673068415043e-16,7.460698725481052e-13,0.0,3BALHCO,363,0.008,dual 363 + primal 0 iterations
fit1d,True,pass,True,True,optimal,-9146.378092420928,Optimal,-9146.378092420928,-9146.378092420928,0.0,0.0,3.637978807091713e-12,0.0,X0000008,63,0.009,dual 63 + primal 0 iterations
fit1p,True,pass,True,True,optimal,9146.378092420931,Optimal,9146.378092420935,9146.378092420931,3.637978807091713e-12,3.9775075667452364e-16,1.3534147347811431e-15,0.0,R0000615,785,0.049,dual 785 + primal 0 iterations
fit2d,True,pass,True,True,optimal,-68464.2932938321,Optimal,-68464.2932938321,-68464.2932938321,0.0,0.0,6.679101716144942e-13,0.0,X0000011,141,0.143,dual 141 + primal 0 iterations
fit2p,True,pass,True,True,optimal,68464.29329383218,Optimal,68464.29329383216,68464.29329383218,1.4551915228366852e-11,2.1254751240787014e-16,1.1546319456101628e-14,0.0,R0002546,4780,1.952,dual 4780 + primal 0 iterations
forplan,True,pass,True,True,optimal,-664.218961272204,Optimal,-664.2189612722054,-664.218961272204,1.4779288903810084e-12,2.225062782836358e-15,2.0463630789890885e-12,0.0,DEDO3 2R,250,0.01,dual 250 + primal 0 iterations
ganges,True,pass,True,True,optimal,-109585.7361292781,Optimal,-109585.73612927813,-109585.7361292781,2.9103830456733704e-11,2.655804622455605e-16,1.1652900866465643e-11,0.0,CONT0308,1310,0.051,dual 1310 + primal 0 iterations
gfrd-pnc,True,pass,True,True,optimal,6902235.999548812,Optimal,6902235.999548812,6902235.999548812,0.0,0.0,3.637978807091713e-12,3.637978807091713e-12,HU2,573,0.016,dual 573 + primal 0 iterations
greenbea,True,pass,True,False,optimal,-72555248.12984599,Optimal,-72555248.12984587,-72555248.12984599,1.1920928955078125e-07,1.6430140151604562e-15,6.137810260042897e-08,2.3107080837726835e-14,BN4...U3,5081,0.69,dual 5081 + primal 0 iterations
greenbeb,True,pass,True,True,optimal,-4302260.261206586,Optimal,-4302260.261206586,-4302260.261206586,0.0,0.0,2.7910118660656735e-11,7.943956051976276e-13,KWC.....,7655,1.16,dual 7655 + primal 0 iterations
grow15,True,pass,True,True,optimal,-106870941.29357535,Optimal,-106870941.29357533,-106870941.29357535,1.4901161193847656e-08,1.3943136472349437e-16,2.9103830456733704e-10,0.0,PRI0213,1330,0.057,dual 1330 + primal 0 iterations
grow22,True,pass,True,True,optimal,-160834336.48256296,Optimal,-160834336.48256296,-160834336.48256296,0.0,0.0,3.12070369545836e-10,0.0,PRI1908,2273,0.122,dual 2273 + primal 0 iterations
grow7,True,pass,True,True,optimal,-47787811.81471151,Optimal,-47787811.8147115,-47787811.81471151,7.450580596923828e-09,1.559096412661055e-16,1.4551915228366852e-10,0.0,PRI0101,302,0.01,dual 302 + primal 0 iterations
israel,True,pass,True,True,optimal,-896644.8218630463,Optimal,-896644.8218630459,-896644.8218630463,3.4924596548080444e-10,3.8950313096677704e-16,4.337555955439361e-12,0.0,B70,254,0.007,dual 254 + primal 0 iterations
kb2,True,pass,True,True,optimal,-1749.9001299062058,Optimal,-1749.9001299062056,-1749.9001299062058,2.2737367544323206e-13,1.2993522976389474e-16,9.094947017729282e-13,0.0,HRM.3RBW,70,0.003,dual 70 + primal 0 iterations
lotfi,True,pass,True,True,optimal,-25.264706061880002,Optimal,-25.264706061880002,-25.264706061880002,0.0,0.0,1.8189894035458565e-12,0.0,113,258,0.006,dual 258 + primal 0 iterations
maros,True,pass,True,True,optimal,-58063.7437011259,Optimal,-58063.74370112589,-58063.7437011259,1.4551915228366852e-11,2.506196517963185e-16,4.285011699311157e-11,3.218587642874317e-13,M0192FN2,2057,0.104,dual 2057 + primal 0 iterations
maros-r7,True,pass,True,True,optimal,1497185.1664796427,Optimal,1497185.1664796423,1497185.1664796427,4.656612873077393e-10,3.110245130217639e-16,1.4736345565505695e-13,0.0,R1572,4552,4.219,dual 4552 + primal 0 iterations
modszk1,True,pass,True,True,optimal,320.6197290639574,Optimal,320.61972906434596,320.6197290639574,3.885816113324836e-10,1.2119703689678378e-12,4.285993782104924e-11,3.637978807091713e-12,ROW0047,692,0.02,dual 692 + primal 0 iterations
nesm,True,pass,True,True,optimal,14076036.487562729,Optimal,14076036.487562705,14076036.487562729,2.421438694000244e-08,1.7202560508704118e-15,4.5989878572072485e-12,0.0,QCRP35,1700,0.093,dual 1697 + primal 3 iterations
perold,True,pass,True,True,optimal,-9380.755278235483,Optimal,-9380.755278235187,-9380.755278235483,2.964952727779746e-10,3.160675915572489e-14,2.3283064365386963e-10,8.296357887350448e-13,POPL08,1287,0.078,dual 1287 + primal 0 iterations
pilot,True,pass,True,True,optimal,-557.4897292840687,Optimal,-557.4897292744025,-557.4897292840687,9.666223377280403e-09,1.7338836699039135e-11,1.0368594871579262e-11,0.0,IESOPR08,4431,1.525,dual 4429 + primal 2 iterations
pilot.ja,True,pass,True,True,optimal,-6113.136465581391,Optimal,-6113.136465581338,-6113.136465581391,5.3660187404602766e-11,8.777848769894894e-15,1.7967207217048054e-11,1.6224309980470843e-15,DWEC02,2096,0.204,dual 2092 + primal 4 iterations
pilot.we,True,reference_excluded_60s,False,False,optimal,-2720107.5328449626,Optimal,-2720107.5328449584,,,,,,,2736,0.157,dual 2736 + primal 0 iterations
pilot4,True,reference_excluded_60s,False,False,optimal,-2581.139258883819,Optimal,-2581.1392588838853,,,,,,,710,0.04,dual 705 + primal 5 iterations
pilot87,True,pass,True,True,optimal,301.71034733311035,Optimal,301.71034733310745,301.71034733311035,2.8990143619012088e-12,9.608601055702316e-15,6.481870595820283e-11,0.0,CAMTRV06,10522,14.981,dual 10259 + primal 263 iterations
pilotnov,True,pass,True,True,optimal,-4497.276188218872,Optimal,-4497.2761882188715,-4497.276188218872,9.094947017729282e-13,2.0223234324710887e-16,1.6007106751203537e-10,3.637978807091713e-12,POPL03,1297,0.1,dual 1297 + primal 0 iterations
recipe,True,pass,True,True,optimal,-266.61600000000027,Optimal,-266.61600000000027,-266.61600000000027,0.0,0.0,0.0,0.0,,56,0.004,dual 56 + primal 0 iterations
sc105,True,pass,True,True,optimal,-52.202061211707225,Optimal,-52.20206121170723,-52.202061211707225,7.105427357601002e-15,1.3611392333311705e-16,1.1368683772161603e-13,0.0,ROW00081,142,0.003,dual 142 + primal 0 iterations
sc205,True,pass,True,True,optimal,-52.202061211707225,Optimal,-52.20206121170721,-52.202061211707225,1.4210854715202004e-14,2.722278466662342e-16,4.547473508864641e-13,0.0,ROW00181,255,0.006,dual 255 + primal 0 iterations
sc50a,True,pass,True,True,optimal,-64.5750770585645,Optimal,-64.5750770585645,-64.5750770585645,0.0,0.0,1.4210854715202004e-14,0.0,ROW00004,59,0.002,dual 59 + primal 0 iterations
sc50b,True,pass,True,True,optimal,-69.99999999999999,Optimal,-69.99999999999999,-69.99999999999999,0.0,0.0,1.4210854715202004e-14,0.0,ROW00036,53,0.002,dual 53 + primal 0 iterations
scagr25,True,pass,True,True,optimal,-14753433.060768526,Optimal,-14753433.060768528,-14753433.060768526,1.862645149230957e-09,1.2625164201164777e-16,3.410605131648481e-12,0.0,ROW00391,520,0.013,dual 520 + primal 0 iterations
scagr7,True,pass,True,True,optimal,-2331389.824330984,Optimal,-2331389.824330984,-2331389.824330984,0.0,0.0,2.2737367544323206e-13,0.0,ROW00070,176,0.004,dual 176 + primal 0 iterations
scfxm1,True,pass,True,True,optimal,18416.759028348944,Optimal,18416.759028348948,18416.759028348944,3.637978807091713e-12,1.9753632012515155e-16,1.8189894035458565e-12,8.881784197001252e-16,1RB087,506,0.01,dual 506 + primal 0 iterations
scfxm2,True,pass,True,True,optimal,36660.261564998815,Optimal,36660.261564998815,36660.261564998815,0.0,0.0,1.8189894035458565e-12,1.3183898417423734e-16,2RB087,1112,0.032,dual 1112 + primal 0 iterations
scfxm3,True,pass,True,True,optimal,54901.25454975146,Optimal,54901.254549751444,54901.25454975146,1.4551915228366852e-11,2.650561512247398e-16,1.8189894035458565e-12,5.684341886080802e-16,3RB087,1665,0.063,dual 1665 + primal 0 iterations
scorpion,True,pass,True,True,optimal,1878.1248227381068,Optimal,1878.1248227381068,1878.1248227381068,0.0,0.0,5.551115123125783e-16,0.0,C0077,343,0.009,dual 343 + primal 0 iterations
scrs8,True,pass,True,True,optimal,904.2969538007918,Optimal,904.296953800792,904.2969538007918,2.2737367544323206e-13,2.514369582774469e-16,7.105427357601002e-15,1.1102230246251566e-17,WTNELE45,612,0.02,dual 612 + primal 0 iterations
scsd1,True,pass,True,True,optimal,8.666666674333365,Optimal,8.666666674333364,8.666666674333365,1.7763568394002505e-15,2.0496425051871364e-16,1.1102230246251565e-16,2.4825341550701767e-17,20000013,86,0.005,dual 84 + primal 2 iterations
scsd6,True,pass,True,True,optimal,50.50000007714436,Optimal,50.5000000782623,50.50000007714436,1.1179466241628688e-09,2.2137556879808566e-11,2.7755575615628914e-16,0.0,20000034,304,0.012,dual 294 + primal 10 iterations
scsd8,True,pass,True,True,optimal,904.9999999254646,Optimal,904.9999999254643,904.9999999254646,3.410605131648481e-13,3.768624455170583e-16,8.881784197001252e-16,0.0,20000137,1063,0.041,dual 1063 + primal 0 iterations
sctap1,True,pass,True,True,optimal,1412.25,Optimal,1412.25,1412.25,0.0,0.0,1.7763568394002505e-15,0.0,ACZZ5ZZ4,367,0.01,dual 367 + primal 0 iterations
sctap2,True,pass,True,True,optimal,1724.807142857143,Optimal,1724.807142857143,1724.807142857143,0.0,0.0,2.220446049250313e-16,1.4802973661668754e-17,ACZ22Z10,790,0.02,dual 790 + primal 0 iterations
sctap3,True,pass,True,True,optimal,1424,Optimal,1424.0,1424.0,0.0,0.0,0.0,0.0,,1111,0.04,dual 1111 + primal 0 iterations
seba,True,pass,True,True,optimal,15711.599999999999,Optimal,15711.599999999999,15711.599999999999,0.0,0.0,0.0,0.0,,438,0.013,dual 438 + primal 0 iterations
share1b,True,pass,True,True,optimal,-76589.31857918571,Optimal,-76589.31857918572,-76589.31857918571,1.4551915228366852e-11,1.8999927794528712e-16,1.793547923869103e-10,0.0,000041,267,0.006,dual 267 + primal 0 iterations
share2b,True,pass,True,True,optimal,-415.7322407414197,Optimal,-415.73224074141945,-415.7322407414197,2.2737367544323206e-13,5.469233635518199e-16,2.2737367544323206e-13,0.0,000029,150,0.003,dual 150 + primal 0 iterations
shell,True,pass,True,True,optimal,1208825346,Optimal,1208825346.0,1208825346.0,0.0,0.0,0.0,0.0,,556,0.012,dual 556 + primal 0 iterations
ship04l,True,pass,True,True,optimal,1793324.5379703564,Optimal,1793324.5379703562,1793324.5379703564,2.3283064365386963e-10,1.298318506907746e-16,9.805817973828602e-15,1.7763568394002505e-15,BAL0201,408,0.009,dual 408 + primal 0 iterations
ship04s,True,pass,True,True,optimal,1798714.7004453915,Optimal,1798714.7004453917,1798714.7004453915,2.3283064365386963e-10,1.2944278689456247e-16,2.930988785010413e-14,2.930988785010413e-14,BAL0101,409,0.008,dual 409 + primal 0 iterations
ship08l,True,pass,True,True,optimal,1909055.211389131,Optimal,1909055.211389131,1909055.211389131,0.0,0.0,8.014369574718879e-15,3.1086244689504383e-15,BAL0104,726,0.022,dual 726 + primal 0 iterations
ship08s,True,pass,True,True,optimal,1920098.210534618,Optimal,1920098.2105346182,1920098.210534618,2.3283064365386963e-10,1.2125975763971049e-16,4.08006961549745e-15,8.881784197001252e-16,BAL0702,679,0.016,dual 679 + primal 0 iterations
ship12l,True,pass,True,True,optimal,1470187.9193292663,Optimal,1470187.9193292663,1470187.9193292663,0.0,0.0,1.787508554896959e-14,2.0816681711721685e-15,BAL0704,1206,0.038,dual 1206 + primal 0 iterations
ship12s,True,pass,True,True,optimal,1489236.134406133,Optimal,1489236.1344061329,1489236.134406133,2.3283064365386963e-10,1.5634232763678958e-16,2.377434033689365e-14,3.1086244689504383e-15,BAL0204,1134,0.036,dual 1134 + primal 0 iterations
sierra,True,pass,True,True,optimal,15394362.183631929,Optimal,15394362.183631929,15394362.183631929,0.0,0.0,2.2737367544323206e-13,2.2737367544323206e-13,BP4R,598,0.025,dual 593 + primal 5 iterations
stair,True,pass,True,True,optimal,-251.26695119296318,Optimal,-251.26695119296335,-251.26695119296318,1.7053025658242404e-13,6.786816004762337e-16,2.575717417130363e-13,0.0,DRQL47,436,0.023,dual 436 + primal 0 iterations
standata,True,pass,True,True,optimal,1257.6995,Optimal,1257.6995,1257.6995,0.0,0.0,2.6645352591003757e-14,0.0,FCC.....,81,0.004,dual 81 + primal 0 iterations
standgub,True,pass,True,True,optimal,1257.6995,Optimal,1257.6995,1257.6995,0.0,0.0,2.6645352591003757e-14,0.0,FCC.....,81,0.004,dual 81 + primal 0 iterations
standmps,True,pass,True,True,optimal,1406.0174999999997,Optimal,1406.0175,1406.0174999999997,2.2737367544323206e-13,1.617146838095771e-16,3.2462921240039577e-13,0.0,FTR.....,229,0.007,dual 229 + primal 0 iterations
stocfor1,True,pass,True,True,optimal,-41131.976219436394,Optimal,-41131.97621943641,-41131.976219436394,1.4551915228366852e-11,3.537859486919212e-16,4.547473508864641e-13,0.0,YIELD606,123,0.003,dual 123 + primal 0 iterations
stocfor2,True,pass,True,True,optimal,-39024.40853788211,Optimal,-39024.408537882104,-39024.40853788211,7.275957614183426e-12,1.8644632646053936e-16,4.547473508864641e-13,2.2065682614424986e-15,YIELD40H,2269,0.138,dual 2269 + primal 0 iterations
tuff,True,pass,True,True,optimal,0.2921477650936128,Optimal,0.292147765093613,0.2921477650936128,2.220446049250313e-16,2.220446049250313e-16,2.2737367544323206e-13,0.0,W12.G2BW,293,0.011,dual 293 + primal 0 iterations
vtp.base,True,pass,True,True,optimal,129831.46246136136,Optimal,129831.46246136137,129831.46246136136,1.4551915228366852e-11,1.1208311877945293e-16,5.431017954201114e-13,7.105427357601002e-15,FOC.....,189,0.006,dual 189 + primal 0 iterations
wood1p,True,pass,True,True,optimal,1.442902411573409,Optimal,1.442902411573409,1.442902411573409,0.0,0.0,7.934885387639312e-14,3.620282934249839e-17,BAL01201,788,0.097,dual 788 + primal 0 iterations
woodw,True,pass,True,True,optimal,1.3044763330842297,Optimal,1.3044763330842293,1.3044763330842297,4.440892098500626e-16,3.4043485388507084e-16,1.1368683772161603e-13,1.4802973661668755e-18,BAL04001,2916,0.277,dual 2916 + primal 0 iterations
truss,False,pass,True,True,optimal,458815.84718561696,Optimal,458815.84718561685,458815.84718561696,1.1641532182693481e-10,2.53729949697745e-16,7.815970093361102e-14,9.930438502908378e-16,ROW10579,19221,2.318,dual 19221 + primal 0 iterations
