case,status,iterations,wall_s,objective,primal_res,dual_res,gap,max_row_viol,kkt_dim,factor_nnz,message,highs_status,highs_obj,chk_obj,chk_row_viol,chk_row_rel,chk_bound_viol,chk_bound_rel,obj_rel_err
25fv47,optimal,25,0.093864,5501.845889041697,8.287e-11,1.221e-19,2.784e-10,8.287e-11,2696,50347,,Optimal,5501.845888286757,5501.8458890417005,8.286618475041625e-11,8.286618475041625e-11,0.0,0.0,1.3721637663701222e-10
80bau3b,optimal,49,1.824521,987224.1963364863,2.035e-10,5.572e-18,5.318e-09,2.035e-10,13751,60826,,Optimal,987224.1924090902,987224.1963364917,2.0353045985015525e-10,2.0353045985015525e-10,0.0,0.0,3.9782265568663075e-09
adlittle,optimal,12,0.000976,225494.96334994194,4.215e-12,0.0,1.336e-09,4.215e-12,194,707,,Optimal,225494.9631623803,225494.96334994203,4.214805357985131e-12,4.214805357985131e-12,0.0,0.0,8.317779174479782e-10
afiro,optimal,9,0.000246,-464.75314105851277,1.421e-14,0.0,5.834e-09,3.553e-14,78,156,,Optimal,-464.75314285714285,-464.75314105851277,3.552713678800501e-14,1.4210854715202004e-14,0.0,0.0,3.8700762072790185e-09
agg,optimal,19,0.014983,-35991767.28527009,6.109e-09,0.0,3.393e-10,6.109e-09,1103,6675,,Optimal,-35991767.2865765,-35991767.28527008,6.10870022365809e-09,6.10870022365809e-09,0.0,0.0,3.6297802338115586e-11
agg2,optimal,19,0.061269,-20239252.355226256,6.188e-11,1.076e-10,1.422e-10,6.188e-11,1274,21047,,Optimal,-20239252.355977118,-20239252.355226256,1.0246862480421207e-10,1.0246862480421207e-10,0.0,0.0,3.709929837184127e-11
agg3,optimal,19,0.065914,10312115.969676567,3.066e-10,0.0,6.77e-09,3.066e-10,1274,21542,,Optimal,10312115.935089216,10312115.969676578,3.0655893598705827e-10,3.0655893598705827e-10,0.0,0.0,3.354051001645163e-09
bandm,optimal,17,0.007252,-158.62801825878236,5.352e-11,0.0,4.099e-09,5.352e-11,777,6157,,Optimal,-158.62801845012078,-158.62801825878228,5.351558374962873e-11,5.351558374962873e-11,0.0,0.0,1.2062087295084213e-09
beaconfd,optimal,10,0.006404,33592.485807222656,6.324e-09,1.518e-17,9.729e-13,6.324e-09,468,5470,,Optimal,33592.4858072,33592.48580722265,6.316642764403468e-09,6.316642764403468e-09,0.0,0.0,6.742596002853214e-13
blend,optimal,17,0.000999,-30.812149833418975,3.183e-15,2.226e-10,5.748e-10,3.183e-15,188,1098,,Optimal,-30.812149845828237,-30.812149833418996,3.552713678800501e-15,3.552713678800501e-15,0.0,0.0,4.0273858514742003e-10
bnl1,optimal,27,0.023148,1977.6295671987448,2.842e-10,0.0,9.667e-09,2.842e-10,2208,16769,,Optimal,1977.6295615228878,1977.6295671987446,2.841732145081183e-10,2.841732145081183e-10,0.0,0.0,2.8700302957091097e-09
bnl2,optimal,36,0.821506,1811.2365405027806,1.776e-13,7.372e-15,9.346e-11,1.776e-13,6722,91252,,Optimal,1811.2365403585482,1811.2365405027783,1.7763568394002505e-13,1.7763568394002505e-13,0.0,0.0,7.963077582844555e-11
boeing1,optimal,19,0.011634,-335.213567236876,1.599e-10,0.0,2.544e-09,1.599e-10,1071,9239,,Optimal,-335.21356750712675,-335.21356723687546,1.5985136840859846e-10,1.5985136840859846e-10,0.0,0.0,8.062063047665915e-10
boeing2,optimal,15,0.004025,-315.01872797030217,7.258e-13,0.0,1.483e-10,7.258e-13,419,2835,,Optimal,-315.0187280152027,-315.01872797030217,7.257527911974648e-13,7.257527911974648e-13,0.0,0.0,1.4253298525339262e-10
bore3d,optimal,14,0.00274,1373.0803943319477,3.529e-10,0.0,2.445e-10,3.529e-10,566,3117,,Optimal,1373.0803942084926,1373.0803943319484,3.5197444958612323e-10,3.5197444958612323e-10,0.0,0.0,8.991150178393208e-11
brandy,optimal,17,0.008687,1518.5098967413319,7.529e-11,1.371e-15,4.568e-10,7.529e-11,474,5311,,Optimal,1518.5098964881279,1518.5098967413319,1.0962253327306826e-10,1.0962253327306826e-10,0.0,0.0,1.6674504899849308e-10
capri,optimal,25,0.007396,2690.0129139907745,3.364e-11,1.18e-14,1.985e-10,3.364e-11,737,5497,,Optimal,2690.0129137681593,2690.0129139907754,3.363531675404374e-11,3.363531675404374e-11,0.0,0.0,8.275652043112987e-11
cycle,optimal,22,0.201721,-5.22639301996538,1.091e-11,9.734e-14,9.28e-10,1.091e-11,5253,99454,,Optimal,-5.226393024894102,-5.226393019965388,1.0913936421275139e-11,1.0913936421275139e-11,0.0,0.0,9.430430153078183e-10
czprob,optimal,31,0.053334,2185196.6989854826,9.511e-11,0.0,5.941e-11,9.511e-11,4258,16904,,Optimal,2185196.698856578,2185196.698985483,9.510917469465604e-11,9.510917469465604e-11,0.0,0.0,5.899003201005483e-11
d2q06c,optimal,30,0.730285,122784.21087543058,4.62e-10,1.18e-16,9.586e-10,4.62e-10,8002,195293,,Optimal,122784.2108141893,122784.21087543025,4.61967473782443e-10,4.61967473782443e-10,0.0,0.0,4.987689298898225e-10
d6cube,optimal,21,0.220193,315.4916666972168,1.825e-14,0.0,9.899e-11,1.455e-11,6588,90110,,Optimal,315.49166666666696,315.49166669721694,1.4551915228366852e-11,1.8251155208614656e-14,0.0,0.0,9.683293444403125e-11
degen2,optimal,12,0.012791,-1435.177995346369,1.56e-10,0.0,6.044e-09,1.592e-09,1201,20176,,Optimal,-1435.178,-1435.1779953463674,1.5917187567993096e-09,1.5603440764814098e-10,0.0,0.0,3.2425473957330435e-09
degen3,optimal,17,0.151551,-987.2939995268993,2.99e-12,0.0,6.271e-10,1.049e-10,4107,137997,,Optimal,-987.2940000000007,-987.2939995268988,1.0489742408026359e-10,2.9902823512359114e-12,0.0,0.0,4.791904574148564e-10
dfl001,numerical_failure,47,17.714647,11266402.532304514,6.011e-07,2.103e-10,7.304e-07,6.322e-07,18301,1616469,non-finite iterate,Optimal,11266396.04667138,11266402.53230453,6.321704359990576e-07,6.011038574535914e-07,0.0,0.0,5.756617398213371e-07
e226,optimal,20,0.007218,-11.638929065286653,5.717e-13,6.06e-18,2.579e-10,5.717e-13,695,6685,,Optimal,-11.638929066370537,-11.63892906528661,5.716585725472831e-13,5.716585725472831e-13,0.0,0.0,9.31293447871046e-11
etamacro,optimal,23,0.057706,-755.7152314618135,5.172e-11,1.376e-12,2.994e-09,5.172e-11,1134,14275,,Optimal,-755.7152333005275,-755.7152314618138,5.171996507794624e-11,5.171996507794624e-11,0.0,0.0,2.433077497723057e-09
fffff800,optimal,26,0.062638,555679.5648192465,2.479e-10,0.0,5.53e-12,2.479e-10,1552,22742,,Optimal,555679.5648174963,555679.5648192465,2.479101402314655e-10,2.479101402314655e-10,0.0,0.0,3.1496352559248027e-12
finnis,optimal,22,0.065568,172791.06667004334,3.336e-10,8.815e-19,8.493e-09,3.336e-10,1516,5838,,Optimal,172791.06559561164,172791.0666700378,3.335661117843267e-10,3.335661117843267e-10,0.0,0.0,6.218065520201215e-09
fit1d,optimal,16,0.01602,-9146.378086093826,4.317e-13,0.0,7.022e-10,4.317e-13,1073,13699,,Optimal,-9146.378092420928,-9146.378086093842,4.3169094672782283e-13,4.3169094672782283e-13,0.0,0.0,6.917585699901719e-10
fit1p,optimal,16,0.013249,9146.378093594121,4.652e-14,0.0,2.098e-10,4.885e-13,2304,10142,,Optimal,9146.378092420935,9146.378093594114,4.884981308350689e-13,4.6523631508101797e-14,0.0,0.0,1.2826706176315706e-10
fit2d,optimal,17,0.17758,-68464.29277557351,1.487e-11,0.0,7.575e-09,1.487e-11,10549,129342,,Optimal,-68464.2932938321,-68464.2927755732,1.4865442210520996e-11,1.4865442210520996e-11,0.0,0.0,7.569769342247362e-09
fit2p,optimal,21,0.097003,68464.29368498552,8.146e-12,0.0,6.213e-09,8.146e-12,16525,52442,,Optimal,68464.29329383216,68464.29368498527,8.145850084403171e-12,8.145850084403171e-12,0.0,0.0,5.713242488279027e-09
forplan,optimal,21,0.030865,-664.2189612574763,8.3e-11,0.0,2.7e-11,9.313e-10,598,7097,,Optimal,-664.2189612722054,-664.2189612574771,1.862645149230957e-09,8.29991830803458e-11,0.0,0.0,2.2173948741693526e-11
ganges,optimal,18,0.181344,-109585.73612683125,8.052e-09,5.547e-13,1.135e-10,8.052e-09,3015,22581,,Optimal,-109585.73612927813,-109585.73612683125,8.051756594795734e-09,8.051756594795734e-09,0.0,0.0,2.2328411782833252e-11
gfrd-pnc,optimal,14,0.023068,6902236.0245052725,7.276e-12,0.0,4.096e-09,7.276e-12,1776,3969,,Optimal,6902235.999548812,6902236.024505269,7.275957614183426e-12,7.275957614183426e-12,0.0,0.0,3.6157060389103246e-09
greenbea,numerical_failure,88,4.116386,-72462610.52005544,3.725e-09,2.633e-06,4.471e-06,3.725e-09,7884,158872,no progress in 30 iterations,Optimal,-72555248.12984587,-72462610.52005541,3.725290298461914e-09,3.725290298461914e-09,0.0,0.0,0.0012767871680994562
greenbeb,optimal,48,2.103169,-4302260.261037791,1.863e-09,2.188e-14,2.023e-10,1.863e-09,7872,171923,,Optimal,-4302260.261206586,-4302260.261037783,2.0137782269265896e-09,2.0137782269265896e-09,0.0,0.0,3.92359219858746e-11
grow15,optimal,12,0.019448,-106870941.12033378,5.239e-10,0.0,2.31e-09,5.239e-10,945,13544,,Optimal,-106870941.29357533,-106870941.12033376,5.238689482212067e-10,5.238689482212067e-10,0.0,0.0,1.621035320686758e-09
grow22,optimal,13,0.027064,-160834336.48109406,4.511e-10,0.0,5.269e-11,4.511e-10,1386,19023,,Optimal,-160834336.48256296,-160834336.481094,4.511093720793724e-10,4.511093720793724e-10,0.0,0.0,9.133351140157566e-12
grow7,optimal,11,0.008369,-47787811.657806136,2.023e-10,0.0,3.892e-09,2.023e-10,441,6148,,Optimal,-47787811.8147115,-47787811.65780614,2.0233815501997238e-10,2.0233815501997238e-10,0.0,0.0,3.2833761279603643e-09
israel,optimal,20,0.017406,-896644.8213540927,0.0,0.0,6.899e-10,0.0,490,4228,,Optimal,-896644.8218630459,-896644.821354093,0.0,0.0,0.0,0.0,5.676192773953284e-10
kb2,optimal,12,0.000857,-1749.900125533016,1.819e-12,0.0,7.477e-09,1.819e-12,111,627,,Optimal,-1749.9001299062056,-1749.9001255330163,1.8189894035458565e-12,1.8189894035458565e-12,0.0,0.0,2.4991079423115715e-09
lotfi,optimal,14,0.004263,-25.264706058713546,2.459e-09,2.22e-16,2.55e-10,2.459e-09,519,2312,,Optimal,-25.264706061880002,-25.264706058713557,2.7939677238464355e-09,2.7939677238464355e-09,0.0,0.0,1.253307628561935e-10
maros-r7,optimal,16,2.127192,1497185.1671112236,4.719e-12,0.0,5.832e-10,4.979e-09,12544,1197987,,Optimal,1497185.1664796423,1497185.1671112229,4.978573997505009e-09,4.719027485786738e-12,0.0,0.0,4.2184534623203557e-10
maros,optimal,23,0.059958,-58063.74369941509,9.597e-10,0.0,9.361e-11,9.597e-10,2774,42888,,Optimal,-58063.74370112589,-58063.74369931221,8.351435099029914e-10,8.351435099029914e-10,0.0,0.0,3.1235980301634156e-11
modszk1,optimal,20,0.017389,320.61972909671806,5.822e-11,7.246e-19,1.603e-10,5.822e-11,2306,6609,,Optimal,320.61972906434596,320.6197290967187,5.822248276562592e-11,5.822248276562592e-11,0.0,0.0,1.0096922307193775e-10
nesm,optimal,32,0.343382,14076036.527336694,4.218e-12,2.07e-10,3.741e-09,4.218e-12,3592,31993,,Optimal,14076036.487562705,14076036.527336698,4.217833009983549e-12,4.217833009983549e-12,0.0,0.0,2.8256528909431798e-09
perold,optimal,25,0.048687,-9380.755278041583,1.965e-10,5.497e-16,5.576e-11,1.965e-10,2067,36749,,Optimal,-9380.755278235187,-9380.755278041583,2.3283064365386963e-10,2.3283064365386963e-10,0.0,0.0,2.0638438102696805e-11
pilot.ja,optimal,26,0.141243,-6113.1364594690285,1.009e-09,1.21e-16,3.267e-09,1.91e-09,2880,61685,,Optimal,-6113.136465581338,-6113.136459469028,1.910422042783466e-09,1.0092036128100805e-09,0.0,0.0,9.99864817247623e-10
pilot,optimal,42,0.877262,-557.4897284573751,7.528e-10,0.0,2.772e-09,7.528e-10,6096,220534,,Optimal,-557.4897292744025,-557.4897284573751,7.527813288898898e-10,7.527813288898898e-10,0.0,0.0,1.4655469970516072e-09
pilot.we,optimal,30,0.076355,-2720107.52951217,3.788e-10,7.01e-18,2.888e-09,3.788e-10,3572,24988,,Optimal,-2720107.5328449584,-2720107.5295121702,5.238689482212067e-10,5.238689482212067e-10,0.0,0.0,1.2252413128663184e-09
pilot4,optimal,26,0.020493,-2581.1392494789534,3.209e-09,9.481e-16,5.986e-09,3.209e-09,1503,14129,,Optimal,-2581.1392588838853,-2581.139249478954,3.2086315710134944e-09,3.2086315710134944e-09,0.0,0.0,3.6437133055902626e-09
pilot87,numerical_failure,169,28.532716,301.7103726058028,5.734e-11,6.447e-07,2.689e-08,5.734e-11,8488,582176,converged on the scaled problem but not on the original model,Optimal,301.71034733310745,301.7103726058029,5.729816621169448e-11,5.729816621169448e-11,0.0,0.0,8.376476200437881e-08
pilotnov,optimal,15,0.119466,-4497.2761881106635,9.397e-10,0.0,2.122e-10,9.397e-10,3193,60513,,Optimal,-4497.2761882188715,-4497.276188110664,9.458744898438454e-10,9.458744898438454e-10,0.0,0.0,2.4060593037824777e-11
recipe,optimal,10,0.001705,-266.61599997875084,1.135e-10,1.803e-12,1.102e-10,1.135e-10,265,1371,,Optimal,-266.61600000000027,-266.61599997875066,1.1351633935702131e-10,1.1351633935702131e-10,0.0,0.0,7.970116100488814e-11
sc105,optimal,12,0.000786,-52.20206114063594,1.137e-13,0.0,2.593e-09,1.137e-13,266,767,,Optimal,-52.20206121170723,-52.20206114063594,1.1368683772161603e-13,1.1368683772161603e-13,0.0,0.0,1.3614652261775534e-09
sc205,optimal,14,0.002722,-52.202061206764405,4.547e-13,2.992e-17,2.157e-10,4.547e-13,520,1565,,Optimal,-52.20206121170721,-52.202061206764405,4.547473508864641e-13,4.547473508864641e-13,0.0,0.0,9.468601739960292e-11
sc50a,optimal,10,0.000632,-64.57507695645954,5.684e-14,0.0,3.117e-09,5.684e-14,126,317,,Optimal,-64.5750770585645,-64.57507695645954,5.684341886080802e-14,5.684341886080802e-14,0.0,0.0,1.5811822046207676e-09
sc50b,optimal,9,0.000336,-69.99999978654351,2.842e-14,0.0,5.198e-09,2.842e-14,124,273,,Optimal,-69.99999999999999,-69.99999978654351,2.842170943040401e-14,2.842170943040401e-14,0.0,0.0,3.0493781975695005e-09
scagr25,optimal,17,0.004654,-14753433.038714757,3.638e-12,0.0,2.347e-09,3.638e-12,1142,2971,,Optimal,-14753433.060768528,-14753433.038714757,3.637978807091713e-12,3.637978807091713e-12,0.0,0.0,1.4948229764638859e-09
scagr7,optimal,15,0.001558,-2331389.824132671,1.364e-12,0.0,2.603e-10,1.364e-12,314,775,,Optimal,-2331389.824330984,-2331389.824132671,9.094947017729282e-13,9.094947017729282e-13,0.0,0.0,8.506215176940822e-11
scfxm1,optimal,17,0.007831,18416.759048166266,9.993e-11,1.615e-16,2.254e-09,9.993e-11,930,6666,,Optimal,18416.759028348948,18416.759048166266,9.992746061136448e-11,9.992746061136448e-11,0.0,0.0,1.0760480906795034e-09
scfxm2,numerical_failure,34,0.02402,36660.261564979475,3.725e-08,2.826e-15,5.273e-13,3.725e-08,1860,13602,converged on the scaled problem but not on the original model,Optimal,36660.261564998815,36660.261564979475,7.4504669100861065e-09,7.4504669100861065e-09,0.0,0.0,5.275329338338334e-13
scfxm3,optimal,19,0.02962,54901.254635072626,7.916e-09,3.23e-16,7.686e-09,7.916e-09,2790,20451,,Optimal,54901.254549751444,54901.25463507261,1.4901161193847656e-08,1.4901161193847656e-08,0.0,0.0,1.5540841173208261e-09
scorpion,optimal,12,0.002322,1878.124825152755,4.879e-12,0.0,1.989e-09,4.879e-12,854,2782,,Optimal,1878.1248227381068,1878.1248251527556,4.8795412155300255e-12,4.8795412155300255e-12,0.0,0.0,1.2856700641354903e-09
scrs8,optimal,21,0.023915,904.2969543063389,1.089e-13,6.385e-16,1.42e-09,1.089e-13,1765,7710,,Optimal,904.296953800792,904.2969543063386,1.0891287139739424e-13,1.0891287139739424e-13,0.0,0.0,5.590493331808453e-10
scsd1,optimal,9,0.004307,8.666666675639284,9.384e-14,0.0,1.49e-10,1.873e-13,837,3703,,Optimal,8.666666674333364,8.666666675639286,1.872946242542639e-13,9.383935049973746e-14,0.0,0.0,1.506833630895922e-10
scsd6,optimal,11,0.00712,50.500000088518455,2.318e-14,0.0,5.573e-10,2.318e-14,1497,6714,,Optimal,50.5000000782623,50.50000008851846,2.3175369934648916e-14,2.3175369934648916e-14,0.0,0.0,2.030922489738241e-10
scsd8,optimal,10,0.011034,905.000001083904,9.389e-14,0.0,1.699e-09,9.389e-14,3147,14066,,Optimal,904.9999999254643,905.0000010839037,9.389096492216565e-14,9.389096492216565e-14,0.0,0.0,1.2800435708151452e-09
sctap1,optimal,15,0.004287,1412.250000013156,2.22e-16,0.0,6.682e-11,4.441e-16,960,3707,,Optimal,1412.25,1412.2500000131563,4.440892098500626e-16,2.220446049250313e-16,0.0,0.0,9.315840402546499e-12
sctap2,optimal,15,0.015747,1724.8071431475303,1.332e-15,0.0,2.523e-10,2.665e-15,3590,19267,,Optimal,1724.807142857143,1724.8071431475328,2.6645352591003757e-15,1.3322676295501878e-15,0.0,0.0,1.6836075618514786e-10
sctap3,optimal,16,0.026641,1424.0000000719165,2.22e-16,0.0,6.977e-11,4.441e-16,4820,25344,,Optimal,1424.0,1424.0000000719135,4.440892098500626e-16,2.220446049250313e-16,0.0,0.0,5.050106649965589e-11
seba,optimal,15,0.012042,15711.600011667133,9.203e-12,0.0,9.011e-10,9.203e-12,1551,5031,,Optimal,15711.599999999999,15711.600011667126,9.202509890833814e-12,9.202509890833814e-12,0.0,0.0,7.425804617346913e-10
share1b,optimal,18,0.004775,-76589.31801670764,1.915e-10,0.0,9.892e-09,1.915e-10,370,2666,,Optimal,-76589.31857918572,-76589.31801670766,1.5875815629294836e-10,1.587422820647419e-10,0.0,0.0,7.344079710276216e-09
share2b,optimal,14,0.00205,-415.7322405921369,1.066e-14,0.0,8.674e-10,1.066e-14,258,1472,,Optimal,-415.73224074141945,-415.7322405921369,1.0658141036401503e-14,1.0658141036401503e-14,0.0,0.0,3.5908335472499266e-10
shell,optimal,19,0.015083,1208825346.1073499,3.638e-11,0.0,1.522e-10,3.638e-11,2063,6896,,Optimal,1208825346.0,1208825346.1073534,3.637978807091713e-11,3.637978807091713e-11,0.0,0.0,8.880807241759956e-11
ship04l,optimal,14,0.012575,1793324.5389321062,4.162e-12,0.0,5.756e-10,4.509e-12,2526,10736,,Optimal,1793324.5379703562,1793324.538932103,4.508615703002761e-12,4.162067019516543e-12,0.0,0.0,5.362926605247126e-10
ship04s,optimal,14,0.007181,1798714.7167151074,1.724e-10,0.0,9.979e-09,1.724e-10,1866,7372,,Optimal,1798714.7004453917,1798714.7167151058,1.7236502798549985e-10,1.7236502798549985e-10,0.0,0.0,9.045188823911679e-09
ship08l,optimal,14,0.021285,1909055.2183608145,1.53e-09,0.0,3.692e-09,1.53e-09,5075,21771,,Optimal,1909055.211389131,1909055.2183608254,1.5304853783157187e-09,1.5304853783157187e-09,0.0,0.0,3.6519082776990878e-09
ship08s,optimal,13,0.011874,1920098.2144551477,2.515e-10,0.0,2.295e-09,2.515e-10,3179,12019,,Optimal,1920098.2105346182,1920098.214455157,2.515464838718745e-10,2.515464838718745e-10,0.0,0.0,2.041842857355422e-09
ship12l,optimal,17,0.028543,1470187.921679759,5.018e-11,0.0,1.915e-09,5.018e-11,6575,27077,,Optimal,1470187.9193292663,1470187.9216797543,5.017643292521217e-11,5.017643292521217e-11,0.0,0.0,1.598767033945772e-09
ship12s,optimal,16,0.013698,1489236.1429566604,1.679e-10,0.0,8.114e-09,1.679e-10,3911,13461,,Optimal,1489236.1344061329,1489236.1429566566,1.6794610624173308e-10,1.6794610624173308e-10,0.0,0.0,5.74155003544554e-09
sierra,optimal,18,0.101307,15394362.197841467,3.236e-13,0.0,1.893e-09,4.547e-13,3937,20748,,Optimal,15394362.183631929,15394362.197841534,4.547473508864641e-13,3.236413587433528e-13,0.0,0.0,9.230395896836936e-10
stair,optimal,15,0.008005,-251.26695118812208,2.416e-13,6.592e-16,1.545e-10,2.416e-13,888,11882,,Optimal,-251.26695119296335,-251.26695118812208,2.4158453015843406e-13,2.4158453015843406e-13,0.0,0.0,1.9267431296720034e-11
standata,optimal,15,0.006578,1257.6995006089837,5.584e-13,0.0,5.581e-10,5.584e-13,1615,5433,,Optimal,1257.6995,1257.699500608984,5.71747755943183e-13,5.71747755943183e-13,0.0,0.0,4.84204700635268e-10
standgub,optimal,15,0.006841,1257.6995012012153,8.404e-13,0.0,1.189e-09,8.404e-13,1724,5541,,Optimal,1257.6995,1257.6995012012153,8.403877514750436e-13,8.403877514750436e-13,0.0,0.0,9.550893156435782e-10
standmps,optimal,22,0.009384,1406.0175014719339,1.423e-13,0.0,1.617e-09,1.423e-13,1723,7902,,Optimal,1406.0175,1406.017501471934,1.4951558010926505e-13,1.4951558010926505e-13,0.0,0.0,1.0468818371236117e-09
stocfor1,optimal,11,0.000901,-41131.976192440074,2.889e-12,0.0,1.882e-09,3.586e-12,282,1147,,Optimal,-41131.97621943641,-41131.976192440074,3.5855207691781743e-12,2.889218992085555e-12,0.0,0.0,6.563344935785862e-10
stocfor2,optimal,19,0.02977,-39024.40853661869,9.095e-13,0.0,5.76e-11,9.095e-13,5202,27571,,Optimal,-39024.408537882104,-39024.40853661869,9.094947017729282e-13,9.094947017729282e-13,0.0,0.0,3.237491301926097e-11
truss,optimal,18,0.113156,458815.84721027245,2.39e-13,0.0,1.03e-10,2.39e-13,9806,84229,,Optimal,458815.84718561685,458815.8472102847,2.3898532803557726e-13,2.3898532803557726e-13,0.0,0.0,5.376410769120368e-11
tuff,optimal,17,0.017874,0.29214776509768536,2.987e-10,3.309e-19,3.653e-12,2.987e-10,911,13266,,Optimal,0.292147765093613,0.29214776509768536,2.986553226946853e-10,2.986553226946853e-10,0.0,0.0,4.0723535654763054e-12
vtp.base,optimal,24,0.004532,129831.46246342329,2.653e-10,9.326e-15,4.345e-11,2.653e-10,524,1903,,Optimal,129831.46246136137,129831.46246342329,2.653043364908676e-10,2.653043364908676e-10,0.0,0.0,1.5881505432335806e-11
wood1p,optimal,22,0.102719,1.442902411680703,1.438e-10,0.0,4.453e-11,1.438e-10,2839,105620,,Optimal,1.442902411573409,1.442902411680703,1.43809924472299e-10,1.43809924472299e-10,0.0,0.0,7.435981161346944e-11
woodw,optimal,26,0.126946,1.3044763436353564,4.421e-09,0.0,7.586e-09,4.421e-09,9516,84324,,Optimal,1.3044763330842293,1.3044763436353564,4.421021196521722e-09,4.421021196521722e-09,0.0,0.0,8.0884005447616e-09
