columns,error,highs_cpu_s,highs_objective,highs_status,max_residual,name,offset,own_cpu_s,own_objective,own_residual,pass,phase1_iterations,phase2_iterations,reference,rows
,,,-464.75314285714285,,1.7763568394002505e-14,afiro,,0.0010717290000000212,-464.7531428571428,,True,9,7,-464.75314286,
,,,-64.5750770585645,,8.526512829121202e-14,sc50a,,0.003301093000000005,-64.57507705856452,,True,29,19,-64.575077059,
,,,-70.0,,5.684341886080802e-14,sc50b,,0.003201952000000008,-69.99999999999999,,True,37,12,-70,
,,,-52.202061211707225,,5.684341886080802e-14,sc105,,0.01907534899999999,-52.20206121170724,,True,64,45,-52.202061212,
,,,225494.9631623803,,4.547473508864641e-13,adlittle,,0.011342943999999994,225494.96316238036,,True,48,86,225494.96316,
,,,-30.812149845828195,,8.881784197001252e-15,blend,,0.018386018999999976,-30.812149845828188,,True,135,37,-30.812149846,
,,,-415.73224074141945,,1.5631940186722204e-13,share2b,,0.02346713100000003,-415.73224074141956,,True,122,36,-415.73224074,
,,,33592.4858072,,2.327027459614328e-11,beaconfd,,0.174537196,33592.4858072,,True,171,33,33592.485807,
,,,-896644.821863046,,8.797185202524815e-12,israel,,0.16478299700000004,-896644.8218630457,,True,8,347,-896644.82186,
,,,-25.264706061880002,,4.001776687800884e-11,lotfi,,0.10498191299999993,-25.26470606188051,,True,142,80,-25.264706062,
,,,-52.20206121170721,,6.821210263296962e-13,sc205,,0.15967969199999998,-52.20206121170721,,True,128,124,-52.202061212,
,,,-76589.31857918571,,6.295740603921417e-11,share1b,,0.13670121999999996,-76589.3185791854,,True,396,145,-76589.318579,
,,,-41131.9762194364,,9.094947017729282e-13,stocfor1,,0.02826047999999992,-41131.976219436416,,True,99,32,-41131.976219,
,,,-2331389.824330983,,7.958078640513122e-13,scagr7,,0.047635512000000046,-2331389.8243309828,,True,156,32,-2331389.8243,
,,,-1749.9001299062056,,2.412795449533513e-13,kb2,,0.011085167000000062,-1749.9001299062054,,True,120,40,-1749.9001299,
,,,-266.6159999999999,,0.0,recipe,,0.294580877,-266.61600000000004,,True,155,43,-266.616,
,,,-47787811.81471152,,3.4924596548080444e-10,grow7,,1.208764989,-47787811.814711496,,True,140,179,-47787811.815,
,,,-18.751929066370547,,3.552713678800501e-14,e226,,0.840864748,-18.751929066370593,,True,199,534,-18.751929066,
,,,1412.2500000000002,,1.4210854715202004e-14,sctap1,,1.807040072,1412.2500000000002,,True,678,182,1412.25,
,,,-315.0187280152029,,1.7923440509548527e-12,boeing2,,2.2906586239999998,-315.0187280152028,,True,281,106,-315.01872802,
,,,8.666666674333364,,9.73430337859415e-17,scsd1,,2.6388900510000006,8.666666674333367,,True,129,6635,8.6666666743,
,,,50.500000078262296,,7.993605778790646e-16,scsd6,,0.7070518450000005,50.50000007714436,,True,174,475,50.500000078,
,,,1373.0803942084926,,3.913804114475054e-12,bore3d,,1.3407205060000003,1373.080394208575,,True,310,116,1373.0803942,
,,,2690.01291376816,,1.1937117960769683e-12,capri,,2.2918268059999996,2690.01291376816,,True,567,104,2690.0129138,
,,,-664.2189612722053,,7.961589720828499e-11,forplan,,0.5324490259999983,-664.2189612723232,,True,316,210,-664.21896127,
,,,-9146.378092420926,,5.639932965095795e-14,fit1d,,42.44995318,-9146.378092420928,,True,,,-9146.3780924,
472,,0.015405447999999988,-158.62801845012,0,,bandm,0.0,3.069430396,-158.62801845012098,1.9895196601282805e-13,True,1229,278,-158.62801845,305
249,,0.0057850419999998515,1518.5098964881283,0,,brandy,0.0,2.045167959,1518.5098964881283,2.2737367544323206e-13,True,552,69,1518.5098965,220
457,,0.009914028999999935,18416.759028348944,0,,scfxm1,0.0,1.7386398319999996,18416.759028348933,2.394735044673876e-12,True,582,160,18416.759028,330
358,LinAlgError('Singular matrix'),0.004902047999999937,1878.1248227381075,0,,scorpion,0.0,,,,False,,,1878.1248227,388
473,,0.0155712889999986,-251.26695119296375,0,,stair,0.0,4.301614434999999,-251.2669511929632,1.3145040611561853e-13,True,615,362,-251.26695119,444
1075,,0.00913970500000083,1257.6995,0,,standata,0.0,1.8579363939999993,1257.6995,5.684341886080802e-14,True,273,50,1257.6995,479
614,ValueError('HiGHS on parsed formulation does not match Netlib reference; do not count'),0.010946940000000183,172791.06559561155,0,,finnis,100034.62812121128,,,,False,,,172790.96547,578
500,ArithmeticError('lost primal feasibility'),0.012814710999999979,-14753433.060768535,0,,scagr25,0.0,,,,False,,,-14753433.061,471
1169,ValueError('HiGHS on parsed formulation does not match Netlib reference; do not count'),0.01925813800000009,904.2969538007917,0,,scrs8,0.0,,,,False,,,904.29998619,490
384,,0.013500917000000001,-335.2135675071265,0,,boeing1,23.729370000000003,22.278179414,-335.213567507127,7.958078640513122e-13,True,778,859,-335.21356751,596
1028,,0.016831055000000816,15711.599999999999,0,,seba,80.35,68.047731791,15711.60000000001,1.8189894035458565e-12,True,604,81,15711.6,1029
163,,0.005834567000000013,-35991767.28657651,0,,agg,0.0,2.812500228,-35991767.28657652,3.7834979593753815e-10,True,98,52,-35991767.287,488
302,,0.007141133000000188,-20239252.35597711,0,,agg2,0.0,0.9837530999999999,-20239252.35597711,5.820766091346741e-11,True,81,88,-20239252.356,516
914,,0.030587589999999998,36660.26156499881,0,,scfxm2,0.0,18.30745045,36660.261564998815,1.8189894035458565e-12,True,1155,344,36660.261565,660
1371,,0.05516011999999998,54901.25454975144,0,,scfxm3,0.0,71.05468721,54901.25454975145,3.637978807091713e-12,True,1910,449,54901.25455,990
1092,,0.019573072999999996,6902235.999548822,0,,gfrd-pnc,0.0,20.187346542,6902235.99954881,4.3655745685100555e-11,True,626,232,6902235.9995,874
1622,ArithmeticError('lost primal feasibility'),0.03846233499999996,320.6197290643655,0,,modszk1,0.0,,,,False,,,320.61972906,687
1075,,0.011608268999999893,1406.0175,0,,standmps,0.0,6.280802311999999,1406.0174999999997,3.2174263253637037e-13,True,502,134,1406.0175,587
