case,rows,cols,nnz,device,threads,precision,tol,status,objective,highs_objective,objective_rel_error_vs_highs,rel_primal,rel_dual,rel_gap,max_row_violation,iterations,restarts,setup_s,solve_s,total_s,total_s_min,total_s_max,repeats,device_mem_bytes,highs_s,load_avg_1m
transport_1000x1000,2000,1000000,2000000,gpu,0,fp64,0.0001,near_optimal,133.8828938943108,133.8957258495324,9.583543567342832e-05,9.695062e-05,1.693475e-07,4.867632e-05,0.004006114,28032,22,1.707676,13.753138,15.509404,15.430317,16.802014,3,157286400,8.630751486999998,2.1240234375
transport_1000x1000,2000,1000000,2000000,cpu,1,fp64,0.0001,time_limit,133.89437146256316,133.8957258495324,1.0115236768362985e-05,0.0001174453,1.13511e-07,4.926497e-06,0.009903952,26816,22,1.587786,118.640753,120.234828,120.234828,120.234828,1,144160000,8.630751486999998,2.560546875
transport_1000x1000,2000,1000000,2000000,cpu,10,fp64,0.0001,near_optimal,133.88289389431094,133.8957258495324,9.583543567236698e-05,9.695062e-05,1.693475e-07,4.867632e-05,0.004006114,28032,22,1.565048,74.767691,76.313124,73.936696,76.486778,3,144160000,8.630751486999998,7.39794921875
transport_1000x1000,2000,1000000,2000000,cpu-exact-simplex,1,fp64,exact,time_limit,,133.8957258495324,,,,,,19307,,,,120.005962,,,1,,8.630751486999998,1.66162109375
transport_100x100,200,10000,20000,gpu,0,fp64,0.0001,near_optimal,41.50172777640991,41.50379706136193,4.985772624519791e-05,7.358568e-05,3.317704e-06,3.574791e-05,0.002398971,5440,12,0.14327,0.051104,0.194483,0.181219,1.625431,3,2097152,0.22786534499982736,1.66162109375
transport_100x100,200,10000,20000,cpu,1,fp64,0.0001,near_optimal,41.501727776409936,41.50379706136193,4.9857726244513116e-05,7.358568e-05,3.317704e-06,3.574791e-05,0.002398971,5440,12,0.011981,0.175293,0.187343,0.184564,0.190214,3,1456000,0.22786534499982736,1.66162109375
transport_100x100,200,10000,20000,cpu,10,fp64,0.0001,near_optimal,41.50172777641004,41.50379706136193,4.985772624194512e-05,7.358568e-05,3.317704e-06,3.574791e-05,0.002398971,5440,12,0.01142,0.064818,0.07631,0.073954,0.076747,3,1456000,0.22786534499982736,1.66162109375
transport_100x100,200,10000,20000,cpu-exact-simplex,1,fp64,exact,optimal,41.50379706136193,41.50379706136193,0.0,,,,,4946,,,,0.269088,,,1,,0.22786534499982736,1.66162109375
transport_2000x2500,4500,5000000,10000000,gpu,0,fp64,0.0001,near_optimal,223.90382446007814,223.89600599839207,3.492005876213433e-05,9.860309e-05,2.695172e-08,1.683206e-05,0.009688301,27712,17,10.279606,71.792939,82.113397,80.506895,82.861498,3,773849088,15.948396509000304,2.34619140625
transport_2000x2500,4500,5000000,10000000,cpu,1,fp64,0.0001,time_limit,224.38274233176762,223.89600599839207,0.0021739393304722097,0.001197358,4.878968e-06,0.000465236,0.06923366,3840,10,9.215968,111.204724,120.46183,120.46183,120.46183,1,720360000,15.948396509000304,2.61083984375
transport_2000x2500,4500,5000000,10000000,cpu,10,fp64,0.0001,time_limit,223.98994233761857,223.89600599839207,0.00041955343869410895,0.0007662928,1.380174e-06,7.512273e-05,0.04176218,6080,11,8.729364,111.682736,120.482382,120.482382,120.482382,1,720360000,15.948396509000304,9.4775390625
transport_2000x2500,4500,5000000,10000000,cpu-exact-simplex,1,fp64,exact,time_limit,,223.89600599839207,,,,,,3346,,,,120.029095,,,1,,15.948396509000304,2.32958984375
transport_316x316,632,99856,199712,gpu,0,fp64,0.0001,near_optimal,69.77828431215498,69.78014619871028,2.6682181920366042e-05,9.618323e-05,3.162927e-07,1.356966e-05,0.003584348,31616,21,0.273647,1.000355,1.270981,1.252768,2.759276,3,18874368,0.6651148720000037,2.302734375
transport_316x316,632,99856,199712,cpu,1,fp64,0.0001,near_optimal,69.7782843121551,69.78014619871028,2.6682181918736825e-05,9.618323e-05,3.162927e-07,1.356966e-05,0.003584348,31616,21,0.148933,10.388245,10.548536,10.455404,10.815676,3,14429824,0.6651148720000037,2.2109375
transport_316x316,632,99856,199712,cpu,10,fp64,0.0001,near_optimal,69.7782843121544,69.78014619871028,2.6682181928715768e-05,9.618323e-05,3.162927e-07,1.356966e-05,0.003584348,31616,21,0.130088,3.725549,3.856298,3.752569,3.86878,3,14429824,0.6651148720000037,3.4091796875
transport_316x316,632,99856,199712,cpu-exact-simplex,1,fp64,exact,optimal,69.78014619871028,69.78014619871028,0.0,,,,,44510,,,,19.151152,,,1,,0.6651148720000037,3.02587890625
