id,iterations,primal_res_original,max_row_viol,max_bound_viol
big_status-63001,4,4.815e+00,1.301e+01,0.000e+00
big_status-63003,4,7.377e+00,7.377e+00,0.000e+00
big_status-63005,4,2.532e+00,7.619e+00,0.000e+00
big_status-63007,4,1.487e+00,2.927e+00,0.000e+00
big_status-63009,4,4.867e+00,5.556e+00,0.000e+00
big_status-63011,3,2.816e+00,7.816e+00,0.000e+00
big_status-63013,4,3.579e+00,5.687e+00,0.000e+00
big_status-63015,4,1.568e+00,5.037e+00,0.000e+00
big_status-63017,4,1.194e+00,4.354e+00,0.000e+00
big_status-63019,4,4.905e+00,8.010e+00,0.000e+00
big_status-63021,4,1.802e+00,3.604e+00,0.000e+00
big_status-63023,4,3.496e+00,7.955e+00,0.000e+00
unbounded-36000,4,3.085e-10,9.256e-10,0.000e+00
unbounded-36001,4,1.299e-10,4.676e-09,0.000e+00
unbounded-36003,5,1.436e-10,1.867e-09,0.000e+00
unbounded-36007,5,1.420e-03,8.518e-03,0.000e+00
unbounded-36009,6,8.992e-11,2.275e-09,0.000e+00
unbounded-36013,4,3.715e-10,9.507e-09,0.000e+00
unbounded-36015,4,0.000e+00,0.000e+00,0.000e+00
unbounded-36018,5,0.000e+00,0.000e+00,0.000e+00
unbounded-36022,5,0.000e+00,0.000e+00,0.000e+00
unbounded-36024,4,5.139e-10,4.946e-09,0.000e+00
unbounded-36025,5,6.140e-11,1.167e-09,0.000e+00
unbounded-36027,5,3.739e-10,4.113e-09,0.000e+00
unbounded-36028,5,5.061e-11,1.274e-09,0.000e+00
unbounded-36031,5,6.884e-10,7.822e-09,0.000e+00
unbounded-36036,6,6.051e-10,6.051e-09,0.000e+00
unbounded-36039,5,3.414e-10,5.788e-09,0.000e+00
unbounded-36040,4,1.443e-10,1.587e-09,0.000e+00
unbounded-36043,6,4.281e-10,5.040e-09,0.000e+00
unbounded-36046,4,2.016e-11,9.477e-10,0.000e+00
unbounded-36048,6,0.000e+00,0.000e+00,0.000e+00
unbounded-36051,7,6.512e-10,1.325e-09,0.000e+00
unbounded-36057,5,6.336e-03,3.482e-02,0.000e+00
unbounded-36063,5,2.125e-09,2.125e-08,0.000e+00
unbounded-36064,4,0.000e+00,0.000e+00,0.000e+00
unbounded-36066,5,0.000e+00,0.000e+00,0.000e+00
unbounded-36067,5,1.295e-10,5.829e-09,0.000e+00
unbounded-36069,5,1.021e-03,2.552e-02,0.000e+00
unbounded-36070,4,1.066e-03,8.530e-03,0.000e+00
unbounded-36072,4,1.180e-03,2.595e-02,0.000e+00
unbounded-36073,5,3.493e-10,6.936e-09,0.000e+00
unbounded-36075,4,0.000e+00,0.000e+00,0.000e+00
unbounded-36076,5,1.098e-09,1.235e-08,0.000e+00
unbounded-36078,4,6.381e-03,6.381e-03,0.000e+00
unbounded-36081,1,1.046e-08,1.046e-08,0.000e+00
unbounded-36082,6,0.000e+00,0.000e+00,0.000e+00
unbounded-36084,4,1.344e-10,8.067e-10,0.000e+00
unbounded-36087,4,5.380e-05,5.380e-05,0.000e+00
unbounded-36090,4,2.769e-09,2.769e-08,0.000e+00
unbounded-36094,5,1.815e-10,4.594e-09,0.000e+00
unbounded-36099,4,0.000e+00,0.000e+00,0.000e+00
unbounded-36100,5,7.806e-03,2.428e-02,0.000e+00
unbounded-36115,4,6.160e-03,4.312e-02,0.000e+00
unbounded-36117,4,1.414e-03,6.506e-02,0.000e+00
unbounded-36118,6,1.084e-05,2.385e-04,0.000e+00
unbounded-36120,5,9.963e-05,9.963e-05,0.000e+00
unbounded-36123,6,1.347e-08,1.975e-08,0.000e+00
unbounded-36124,5,6.016e-10,9.626e-09,0.000e+00
unbounded-36126,6,2.053e-09,1.107e-08,0.000e+00
unbounded-36127,6,1.606e-11,4.222e-10,0.000e+00
unbounded-36129,8,6.303e-10,4.412e-09,0.000e+00
unbounded-36132,4,4.580e-03,1.328e-01,0.000e+00
unbounded-36133,2,2.797e-07,2.797e-07,0.000e+00
unbounded-36135,6,6.428e-04,8.999e-03,0.000e+00
unbounded-36138,4,0.000e+00,0.000e+00,0.000e+00
unbounded-36145,5,4.530e-11,4.621e-09,0.000e+00
unbounded-36147,4,3.918e-10,4.702e-09,0.000e+00
unbounded-36148,4,1.686e-11,3.203e-10,0.000e+00
