id,ref_status,before_status,before_verdict,after_status,after_verdict,before_engine_wall_s,after_engine_wall_s
big_status-63001,unbounded,dual_infeasible,NOANS,unbounded,PASS,4.1145,13.18
big_status-63003,unbounded,dual_infeasible,NOANS,unbounded,PASS,0.2478,0.7165
big_status-63005,unbounded,dual_infeasible,NOANS,unbounded,PASS,2.7126,8.2876
big_status-63007,unbounded,dual_infeasible,NOANS,unbounded,PASS,0.2363,0.6614
big_status-63009,unbounded,dual_infeasible,NOANS,unbounded,PASS,0.2037,0.6748
big_status-63011,unbounded,dual_infeasible,NOANS,unbounded,PASS,0.1233,0.3688
big_status-63013,unbounded,dual_infeasible,NOANS,unbounded,PASS,0.7379,2.7402
big_status-63015,unbounded,dual_infeasible,NOANS,unbounded,PASS,0.1481,0.507
big_status-63017,unbounded,dual_infeasible,NOANS,unbounded,PASS,1.1,3.5473
big_status-63019,unbounded,dual_infeasible,NOANS,unbounded,PASS,0.2735,0.7968
big_status-63021,unbounded,dual_infeasible,NOANS,unbounded,PASS,0.1878,0.5472
big_status-63023,unbounded,dual_infeasible,NOANS,unbounded,PASS,0.2112,0.7026
unbounded-36000,unbounded,dual_infeasible,NOANS,unbounded,PASS,0.0024,0.0026
unbounded-36001,unbounded,dual_infeasible,NOANS,unbounded,PASS,0.0033,0.0043
unbounded-36003,unbounded,dual_infeasible,NOANS,unbounded,PASS,0.0035,0.0035
unbounded-36007,unbounded,dual_infeasible,NOANS,unbounded,PASS,0.0034,0.0037
unbounded-36009,unbounded,dual_infeasible,NOANS,unbounded,PASS,0.0061,0.0058
unbounded-36013,unbounded,dual_infeasible,NOANS,unbounded,PASS,0.005,0.0027
unbounded-36015,unbounded,dual_infeasible,NOANS,unbounded,PASS,0.0035,0.0034
unbounded-36018,unbounded,dual_infeasible,NOANS,unbounded,PASS,0.0034,0.0023
unbounded-36022,unbounded,dual_infeasible,NOANS,unbounded,PASS,0.0035,0.0023
unbounded-36024,unbounded,dual_infeasible,NOANS,unbounded,PASS,0.0027,0.0039
unbounded-36025,unbounded,dual_infeasible,NOANS,unbounded,PASS,0.0023,0.0024
unbounded-36027,unbounded,dual_infeasible,NOANS,unbounded,PASS,0.0035,0.0039
unbounded-36028,unbounded,dual_infeasible,NOANS,unbounded,PASS,0.0026,0.0026
unbounded-36031,unbounded,dual_infeasible,NOANS,unbounded,PASS,0.003,0.004
unbounded-36036,unbounded,dual_infeasible,NOANS,unbounded,PASS,0.0023,0.0024
unbounded-36039,unbounded,dual_infeasible,NOANS,unbounded,PASS,0.0025,0.0034
unbounded-36040,unbounded,dual_infeasible,NOANS,unbounded,PASS,0.0024,0.0035
unbounded-36043,unbounded,dual_infeasible,NOANS,unbounded,PASS,0.0041,0.0044
unbounded-36046,unbounded,dual_infeasible,NOANS,unbounded,PASS,0.0035,0.0035
unbounded-36048,unbounded,dual_infeasible,NOANS,unbounded,PASS,0.0024,0.0028
unbounded-36051,unbounded,dual_infeasible,NOANS,unbounded,PASS,0.004,0.0042
unbounded-36057,unbounded,dual_infeasible,NOANS,unbounded,PASS,0.0029,0.005
unbounded-36063,unbounded,dual_infeasible,NOANS,unbounded,PASS,0.0037,0.0048
unbounded-36064,unbounded,dual_infeasible,NOANS,unbounded,PASS,0.0034,0.004
unbounded-36066,unbounded,dual_infeasible,NOANS,unbounded,PASS,0.0024,0.0041
unbounded-36067,unbounded,dual_infeasible,NOANS,unbounded,PASS,0.0024,0.0031
unbounded-36069,unbounded,dual_infeasible,NOANS,unbounded,PASS,0.0032,0.0033
unbounded-36070,unbounded,dual_infeasible,NOANS,unbounded,PASS,0.0036,0.0045
unbounded-36072,unbounded,dual_infeasible,NOANS,unbounded,PASS,0.0038,0.0025
unbounded-36073,unbounded,dual_infeasible,NOANS,unbounded,PASS,0.003,0.003
unbounded-36075,unbounded,dual_infeasible,NOANS,unbounded,PASS,0.0023,0.0023
unbounded-36076,unbounded,dual_infeasible,NOANS,unbounded,PASS,0.0029,0.004
unbounded-36078,unbounded,dual_infeasible,NOANS,unbounded,PASS,0.0023,0.0035
unbounded-36081,unbounded,dual_infeasible,NOANS,unbounded,PASS,0.0033,0.0044
unbounded-36082,unbounded,dual_infeasible,NOANS,unbounded,PASS,0.0036,0.0023
unbounded-36084,unbounded,dual_infeasible,NOANS,unbounded,PASS,0.0035,0.0023
unbounded-36087,unbounded,dual_infeasible,NOANS,unbounded,PASS,0.0034,0.0057
unbounded-36090,unbounded,dual_infeasible,NOANS,unbounded,PASS,0.0035,0.0043
unbounded-36094,unbounded,dual_infeasible,NOANS,unbounded,PASS,0.0041,0.0034
unbounded-36099,unbounded,dual_infeasible,NOANS,unbounded,PASS,0.0034,0.0023
unbounded-36100,unbounded,dual_infeasible,NOANS,unbounded,PASS,0.0035,0.0066
unbounded-36115,unbounded,dual_infeasible,NOANS,unbounded,PASS,0.0023,0.0043
unbounded-36117,unbounded,dual_infeasible,NOANS,unbounded,PASS,0.0033,0.0038
unbounded-36118,unbounded,dual_infeasible,NOANS,unbounded,PASS,0.0023,0.0034
unbounded-36120,unbounded,dual_infeasible,NOANS,unbounded,PASS,0.0022,0.0024
unbounded-36123,unbounded,dual_infeasible,NOANS,unbounded,PASS,0.003,0.0047
unbounded-36124,unbounded,dual_infeasible,NOANS,unbounded,PASS,0.0026,0.0027
unbounded-36126,unbounded,dual_infeasible,NOANS,unbounded,PASS,0.0035,0.0034
unbounded-36127,unbounded,dual_infeasible,NOANS,unbounded,PASS,0.0025,0.0029
unbounded-36129,unbounded,dual_infeasible,NOANS,unbounded,PASS,0.0037,0.0042
unbounded-36132,unbounded,dual_infeasible,NOANS,unbounded,PASS,0.0035,0.0025
unbounded-36133,unbounded,dual_infeasible,NOANS,unbounded,PASS,0.0035,0.0052
unbounded-36135,unbounded,dual_infeasible,NOANS,unbounded,PASS,0.004,0.0043
unbounded-36138,unbounded,dual_infeasible,NOANS,unbounded,PASS,0.0022,0.0025
unbounded-36145,unbounded,dual_infeasible,NOANS,unbounded,PASS,0.0037,0.003
unbounded-36147,unbounded,dual_infeasible,NOANS,unbounded,PASS,0.0036,0.0036
unbounded-36148,unbounded,dual_infeasible,NOANS,unbounded,PASS,0.0065,0.0033
