id,pinned_main_status,pinned_main_verdict,pinned_fix_status,pinned_fix_verdict
big_status-63001,dual_infeasible,NOANS,unbounded,PASS
big_status-63003,dual_infeasible,NOANS,unbounded,PASS
big_status-63005,dual_infeasible,NOANS,unbounded,PASS
big_status-63007,dual_infeasible,NOANS,unbounded,PASS
big_status-63009,dual_infeasible,NOANS,unbounded,PASS
big_status-63011,dual_infeasible,NOANS,unbounded,PASS
big_status-63013,dual_infeasible,NOANS,unbounded,PASS
big_status-63015,dual_infeasible,NOANS,unbounded,PASS
big_status-63017,dual_infeasible,NOANS,unbounded,PASS
big_status-63019,dual_infeasible,NOANS,unbounded,PASS
big_status-63021,dual_infeasible,NOANS,unbounded,PASS
big_status-63023,dual_infeasible,NOANS,unbounded,PASS
unbounded-36000,dual_infeasible,NOANS,unbounded,PASS
unbounded-36001,dual_infeasible,NOANS,unbounded,PASS
unbounded-36003,dual_infeasible,NOANS,unbounded,PASS
unbounded-36007,dual_infeasible,NOANS,unbounded,PASS
unbounded-36009,dual_infeasible,NOANS,unbounded,PASS
unbounded-36013,dual_infeasible,NOANS,unbounded,PASS
unbounded-36018,dual_infeasible,NOANS,unbounded,PASS
unbounded-36021,dual_infeasible,NOANS,unbounded,PASS
unbounded-36022,dual_infeasible,NOANS,unbounded,PASS
unbounded-36024,dual_infeasible,NOANS,unbounded,PASS
unbounded-36025,dual_infeasible,NOANS,unbounded,PASS
unbounded-36027,dual_infeasible,NOANS,unbounded,PASS
unbounded-36028,dual_infeasible,NOANS,unbounded,PASS
unbounded-36031,dual_infeasible,NOANS,unbounded,PASS
unbounded-36036,dual_infeasible,NOANS,unbounded,PASS
unbounded-36039,dual_infeasible,NOANS,unbounded,PASS
unbounded-36040,dual_infeasible,NOANS,unbounded,PASS
unbounded-36043,dual_infeasible,NOANS,unbounded,PASS
unbounded-36046,dual_infeasible,NOANS,unbounded,PASS
unbounded-36048,dual_infeasible,NOANS,unbounded,PASS
unbounded-36051,dual_infeasible,NOANS,unbounded,PASS
unbounded-36057,dual_infeasible,NOANS,unbounded,PASS
unbounded-36058,dual_infeasible,NOANS,unbounded,PASS
unbounded-36063,dual_infeasible,NOANS,unbounded,PASS
unbounded-36064,dual_infeasible,NOANS,unbounded,PASS
unbounded-36066,dual_infeasible,NOANS,unbounded,PASS
unbounded-36067,dual_infeasible,NOANS,unbounded,PASS
unbounded-36069,dual_infeasible,NOANS,unbounded,PASS
unbounded-36070,dual_infeasible,NOANS,unbounded,PASS
unbounded-36072,dual_infeasible,NOANS,unbounded,PASS
unbounded-36076,dual_infeasible,NOANS,unbounded,PASS
unbounded-36078,dual_infeasible,NOANS,unbounded,PASS
unbounded-36081,dual_infeasible,NOANS,unbounded,PASS
unbounded-36084,dual_infeasible,NOANS,unbounded,PASS
unbounded-36085,dual_infeasible,NOANS,unbounded,PASS
unbounded-36087,dual_infeasible,NOANS,unbounded,PASS
unbounded-36090,dual_infeasible,NOANS,unbounded,PASS
unbounded-36094,dual_infeasible,NOANS,unbounded,PASS
unbounded-36099,dual_infeasible,NOANS,unbounded,PASS
unbounded-36100,dual_infeasible,NOANS,unbounded,PASS
unbounded-36109,dual_infeasible,NOANS,unbounded,PASS
unbounded-36114,dual_infeasible,NOANS,unbounded,PASS
unbounded-36115,dual_infeasible,NOANS,unbounded,PASS
unbounded-36117,dual_infeasible,NOANS,unbounded,PASS
unbounded-36118,dual_infeasible,NOANS,unbounded,PASS
unbounded-36120,dual_infeasible,NOANS,unbounded,PASS
unbounded-36121,dual_infeasible,NOANS,unbounded,PASS
unbounded-36123,dual_infeasible,NOANS,unbounded,PASS
unbounded-36124,dual_infeasible,NOANS,unbounded,PASS
unbounded-36126,dual_infeasible,NOANS,unbounded,PASS
unbounded-36127,dual_infeasible,NOANS,unbounded,PASS
unbounded-36129,dual_infeasible,NOANS,unbounded,PASS
unbounded-36130,dual_infeasible,NOANS,unbounded,PASS
unbounded-36132,dual_infeasible,NOANS,unbounded,PASS
unbounded-36133,dual_infeasible,NOANS,unbounded,PASS
unbounded-36135,dual_infeasible,NOANS,unbounded,PASS
unbounded-36139,dual_infeasible,NOANS,unbounded,PASS
unbounded-36145,dual_infeasible,NOANS,unbounded,PASS
unbounded-36148,dual_infeasible,NOANS,unbounded,PASS
