id,before_status,before_verdict,after_status,after_verdict,note
indef_convex_feasible-76000,nonconvex,NOANS,optimal,PASS,"before = gate-only tree, after = gate + equality convexification"
indef_convex_feasible-76001,nonconvex,NOANS,optimal,PASS,"before = gate-only tree, after = gate + equality convexification"
indef_convex_feasible-76002,nonconvex,NOANS,optimal,PASS,"before = gate-only tree, after = gate + equality convexification"
indef_convex_feasible-76003,nonconvex,NOANS,optimal,PASS,"before = gate-only tree, after = gate + equality convexification"
indef_convex_feasible-76004,nonconvex,NOANS,optimal,PASS,"before = gate-only tree, after = gate + equality convexification"
indef_convex_feasible-76005,nonconvex,NOANS,optimal,PASS,"before = gate-only tree, after = gate + equality convexification"
indef_convex_feasible-76006,nonconvex,NOANS,optimal,PASS,"before = gate-only tree, after = gate + equality convexification"
indef_convex_feasible-76007,nonconvex,NOANS,optimal,PASS,"before = gate-only tree, after = gate + equality convexification"
indef_convex_feasible-76008,nonconvex,NOANS,optimal,PASS,"before = gate-only tree, after = gate + equality convexification"
indef_convex_feasible-76009,nonconvex,NOANS,optimal,PASS,"before = gate-only tree, after = gate + equality convexification"
indef_convex_feasible-76010,nonconvex,NOANS,optimal,PASS,"before = gate-only tree, after = gate + equality convexification"
indef_convex_feasible-76011,nonconvex,NOANS,optimal,PASS,"before = gate-only tree, after = gate + equality convexification"
indef_convex_feasible-76012,nonconvex,NOANS,optimal,PASS,"before = gate-only tree, after = gate + equality convexification"
indef_convex_feasible-76013,nonconvex,NOANS,optimal,PASS,"before = gate-only tree, after = gate + equality convexification"
indef_convex_feasible-76014,nonconvex,NOANS,optimal,PASS,"before = gate-only tree, after = gate + equality convexification"
indef_convex_feasible-76015,nonconvex,NOANS,optimal,PASS,"before = gate-only tree, after = gate + equality convexification"
indef_convex_feasible-76016,nonconvex,NOANS,optimal,PASS,"before = gate-only tree, after = gate + equality convexification"
indef_convex_feasible-76017,nonconvex,NOANS,optimal,PASS,"before = gate-only tree, after = gate + equality convexification"
indef_convex_feasible-76018,nonconvex,NOANS,optimal,PASS,"before = gate-only tree, after = gate + equality convexification"
indef_convex_feasible-76019,nonconvex,NOANS,optimal,PASS,"before = gate-only tree, after = gate + equality convexification"
indef_convex_feasible-76020,nonconvex,NOANS,optimal,PASS,"before = gate-only tree, after = gate + equality convexification"
indef_convex_feasible-76021,nonconvex,NOANS,optimal,PASS,"before = gate-only tree, after = gate + equality convexification"
indef_convex_feasible-76022,nonconvex,NOANS,optimal,PASS,"before = gate-only tree, after = gate + equality convexification"
indef_convex_feasible-76023,nonconvex,NOANS,optimal,PASS,"before = gate-only tree, after = gate + equality convexification"
indef_convex_feasible-76024,nonconvex,NOANS,optimal,PASS,"before = gate-only tree, after = gate + equality convexification"
indef_convex_feasible-76025,nonconvex,NOANS,optimal,PASS,"before = gate-only tree, after = gate + equality convexification"
indef_convex_feasible-76026,nonconvex,NOANS,optimal,PASS,"before = gate-only tree, after = gate + equality convexification"
indef_convex_feasible-76027,nonconvex,NOANS,optimal,PASS,"before = gate-only tree, after = gate + equality convexification"
indef_convex_feasible-76028,nonconvex,NOANS,optimal,PASS,"before = gate-only tree, after = gate + equality convexification"
indef_convex_feasible-76029,nonconvex,NOANS,optimal,PASS,"before = gate-only tree, after = gate + equality convexification"
indef_convex_feasible-76030,nonconvex,NOANS,optimal,PASS,"before = gate-only tree, after = gate + equality convexification"
indef_convex_feasible-76031,nonconvex,NOANS,optimal,PASS,"before = gate-only tree, after = gate + equality convexification"
indef_convex_feasible-76032,nonconvex,NOANS,optimal,PASS,"before = gate-only tree, after = gate + equality convexification"
indef_convex_feasible-76033,nonconvex,NOANS,optimal,PASS,"before = gate-only tree, after = gate + equality convexification"
indef_convex_feasible-76034,nonconvex,NOANS,optimal,PASS,"before = gate-only tree, after = gate + equality convexification"
indef_convex_feasible-76035,nonconvex,NOANS,optimal,PASS,"before = gate-only tree, after = gate + equality convexification"
indef_convex_feasible-76036,nonconvex,NOANS,optimal,PASS,"before = gate-only tree, after = gate + equality convexification"
indef_convex_feasible-76037,nonconvex,NOANS,optimal,PASS,"before = gate-only tree, after = gate + equality convexification"
indef_convex_feasible-76038,nonconvex,NOANS,optimal,PASS,"before = gate-only tree, after = gate + equality convexification"
indef_convex_feasible-76039,nonconvex,NOANS,optimal,PASS,"before = gate-only tree, after = gate + equality convexification"
indefinite-75012,nonconvex,PASS,optimal,FAIL_STATUS,"before = gate-only tree, after = gate + equality convexification"
indefinite-75027,nonconvex,PASS,optimal,FAIL_STATUS,"before = gate-only tree, after = gate + equality convexification"
indefinite-75034,nonconvex,PASS,optimal,FAIL_STATUS,"before = gate-only tree, after = gate + equality convexification"
indefinite-75060,nonconvex,PASS,optimal,FAIL_STATUS,"before = gate-only tree, after = gate + equality convexification"
indefinite-75076,nonconvex,PASS,optimal,FAIL_STATUS,"before = gate-only tree, after = gate + equality convexification"
