case,rows,cols,nnz,device,threads,precision,tol,status,objective,highs_objective,objective_rel_error_vs_highs,rel_primal,rel_dual,rel_gap,max_row_violation,iterations,restarts,setup_s,solve_s,total_s,total_s_min,total_s_max,repeats,device_mem_bytes,highs_s,load_avg_1m,chk_objective,chk_row_viol_rel,chk_bound_viol,chk_dual_bound,chk_dual_obj_loose,chk_dual_infeas_rel,chk_dual_gap_rel,chk_dual_sign,chk_row_viol_rel_max_repeats,objective_identical_repeats,chk_error
25fv47,821,1571,10400,gpu,0,fp64,0.0001,near_optimal,5502.38717706,5501.84588829,9.83831213524e-05,6.640016e-05,3.735298e-05,8.116105e-05,0.1660565,12096,17,0.13013,0.115705,0.241527,0.235686,1.675383,3,2097152,0.365412923999,0.8955078125,5502.38717706,0.166056464066,0.0,,5501.49400933,0.0025544183128,0.000162323678608,-1.0,0.166056464066,True,
80bau3b,2262,9799,21002,gpu,0,fp64,0.0001,near_optimal,987090.532422,987224.192409,0.000135389699617,5.48054e-05,2.198994e-05,4.039276e-07,0.1422178,23872,19,0.138966,0.376334,0.515565,0.515015,0.5302,3,2097152,0.289185364,0.984375,987090.532422,0.142217772408,2.27373675443e-13,,987089.734996,0.0176048982394,8.07855210455e-07,-1.0,0.142217772408,True,
adlittle,56,97,383,gpu,0,fp64,0.0001,near_optimal,225405.513115,225494.963162,0.000396683127561,7.861964e-05,2.470649e-05,8.514548e-05,0.2165977,2688,9,0.124864,0.017881,0.14255,0.141149,0.14848,3,2097152,0.00474548399961,0.984375,225405.513115,0.0515130932854,0.0,,225443.900992,0.138153861973,-0.0001703058453,-1.0,0.0515130932854,True,
afiro,27,32,83,gpu,0,fp64,0.0001,near_optimal,-464.771411965,-464.753142857,3.93092724993e-05,2.263298e-05,2.576171e-06,3.947495e-05,0.01436135,256,3,0.128382,0.003652,0.13203,0.131376,0.136149,3,2097152,0.000689468000019,0.984375,-464.771411965,0.0143613513487,0.0,,-464.734680287,1.22118105252e-05,-7.9031707081e-05,-1.0,0.0143613513487,True,
agg,488,163,2410,gpu,0,fp64,0.0001,near_optimal,-35985627.6704,-35991767.2866,0.000170583904736,1.742971e-06,4.902374e-05,7.400503e-05,13.41023,27072,19,0.129638,0.161968,0.291541,0.288958,0.29192,3,2097152,0.0068891610008,0.984375,-35985627.6704,13.4102321786,0.0,,-35990954.2997,0.0269100438555,0.000148021021275,-1.0,13.4102321786,True,
agg2,516,302,4284,gpu,0,fp64,0.0001,near_optimal,-20238064.4625,-20239252.356,5.86925578521e-05,9.04874e-05,2.971501e-05,3.79851e-05,208.1133,11456,14,0.128891,0.08167,0.210561,0.210142,0.212523,3,2097152,0.0120029320005,0.984375,-20238064.4625,74.4807519025,0.0,,-20236527.0311,0.00624969949027,-7.59673131867e-05,-1.0,74.4807519025,True,
agg3,516,302,4300,gpu,0,fp64,0.0001,near_optimal,10314124.9329,10312115.9351,0.000194819164287,7.280947e-05,3.541132e-06,2.017146e-05,130.429,7232,14,0.128797,0.053262,0.181869,0.179708,0.187221,3,2097152,0.0121623389996,0.98583984375,10314124.9329,130.428993118,0.0,,10313708.8393,0.000477623180015,4.03421103744e-05,-1.0,130.428993118,True,
bandm,305,472,2494,gpu,0,fp64,0.0001,near_optimal,-158.626592082,-158.62801845,8.99190758323e-06,7.510402e-05,8.150071e-05,7.811184e-05,0.004627477,12096,16,0.129135,0.075759,0.204968,0.204613,0.207532,3,2097152,0.0135355780003,0.98583984375,-158.626592082,0.00462747667046,0.0,,-158.601734682,0.00263065606072,-0.000156703860244,-1.0,0.00462747667046,True,
beaconfd,173,262,3375,gpu,0,fp64,0.0001,near_optimal,33592.4859655,33592.4858072,4.71327473959e-09,1.088909e-05,1.433794e-05,8.80118e-06,0.03541825,11328,17,0.137109,0.082217,0.219321,0.215598,0.219456,3,2097152,0.0058780090003,0.98583984375,33592.4859655,0.0354182541784,0.0,,33591.8946549,0.00168271113191,1.76024671362e-05,-1.0,0.0354182541784,True,
blend,74,83,491,gpu,0,fp64,0.0001,near_optimal,-30.8075992759,-30.8121498458,0.000147687517363,2.406449e-05,1.255758e-05,6.335431e-06,0.000961696,2304,9,0.133914,0.014898,0.150008,0.144885,0.151748,3,2097152,0.00179518799996,0.98583984375,-30.8075992759,0.000961695994581,0.0,,-30.8079959727,9.60912120146e-05,1.28765892446e-05,-1.0,0.000961695994581,True,
bnl1,643,1175,5121,gpu,0,fp64,0.0001,near_optimal,1976.51217292,1977.62956152,0.000565014108203,2.380001e-05,2.210897e-05,8.721446e-05,0.03351568,6083008,65,0.137078,36.76001,36.899272,36.897135,36.923135,3,2097152,0.0569431800004,2.03125,1976.51217292,0.0335156770983,0.0,,1976.85705108,0.000552444121668,-0.000174488255318,-1.0,0.0335156770983,True,
bnl2,2324,3489,13999,gpu,0,fp64,0.0001,near_optimal,1833.74950675,1811.23654036,0.0124296114217,8.107188e-05,6.164358e-05,4.630066e-05,0.4658981,107264,28,0.138349,1.360372,1.498814,1.495097,1.506778,3,2097152,0.127154403,2.0283203125,1833.74950675,0.465898055819,0.0,,1833.5796607,0.00288572890213,9.26222729068e-05,-1.0,0.465898055819,True,
boeing1,351,384,3485,gpu,0,fp64,0.0001,near_optimal,-335.19323307,-335.213567507,6.06611387433e-05,9.810619e-05,2.882336e-07,2.749538e-05,0.210197,10816,16,0.13166,0.081792,0.213422,0.211677,0.219983,3,2097152,0.0283492689996,2.0283203125,-335.19323307,0.210197001171,1.27897692437e-13,,-335.17477355,1.82555603447e-05,-5.50712793961e-05,-1.0,0.210197001171,True,
boeing2,166,143,1196,gpu,0,fp64,0.0001,near_optimal,-315.617050027,-315.018728015,0.00189932203656,6.059692e-05,9.653645e-05,1.830384e-05,5.846763,2304,9,0.133972,0.014964,0.150052,0.143117,0.154498,3,2097152,0.00585920699996,1.94580078125,-315.617050027,5.84676285719,0.0,,-315.605477926,0.00146652174806,-3.66650056741e-05,-1.0,5.84676285719,True,
bore3d,233,315,1429,gpu,0,fp64,0.0001,near_optimal,1373.08037479,1373.08039421,1.4142855149e-08,9.717916e-05,7.221976e-11,9.460175e-08,7.20503e-05,280896,39,0.132565,1.721221,1.853814,1.849348,1.853864,3,2097152,0.00241426599951,1.9501953125,1373.08037479,7.20502957847e-05,8.38085156829e-12,,1373.08063468,1.84578477364e-08,-1.8927244967e-07,-1.0,7.20502957847e-05,True,
brandy,220,249,2148,gpu,0,fp64,0.0001,near_optimal,1518.50218427,1518.50989649,5.0788081108e-06,7.783616e-05,4.78545e-05,1.709503e-06,0.01703857,16384,18,0.128315,0.099588,0.227928,0.227146,0.240482,3,2097152,0.0103580080004,1.9501953125,1518.50218427,0.0170385659076,0.0,,1518.50737775,7.70771261791e-05,-3.42013744506e-06,-1.0,0.0170385659076,True,
capri,271,353,1767,gpu,0,fp64,0.0001,near_optimal,2660.24043198,2690.01291377,0.0110677839627,3.820251e-05,8.599358e-05,6.099814e-05,0.1556151,122560,36,0.13315,0.688585,0.822407,0.81806,0.837464,3,2097152,0.00798073100032,2.11474609375,2660.24043198,0.0781199907864,2.22044604925e-16,,2660.56505221,0.000162630397639,-0.000122026649144,-1.0,0.0781199907864,True,
cycle,1903,2857,20720,gpu,0,fp64,0.0001,near_optimal,-5.22639322848,-5.22639302489,3.89525204623e-08,4.549631e-05,3.28459e-06,6.639292e-06,3.652095e-05,35072,25,0.139604,0.493648,0.633341,0.629742,0.635874,3,2097152,0.566664339,2.11474609375,-5.22639322848,3.65209482176e-05,0.0,,-5.22646926737,6.21583514749e-06,1.45490189644e-05,-1.0,3.65209482176e-05,True,
czprob,929,3523,10669,gpu,0,fp64,0.0001,near_optimal,2185227.43516,2185196.69886,1.40656919884e-05,4.551001e-05,1.671528e-05,1.817557e-05,0.1288139,6144,14,0.137992,0.059484,0.199547,0.197629,0.201583,3,2097152,0.0668304609999,2.11474609375,2185227.43516,0.128813890001,0.0,,2185148.00108,0.0175750540832,3.63504845236e-05,-1.0,0.128813890001,True,
d2q06c,2171,5167,32417,gpu,0,fp64,0.0001,near_optimal,122780.73953,122784.210814,2.82714184486e-05,4.655713e-05,9.892361e-05,2.717217e-05,0.3891344,52992,24,0.141836,0.941309,1.083283,1.083058,1.08821,3,2097152,1.360990727,2.025390625,122780.73953,0.389134386456,0.0,,122787.412177,0.0201106347101,-5.43460369474e-05,-1.0,0.389134386456,True,
d6cube,415,6184,37704,gpu,0,fp64,0.0001,near_optimal,315.251004056,315.491666667,0.000762817645961,6.923345e-05,8.482693e-05,9.902892e-05,0.8183593,3520,9,0.144621,0.079921,0.224109,0.222214,0.226518,3,2097152,0.236447462999,2.025390625,315.251004056,0.268636383103,0.0,,315.313547209,0.00181349378913,-0.000198391605816,-1.0,0.268636383103,True,
degen2,444,534,3978,gpu,0,fp64,0.0001,near_optimal,-1435.19463959,-1435.178,1.15940971173e-05,8.181118e-05,4.046915e-05,1.638981e-05,0.002057297,1920,10,0.133821,0.016222,0.150053,0.147492,0.156685,3,2097152,0.031280956,2.025390625,-1435.19463959,0.00151374427197,0.0,,-1435.14757884,0.0013342707841,-3.27905051961e-05,-1.0,0.00151374427197,True,
degen3,1503,1818,24646,gpu,0,fp64,0.0001,near_optimal,-987.28240749,-987.294,1.17417005292e-05,9.892584e-05,9.234881e-06,5.011874e-06,0.006112123,11392,16,0.148316,0.217707,0.366524,0.357501,0.36678,3,2097152,0.400608755,2.103515625,-987.28240749,0.00611212306955,0.0,,-987.292308821,0.000273606419988,1.00288743899e-05,-1.0,0.00611212306955,True,
dfl001,6071,12230,35632,gpu,0,fp64,0.0001,near_optimal,11266815.0264,11266396.0467,3.71884426276e-05,5.944707e-05,9.410038e-08,7.663337e-05,0.02115615,15296,19,0.150556,0.321398,0.472454,0.472222,0.484918,3,4194304,11.557574902,2.103515625,11266815.0264,0.00599720714002,0.0,,11268541.9869,4.21588109391,-0.000153278498077,-1.0,0.00599720714002,True,
e226,223,282,2578,gpu,0,fp64,0.0001,near_optimal,-11.6430252899,-11.6389290664,0.000351941616746,8.615474e-05,2.897289e-06,9.83386e-05,0.004952555,18048,17,0.135346,0.10615,0.241525,0.238034,0.248892,3,2097152,0.0167532119995,2.103515625,-11.6430252899,0.00212017606241,0.0,,-11.6392384409,9.089958575e-05,-0.00032524613151,-1.0,0.00212017606241,True,
etamacro,400,688,2409,gpu,0,fp64,0.0001,near_optimal,-754.490627763,-755.715233301,0.0016204589819,3.99699e-05,3.206408e-05,8.757197e-07,0.09546323,3264,9,0.134206,0.021778,0.15618,0.154964,0.156797,3,2097152,0.0202525019995,2.103515625,-754.490627763,0.090058807614,1.7763568394e-15,,-754.489305444,0.0397669187972,-1.75259853627e-06,-1.0,0.090058807614,True,
fffff800,524,854,6227,gpu,0,fp64,0.0001,near_optimal,555640.506223,555679.564817,7.02897810817e-05,8.095016e-06,9.969559e-05,1.131359e-05,1.460949,255040,39,0.135067,1.902348,2.042104,2.035973,2.048806,3,2097152,0.0243102130007,2.00732421875,555640.506223,1.22747955552,0.0,,555653.078955,0.000353376080777,-2.26274580793e-05,-1.0,1.22747955552,True,
finnis,497,614,2310,gpu,0,fp64,0.0001,near_optimal,172936.078758,172791.065596,0.000839239933506,2.721536e-05,1.638589e-05,6.845198e-05,0.1506864,9152,16,0.134385,0.054388,0.188858,0.185794,0.188956,3,2097152,0.011768327,2.00732421875,172936.078758,0.0392617005793,1.13686837722e-13,,172912.404676,0.0885813225587,0.000136894987137,-1.0,0.0392617005793,True,
fit1d,24,1026,13404,gpu,0,fp64,0.0001,near_optimal,-9146.37810818,-9146.37809242,1.72254854907e-09,7.949714e-05,0.0,3.688097e-09,6.988893e-05,54912,26,0.137763,0.471392,0.608843,0.607444,0.618101,3,2097152,0.0280813619993,2.00732421875,-9146.37810818,6.98889266664e-05,4.4408920985e-16,-9146.37817565,-9146.37817565,0.0,7.37659642441e-09,-1.0,6.98889266664e-05,True,
fit1p,627,1677,9868,gpu,0,fp64,0.0001,near_optimal,9146.37573591,9146.37809242,2.57643708925e-07,4.264145e-05,6.345448e-05,1.443363e-05,0.01939039,5440,13,0.134138,0.062074,0.196263,0.195479,0.204572,3,2097152,0.100416282,2.00634765625,9146.37573591,0.00131301291409,0.0,,9146.11169453,0.00237440456345,2.88684164098e-05,-1.0,0.00131301291409,True,
fit2d,25,10500,129018,gpu,0,fp64,0.0001,near_optimal,-68464.2930119,-68464.2932938,4.11730228528e-09,9.808252e-05,0.0,2.091739e-09,5.920289e-05,89088,25,0.18497,3.732202,3.918269,3.913872,3.924412,3,6291456,0.189833579,1.9248046875,-68464.2930119,5.92028884796e-05,0.0,-68464.2932984,-68464.2932984,0.0,4.18350808951e-09,-1.0,5.92028884796e-05,True,
fit2p,3000,13525,50284,gpu,0,fp64,0.0001,near_optimal,68464.2924687,68464.2932938,1.20527228519e-08,1.687607e-06,8.629799e-05,1.058568e-06,0.002367653,12160,15,0.154681,0.809173,0.964232,0.962585,0.964999,3,4194304,2.967051439,2.09130859375,68464.2924687,0.00236765325019,7.23332505004e-12,,68464.1475196,0.0302923656224,2.11714832406e-06,-1.0,0.00236765325019,True,
forplan,161,421,4563,gpu,0,fp64,0.0001,near_optimal,-696.241736429,-664.218961272,0.0482111728577,2.818417e-06,1.498992e-07,9.046781e-05,11.85445,25408,24,0.129268,0.148801,0.278149,0.27618,0.278692,3,2097152,0.0162927840001,2.09130859375,-696.241736429,11.8544468065,0.0,,-696.115682434,5.83080464624e-07,-0.000181049180461,-1.0,11.8544468065,True,
ganges,1309,1681,6912,gpu,0,fp64,0.0001,near_optimal,-111624.256865,-109585.736129,0.0186020627092,8.670677e-05,1.44903e-05,8.375238e-05,5.880045,3584,9,0.135053,0.036422,0.171532,0.164027,0.177009,3,2097152,0.0345731029993,2.09130859375,-111624.256865,5.87178800723,7.09405867383e-11,,-111605.560752,2.85477704243e-05,-0.000167491489744,-1.0,5.87178800723,True,
gfrd-pnc,616,1092,2377,gpu,0,fp64,0.0001,near_optimal,6902237.51592,6902235.99955,2.19692921953e-07,9.806754e-05,5.575577e-10,1.017775e-06,0.361661,67136,26,0.13014,0.370821,0.49925,0.467132,0.506124,3,2097152,0.0170280870007,2.16455078125,6902237.51592,0.361660990368,1.99840144433e-14,,6902223.46608,9.44400918837e-05,2.03554868832e-06,-1.0,0.361660990368,True,
greenbea,2392,5405,30877,gpu,0,fp64,0.0001,time_limit (iterations differ across repeats),-72462415.6899,-72555248.1298,0.00127947243408,0.002345432,6.587838e-06,1.692564e-06,0.001822791,3386688,54,0.14513,59.855554,60.000831,60.000821,60.001152,3,2097152,0.337722525999,2.14501953125,-72462415.6899,0.00182279050614,6.68896973366e-08,,-72462660.9848,0.0064744617925,3.38513303505e-06,-1.0,0.00182279100477,False,
greenbeb,2392,5405,30877,gpu,0,fp64,0.0001,near_optimal,-4302208.34205,-4302260.26121,1.20678781625e-05,9.680323e-05,5.650501e-05,4.662279e-06,5.841338e-05,724096,35,0.141941,12.776428,12.921038,12.914533,12.960161,3,2097152,0.294741353999,1.8818359375,-4302208.34205,5.84133770758e-05,9.06402419787e-09,,-4302248.45844,0.0303428928431,9.32460347747e-06,-1.0,5.84133770758e-05,True,
grow15,300,645,5620,gpu,0,fp64,0.0001,near_optimal,-106870941.271,-106870941.294,2.09850757183e-10,7.461757e-05,3.449099e-12,4.705991e-10,2.577667e-05,37440,24,0.139241,0.245422,0.384692,0.37606,0.38641,3,2097152,0.0982885100002,1.8818359375,-106870941.271,2.57766728282e-05,2.98314262182e-10,,-106870941.372,9.62038735079e-11,9.41197545942e-10,-1.0,2.57766728282e-05,True,
grow22,440,946,8252,gpu,0,fp64,0.0001,near_optimal,-160834336.459,-160834336.483,1.47836323936e-10,5.756684e-05,1.15883e-07,3.201764e-08,1.258234e-05,9152,20,0.148316,0.078075,0.226818,0.222802,0.232098,3,2097152,0.238518748001,1.8818359375,-160834336.459,1.25823389681e-05,0.0,,-373921348.949,1.40309049822e-09,1.32488507853,1.0,1.25823389681e-05,True,
grow7,140,301,2612,gpu,0,fp64,0.0001,near_optimal,-47787811.801,-47787811.8147,2.86866723996e-10,7.207404e-05,9.637077e-10,3.181866e-10,2.818409e-05,5632,18,0.145556,0.03466,0.180731,0.173925,0.18599,3,2097152,0.0284487959998,1.8818359375,-47787811.801,2.81840871139e-05,2.47382558882e-10,,-114842929.219,2.0177267863e-10,1.40318451276,1.0,2.81840871139e-05,True,
israel,174,142,2269,gpu,0,fp64,0.0001,near_optimal,-896558.142658,-896644.821863,9.66706130361e-05,7.773087e-05,3.308423e-05,6.80145e-05,53.43398,4096,12,0.137761,0.031414,0.169128,0.166922,0.175014,3,2097152,0.00710111599983,1.8818359375,-896558.142658,23.1938440768,0.0,,-896680.108926,0.011096479072,0.000136038324455,-1.0,23.1938440768,True,
kb2,43,41,286,gpu,0,fp64,0.0001,near_optimal,-1749.90014687,-1749.90012991,9.69169246598e-09,9.692223e-05,5.854861e-07,9.668238e-08,8.347737e-05,24192,20,0.143125,0.121601,0.26475,0.254278,0.266866,3,2097152,0.000851212000271,1.8916015625,-1749.90014687,8.34773700262e-05,0.0,,-1749.90048533,1.1569140485e-05,1.93420032194e-07,-1.0,8.34773700262e-05,True,
lotfi,153,308,1078,gpu,0,fp64,0.0001,near_optimal,-25.2252947821,-25.2647060619,0.00155993423011,2.248508e-06,1.186684e-05,2.085463e-06,0.06167743,106048,25,0.139324,0.643223,0.782587,0.777319,0.789829,3,2097152,0.00390250700002,1.8916015625,-25.2252947821,0.0616774324405,0.0,,-25.2254020806,4.48197764793e-05,4.25360875205e-06,-1.0,0.0616774324405,True,
maros-r7,3136,9408,144848,gpu,0,fp64,0.0001,near_optimal,1497136.91967,1497185.16648,3.22250116678e-05,4.389098e-05,7.044337e-05,6.699294e-06,5.874095,1024,5,0.198831,0.050328,0.249096,0.248235,0.256333,3,6291456,1.18237566,1.8916015625,1497136.91967,0.100046462455,0.0,,1497156.97933,0.00173301749822,-1.33986830247e-05,-1.0,0.100046462455,True,
maros,846,1443,9614,gpu,0,fp64,0.0001,near_optimal,-58063.3530011,-58063.7437011,6.72881231071e-06,6.274753e-07,9.995517e-05,3.14571e-05,0.0008743132,121536,35,0.143253,1.025575,1.170762,1.166345,1.170963,3,2097152,0.093329755,1.81982421875,-58063.3530011,0.000874313248005,1.06865627458e-10,,-58059.7000751,0.0155621791073,-6.29127629659e-05,-1.0,0.000874313248005,True,
modszk1,687,1620,3168,gpu,0,fp64,0.0001,near_optimal,320.619728374,320.619729064,2.15282832063e-09,1.071685e-13,3.038932e-10,7.359867e-05,1.914412e-08,128256,29,0.140467,0.809996,0.947321,0.945354,0.955675,3,2097152,0.0311508670002,1.91455078125,320.619728374,1.91441245079e-08,0.0,,320.572463882,1.53576055706e-06,0.000147416043153,-1.0,1.91441245079e-08,True,
nesm,662,2923,13288,gpu,0,fp64,0.0001,near_optimal,14062407.2881,14076036.4876,0.000968255478978,9.354209e-05,9.356952e-05,7.505533e-05,0.6850221,5376,11,0.142067,0.066944,0.209163,0.207081,0.215864,3,2097152,0.330094241999,1.91455078125,14062407.2881,0.685022125263,1.13686837722e-13,,14060296.5293,0.214298018007,0.000150099396836,-1.0,0.685022125263,True,
perold,625,1376,6018,gpu,0,fp64,0.0001,near_optimal,-9370.20238673,-9380.75527824,0.00112495115685,8.456443e-05,9.973194e-05,7.14966e-05,4.419144,4039360,67,0.14466,27.586353,27.718747,27.718295,27.73564,3,2097152,0.143105070001,1.73974609375,-9370.20238673,4.41914392473,3.35057848133e-09,,-9371.54242918,0.000200755944437,0.000143011046773,-1.0,4.41914392473,True,
pilot.ja,940,1988,14698,gpu,0,fp64,0.0001,time_limit (iterations differ across repeats),-6101.25479319,-6113.13646558,0.0019436295024,2.210708e-05,0.0003106517,0.007753406,2.35918,6538048,57,0.138744,59.861565,60.000515,60.000281,60.000648,3,2097152,0.140358043,1.1650390625,-6101.25479319,2.35918010694,3.63797880709e-12,,-6196.61290367,0.000486673129624,0.0156292621282,-1.0,2.35918010694,False,
pilot,1441,3652,43167,gpu,0,fp64,0.0001,near_optimal,-558.581067963,-557.489729274,0.00195759425106,9.899303e-05,2.956542e-05,1.405954e-05,0.3874817,97088,32,0.149373,2.174657,2.32634,2.320715,2.328156,3,2097152,0.693865698,1.23193359375,-558.581067963,0.24955594873,6.76436684444e-11,,-558.596789025,1.84061456801e-05,2.81446376468e-05,-1.0,0.24955594873,True,
pilot.we,722,2789,9126,gpu,0,fp64,0.0001,near_optimal,-2721298.87535,-2720107.53284,0.000437976253916,7.355876e-05,2.529888e-05,1.387262e-05,0.7017917,201472,28,0.138635,1.601324,1.739794,1.734032,1.746828,3,2097152,0.0928779860005,1.212890625,-2721298.87535,0.701791681688,5.55111512313e-17,,-2721374.37953,6.09348086167,2.77456395581e-05,-1.0,0.701791681688,True,
pilot4,410,1000,5141,gpu,0,fp64,0.0001,near_optimal,-2581.74251499,-2581.13925888,0.000233716992965,3.98914e-06,9.823779e-05,7.586086e-05,0.2563066,3796736,59,0.134081,26.059226,26.193044,26.18046,26.193339,3,2097152,0.0667419720012,1.6044921875,-2581.74251499,0.256306620594,9.09494701773e-13,,-2582.13432698,0.000124176886188,0.000151762614783,-1.0,0.256306620594,True,
pilot87,2030,4883,73152,gpu,0,fp64,0.0001,near_optimal,301.720941547,301.710347333,3.51138579893e-05,9.416065e-05,7.173438e-06,1.169305e-06,0.4982888,53120,24,0.161178,1.598591,1.759948,1.752288,1.767537,3,4194304,5.176461382,1.5556640625,301.720941547,0.228414760846,2.84217094304e-14,,301.721648325,4.21367895723e-05,-2.34248895438e-06,-1.0,0.228414760846,True,
pilotnov,975,2172,13057,gpu,0,fp64,0.0001,near_optimal,-4497.27618114,-4497.27618822,1.57387321132e-09,6.782101e-05,2.79284e-06,5.452395e-08,4.839572,22720,27,0.138728,0.251805,0.390318,0.389476,0.399625,3,2097152,0.100998570999,1.5556640625,-4497.27618114,4.83957228107,5.68434188608e-14,,-4497.27667161,5.31444904991e-06,1.09060039034e-07,-1.0,4.83957228107,True,
recipe,91,180,663,gpu,0,fp64,0.0001,near_optimal,-266.616306682,-266.616,1.15027444437e-06,5.041419e-05,0.0,5.713462e-07,2.028208e-05,1728,9,0.134009,0.013102,0.147177,0.142553,0.152142,3,2097152,0.000804822000646,1.5107421875,-266.616306682,2.02820840407e-05,7.1054273576e-14,-1449.0387922,-1449.0387922,0.0,4.43492185543,1.0,2.02820840407e-05,True,
sc105,105,103,280,gpu,0,fp64,0.0001,near_optimal,-52.2008158751,-52.2020612117,2.38560806104e-05,1.105259e-05,1.388763e-07,2.787154e-05,0.002714846,3200,11,0.132377,0.019823,0.152217,0.152089,0.158133,3,2097152,0.000648879999062,1.5107421875,-52.2008158751,0.0027148464893,0.0,,-52.203753663,2.44932324399e-07,5.62785817232e-05,-1.0,0.0027148464893,True,
sc205,205,203,551,gpu,0,fp64,0.0001,near_optimal,-52.2027697914,-52.2020612117,1.3573788298e-05,1.848467e-05,1.546998e-08,7.551153e-05,0.00557868,13440,13,0.132596,0.072928,0.205543,0.204874,0.206293,3,2097152,0.00120476300071,1.5107421875,-52.2027697914,0.00557868004269,0.0,,-52.210729726,2.06174274188e-08,0.000152481076568,-1.0,0.00557868004269,True,
sc50a,50,48,130,gpu,0,fp64,0.0001,near_optimal,-64.568499869,-64.5750770586,0.000101853375147,1.558871e-05,5.512602e-06,7.823243e-05,0.003906743,768,6,0.134663,0.007263,0.14194,0.137877,0.147582,3,2097152,0.000408212999901,1.5107421875,-64.568499869,0.00390674271826,0.0,,-64.5786815991,4.53734973049e-06,0.00015768881202,-1.0,0.00390674271826,True,
sc50b,50,48,118,gpu,0,fp64,0.0001,near_optimal,-70.0165126998,-70.0,0.000235895710924,4.505309e-05,7.480597e-05,2.965122e-05,0.01305648,1088,7,0.133905,0.007765,0.141716,0.139533,0.143696,3,2097152,0.000445472000138,1.5107421875,-70.0165126998,0.013056482667,0.0,,-70.0123310225,6.12513743069e-05,-5.97241585197e-05,-1.0,0.013056482667,True,
scagr25,471,500,1554,gpu,0,fp64,0.0001,near_optimal,-14754986.3603,-14753433.0608,0.000105283940266,7.069733e-06,8.761402e-05,7.07825e-05,0.07961479,8384,13,0.133276,0.052068,0.187532,0.185209,0.188021,3,2097152,0.00394260100074,1.5107421875,-14754986.3603,0.0796147947991,0.0,,-14752897.7184,0.104497988086,-0.000141554990862,-1.0,0.0796147947991,True,
scagr7,129,140,420,gpu,0,fp64,0.0001,near_optimal,-2330651.54271,-2331389.82433,0.000316670175829,4.341769e-06,2.542795e-05,9.545489e-05,0.03110527,8064,13,0.13474,0.047703,0.182723,0.178899,0.18307,3,2097152,0.00113819500075,1.4697265625,-2330651.54271,0.0308410310539,0.0,,-2331096.52944,0.015831422399,0.00019092804005,-1.0,0.0308410310539,True,
scfxm1,330,457,2589,gpu,0,fp64,0.0001,near_optimal,18417.7924434,18416.7590283,5.61127551418e-05,7.782089e-05,8.75251e-05,1.495047e-05,0.2248184,9088,13,0.137003,0.05536,0.19239,0.18876,0.193196,3,2097152,0.00484137399872,1.4697265625,18417.7924434,0.224818422801,0.0,,18417.2417275,0.00302163172523,2.99012973784e-05,-1.0,0.224818422801,True,
scfxm2,660,914,5183,gpu,0,fp64,0.0001,near_optimal,36664.0175327,36660.261565,0.000102453379387,8.154146e-05,7.22682e-05,5.369975e-05,0.4338759,12224,16,0.141339,0.089182,0.230552,0.225318,0.230933,3,2097152,0.0115242789998,1.4697265625,36664.0175327,0.433875929691,0.0,,36660.079993,0.00266947087534,0.000107395204729,-1.0,0.433875929691,True,
scfxm3,990,1371,7777,gpu,0,fp64,0.0001,near_optimal,54901.5074741,54901.2545498,4.60689607983e-06,4.127974e-05,8.763605e-05,5.554592e-06,0.1855978,29568,19,0.141701,0.225917,0.368846,0.366028,0.379865,3,2097152,0.0185019620003,1.4697265625,54901.5074741,0.185597838116,0.0,,54902.117394,0.00275809153285,-1.11093470115e-05,-1.0,0.185597838116,True,
scorpion,388,358,1426,gpu,0,fp64,0.0001,near_optimal,1877.94559507,1878.12482274,9.54290485087e-05,9.804562e-05,7.676234e-05,1.547701e-05,0.0002542033,6016,13,0.135485,0.037887,0.173401,0.172811,0.173606,3,2097152,0.0016001590011,1.4697265625,1877.94559507,0.00025420329399,0.0,,1878.00374141,0.0275342837251,-3.09627371116e-05,-1.0,0.00025420329399,True,
scrs8,490,1169,3182,gpu,0,fp64,0.0001,near_optimal,904.476272104,904.296953801,0.00019829581685,5.021262e-05,6.711021e-08,9.860271e-05,0.003583527,89600,30,0.133937,0.477167,0.611141,0.610498,0.618016,3,2097152,0.00520922899887,1.431640625,904.476272104,0.00358352730214,0.0,,904.297823475,0.000135739512199,0.000197294981065,-1.0,0.00358352730214,True,
scsd1,77,760,2388,gpu,0,fp64,0.0001,near_optimal,8.66635900546,8.66666667433,3.55002549117e-05,1.627567e-05,5.489322e-06,5.744599e-06,1.479626e-05,1472,7,0.136802,0.011609,0.148439,0.14842,0.148558,3,2097152,0.00143658799971,1.431640625,8.66635900546,1.47962608242e-05,0.0,,-8.66646432018,0.000103551152339,2.00001215213,1.0,1.47962608242e-05,True,
scsd6,147,1350,4316,gpu,0,fp64,0.0001,near_optimal,50.5021715136,50.5000000783,4.29987195969e-05,9.744168e-05,8.167626e-05,2.285627e-05,0.0001094133,4608,13,0.137587,0.027185,0.164815,0.162337,0.170292,3,2097152,0.00446764899971,1.431640625,50.5021715136,0.000109413312375,0.0,,-50.4998401286,0.000750958986255,1.99995383594,1.0,0.000109413312375,True,
scsd8,397,2750,8584,gpu,0,fp64,0.0001,near_optimal,904.991330307,904.999999925,9.57968937792e-06,9.613971e-05,9.091278e-05,2.10158e-06,0.0002291435,24960,23,0.145143,0.198804,0.344016,0.33656,0.344724,3,2097152,0.0257144669995,1.431640625,904.991330307,0.000229143512111,0.0,,-904.987524389,0.00134620918783,1.99999579453,1.0,0.000229143512111,True,
sctap1,300,480,1692,gpu,0,fp64,0.0001,near_optimal,1412.38515263,1412.25,9.57002152725e-05,1.917309e-06,3.730094e-05,4.979779e-05,9.245864e-05,2304,9,0.13845,0.017752,0.154726,0.153158,0.157264,3,2097152,0.00336442300068,1.4775390625,1412.38515263,4.62293213169e-05,0.0,,1412.24444251,0.000203445717551,9.96258807491e-05,-1.0,4.62293213169e-05,True,
sctap2,1090,1880,6714,gpu,0,fp64,0.0001,near_optimal,1724.79894113,1724.80714286,4.75515822366e-06,9.357597e-05,5.077412e-05,2.271395e-06,0.007988512,960,5,0.138673,0.010968,0.149708,0.148585,0.152789,3,2097152,0.00714855099977,1.4775390625,1724.79894113,0.000726228330407,0.0,,1724.79110347,0.00196460235304,4.54409706235e-06,-1.0,0.000726228330407,True,
sctap3,1480,2480,8874,gpu,0,fp64,0.0001,near_optimal,1424.01700654,1424.0,1.19427955255e-05,2.556423e-05,2.791273e-05,7.612951e-08,0.001055872,768,7,0.140348,0.010451,0.150857,0.145839,0.152992,3,2097152,0.0093076230005,1.4775390625,1424.01700654,0.00105587238258,0.0,,1424.01722344,0.000701961011114,-1.52312503316e-07,-1.0,0.00105587238258,True,
seba,515,1028,4352,gpu,0,fp64,0.0001,near_optimal,15711.564009,15711.6,2.29072975897e-06,2.384992e-05,9.524925e-09,7.640376e-07,0.002069497,7424,16,0.142718,0.068115,0.210867,0.20813,0.21291,3,2097152,0.00228856900139,1.4775390625,15711.564009,0.0020694973523,1.06581410364e-14,,15711.5880182,6.746544698e-06,-1.52812499575e-06,-1.0,0.0020694973523,True,
share1b,117,225,1151,gpu,0,fp64,0.0001,near_optimal,-76586.6555999,-76589.3185792,3.47695914369e-05,9.756975e-05,1.382324e-05,3.439202e-06,0.4234142,26368,18,0.134495,0.149406,0.283898,0.283542,0.288244,3,2097152,0.00190753300012,1.4775390625,-76586.6555999,0.423371868708,0.0,,-76586.1288043,0.00179396867691,-6.87842568463e-06,-1.0,0.423371868708,True,
share2b,96,79,694,gpu,0,fp64,0.0001,near_optimal,-415.650746036,-415.732240741,0.000196026908223,3.374383e-05,2.966171e-06,9.70963e-05,0.001330364,70208,26,0.13133,0.392852,0.52436,0.523543,0.529932,3,2097152,0.00108716200157,1.51953125,-415.650746036,0.00133036361764,0.0,,-415.731567281,1.34652913561e-05,0.000194445087953,-1.0,0.00133036361764,True,
shell,536,1775,3556,gpu,0,fp64,0.0001,near_optimal,1208838091.3,1208825346.0,1.05435428929e-05,9.421638e-05,3.250794e-05,2.658168e-05,3.996567,8896,14,0.135612,0.074037,0.209606,0.208985,0.213859,3,2097152,0.00692937399981,1.51953125,1208838091.3,3.9965670721,5.20958565176e-09,,1208773827.12,0.167927434483,5.31619390484e-05,-1.0,3.9965670721,True,
ship04l,402,2118,6332,gpu,0,fp64,0.0001,near_optimal,1793293.99801,1793324.53797,1.70298027964e-05,8.012332e-05,6.986923e-07,8.183723e-06,0.01021865,7232,14,0.139954,0.0571,0.199416,0.19138,0.199583,3,2097152,0.00435478100007,1.51953125,1793293.99801,0.0098102291425,0.0,,1793323.3499,2.79016334491e-05,-1.63675846342e-05,-1.0,0.0098102291425,True,
ship04s,402,1458,4352,gpu,0,fp64,0.0001,near_optimal,1798853.15492,1798714.70045,7.69741140548e-05,7.004868e-05,6.05085e-05,1.875453e-05,0.004038179,8256,15,0.139768,0.066426,0.204539,0.201735,0.206227,3,2097152,0.0030801569992,1.51953125,1798853.15492,0.00403817892541,0.0,,1798785.68287,0.00115046675634,3.75083668277e-05,-1.0,0.00403817892541,True,
ship08l,778,4283,12802,gpu,0,fp64,0.0001,near_optimal,1909457.43901,1909055.21139,0.000210694598035,4.590371e-05,7.97113e-05,9.546294e-05,0.002186752,6592,12,0.141743,0.090477,0.232265,0.229504,0.240505,3,2097152,0.00995418300045,1.51953125,1909457.43901,0.00204874022495,0.0,,1909092.90888,0.0073356047651,0.000190907701164,-1.0,0.00204874022495,True,
ship08s,778,2387,7114,gpu,0,fp64,0.0001,near_optimal,1920432.52845,1920098.21053,0.000174115005559,5.310784e-05,6.761077e-05,7.667396e-05,0.002609868,5440,13,0.144798,0.058279,0.203099,0.19643,0.20581,3,2097152,0.0054688909986,1.55810546875,1920432.52845,0.00241819503222,0.0,,1920138.05661,0.0049261693514,0.000153336207243,-1.0,0.00241819503222,True,
ship12l,1151,5427,16170,gpu,0,fp64,0.0001,near_optimal,1470007.76154,1470187.91933,0.000122540651754,9.45128e-05,2.416432e-07,6.133358e-05,0.002254823,18880,17,0.145954,0.234223,0.380675,0.379974,0.383949,3,2097152,0.0143196480003,1.55810546875,1470007.76154,0.00220918055062,0.0,,1470188.09435,7.49975660586e-06,-0.000122674730369,-1.0,0.00220918055062,True,
ship12s,1151,2763,8178,gpu,0,fp64,0.0001,near_optimal,1489201.41933,1489236.13441,2.3310661938e-05,4.417248e-05,4.76305e-05,4.431767e-06,0.001344775,23488,20,0.145355,0.190266,0.337978,0.323933,0.34085,3,2097152,0.0062962739994,1.55810546875,1489201.41933,0.00119938332077,0.0,,1489188.21979,0.0014288255413,8.86349780486e-06,-1.0,0.00119938332077,True,
sierra,1227,2036,7302,gpu,0,fp64,0.0001,near_optimal,15383798.6367,15394362.1836,0.000686195814969,5.577462e-05,0.0,7.499321e-05,1.858688,8960,16,0.142087,0.07118,0.21196,0.208595,0.213765,3,2097152,0.00786643299944,1.55810546875,15383798.6367,1.85868758265,0.0,15386106.1708,15386106.1708,0.0,-0.000149997676061,-1.0,1.85868758265,True,
stair,356,467,3856,gpu,0,fp64,0.0001,near_optimal,-251.280198162,-251.266951193,5.27206962242e-05,6.43002e-06,1.962417e-05,9.729551e-05,0.0007847818,65536,24,0.143784,0.425762,0.569912,0.565846,0.573196,3,2097152,0.00821941499999,1.51318359375,-251.280198162,0.000715389016366,4.0017766878e-11,,-251.231208762,1.63278056582e-05,-0.000194959254217,-1.0,0.000715389016366,True,
standata,359,1075,3031,gpu,0,fp64,0.0001,near_optimal,1257.49319029,1257.6995,0.000164037364033,4.973019e-05,1.284339e-08,3.492486e-05,0.1292428,2048,9,0.140838,0.020354,0.16122,0.155925,0.165274,3,2097152,0.00233946500157,1.51318359375,1257.49319029,0.129242801176,3.33066907388e-15,,1257.58106383,2.23630615137e-06,-6.98799368524e-05,-1.0,0.129242801176,True,
standgub,361,1184,3139,gpu,0,fp64,0.0001,near_optimal,1257.68263209,1257.6995,1.34117139363e-05,4.774827e-06,2.00357e-06,7.370596e-05,0.01240802,2624,10,0.135782,0.022513,0.15828,0.155635,0.161407,3,2097152,0.00236932899861,1.51318359375,1257.68263209,0.012408015555,5.99520433298e-15,,1257.86811689,9.07749726933e-05,-0.000147481398514,-1.0,0.012408015555,True,
standmps,467,1075,3679,gpu,0,fp64,0.0001,near_optimal,1404.88314863,1406.0175,0.000806783248185,3.912816e-05,6.5357e-05,7.124477e-05,0.09833993,2432,8,0.133161,0.028751,0.16194,0.160458,0.167895,3,2097152,0.00285741100015,1.51318359375,1404.88314863,0.0983399303923,6.2172489379e-15,,1405.0834153,0.0049697973866,-0.000142550407209,-1.0,0.0983399303923,True,
stocfor1,117,111,447,gpu,0,fp64,0.0001,near_optimal,-41128.3376548,-41131.9762194,8.84607296714e-05,4.367681e-05,5.980133e-05,7.689787e-05,0.00111119,14464,15,0.133784,0.076,0.209709,0.20656,0.212451,3,2097152,0.000909940999918,1.51318359375,-41128.3376548,0.00111119018629,0.0,,-41134.6635811,0.052275274529,0.000153809434032,-1.0,0.00111119018629,True,
stocfor2,2157,2031,8343,gpu,0,fp64,0.0001,near_optimal,-39024.8725063,-39024.4085379,1.18891858536e-05,9.936374e-05,1.659317e-05,6.824161e-06,0.003004409,113920,30,0.139762,0.846986,0.986942,0.985688,1.015186,3,2097152,0.0156511819987,1.4716796875,-39024.8725063,0.00300440915453,0.0,,-39024.3398791,0.00190883785411,-1.36484036377e-05,-1.0,0.00300440915453,True,
truss,1000,8806,27836,gpu,0,fp64,0.0001,near_optimal,458894.839188,458815.847186,0.000172164938653,3.53317e-05,2.026155e-07,9.499942e-05,0.0005691937,56512,20,0.145858,0.85023,0.996217,0.994313,1.004217,3,2097152,1.966948283,1.43359375,458894.839188,0.000569193702966,0.0,,-458807.657891,1.42897401856e-05,1.99981001901,1.0,0.000569193702966,True,
tuff,333,587,4520,gpu,0,fp64,0.0001,near_optimal,0.292147646189,0.292147765094,1.18904766755e-07,6.639743e-05,7.162017e-09,2.980306e-07,3.126448e-05,100096,33,0.137054,0.646577,0.783672,0.775145,0.807729,3,2097152,0.00448278699878,1.43359375,0.292147646189,3.12644772293e-05,1.70530256582e-10,,0.292148118357,3.05740469438e-09,-4.72168644405e-07,-1.0,3.12644772293e-05,True,
vtp.base,198,203,908,gpu,0,fp64,0.0001,near_optimal,129826.773002,129831.462461,3.61195913384e-05,1.376103e-06,7.191527e-05,2.078343e-05,0.01641765,79808,24,0.138822,0.441148,0.579995,0.57649,0.583353,3,2097152,0.000761683999372,1.3984375,129826.773002,0.0164176485002,1.42108547152e-14,,129832.169625,0.00023510511701,-4.15678780579e-05,-1.0,0.0164176485002,True,
wood1p,244,2594,70215,gpu,0,fp64,0.0001,near_optimal,1.44298934781,1.44290241157,6.02509463423e-05,3.364562e-05,9.395501e-05,7.988321e-05,5.817414e-05,26240,22,0.162763,0.520185,0.682687,0.678563,0.690967,3,2097152,0.0401910319997,1.3984375,1.44298934781,5.81741355016e-05,0.0,,1.44267894814,0.000175571064713,0.000215108772141,-1.0,5.81741355016e-05,True,
woodw,1098,8405,37474,gpu,0,fp64,0.0001,near_optimal,1.30447753685,1.30447633308,9.22793288507e-07,7.600395e-05,2.430282e-06,3.638127e-07,8.970115e-05,30912,25,0.15235,0.678427,0.831071,0.830598,0.833122,3,2097152,0.0419071350007,1.44677734375,1.30447753685,8.9701148859e-05,0.0,,1.30447622386,6.58947895688e-06,1.00652027638e-06,-1.0,8.9701148859e-05,True,
